transaction_id,customer_id,product_id,transaction_date,amount,quantity
TXN000001,CUST00589,PROD0063,2026-02-24 16:17:25,4706.06,10
TXN000002,CUST00356,PROD0088,2026-02-05 05:29:07,-325.9,8
TXN000003,CUST00266,PROD0034,2026-02-22 08:30:39,226.07,3
TXN000004,CUST00287,PROD0074,2026-02-25 18:43:14,407.29,5
TXN000005,CUST00757,PROD0002,2026-02-24 13:31:08,100.8,9
TXN000006,CUST00049,PROD0089,2026-02-24 01:13:52,481.59,2
TXN000007,CUST00264,PROD0053,2026-02-26 11:55:43,52.96,4
TXN000008,CUST00333,PROD0063,2026-02-05 23:28:56,4440.01,10
TXN000009,CUST00346,PROD0079,2026-02-11 12:54:58,152667.1,3
TXN000010,CUST00405,PROD0057,2026-02-05 11:47:37,1120.79,8
TXN000011,CUST00964,PROD0096,2026-02-27 06:10:25,64.83,2
TXN000012,CUST00086,PROD0080,2026-02-25 02:41:59,1271.88,5
TXN000013,CUST00175,PROD0085,2026-02-18 10:55:30,14131.89,9
TXN000014,CUST00606,PROD0081,2026-02-06 20:56:36,5512.78,9
TXN000015,CUST00375,PROD0020,2026-02-20 00:00:33,3361.87,3
TXN000016,CUST00489,PROD0099,2026-02-16 09:38:14,1438.77,9
TXN000017,CUST00755,PROD0049,2026-02-22 08:05:27,1030.26,9
TXN000018,CUST00761,PROD0035,2026-02-16 06:54:04,11543.32,5
TXN000019,CUST00329,PROD9900,2026-02-12 00:11:06,240.48,3
TXN000020,CUST00351,PROD0064,2026-02-18 14:44:50,65.48,2
TXN000021,CUST00482,PROD0033,2026-02-03 12:53:00,648.69,4
TXN000022,CUST00753,PROD0067,2026-02-08 06:30:24,688.09,5
TXN000023,CUST00126,PROD0082,2026-02-20 06:23:56,4932.66,4
TXN000018,CUST00406,PROD0002,2026-02-28 18:50:44,106.66,10
TXN000025,CUST00347,PROD0098,2026-02-09 01:03:22,1653.59,9
TXN000026,CUST00775,PROD0057,2026-02-06 06:01:44,323610.36,3
TXN000027,CUST00357,PROD0060,2026-02-21 19:58:55,60.66,2
TXN000028,CUST00795,PROD0049,2026-02-06 05:56:01,675.64,6
TXN000029,CUST00397,PROD0088,2026-02-14 17:09:39,2218.19,7
TXN000030,CUST00133,PROD0005,2026-02-23 03:31:12,407376.22,10
TXN000031,CUST00051,PROD0078,2026-02-07 02:00:59,355.16,8
TXN000032,CUST00762,PROD0054,2026-02-03 11:50:45,-929.61,10
TXN000033,CUST00743,PROD0050,2026-02-23 06:33:42,951.82,3
TXN000034,CUST00691,PROD0086,2026-02-16 03:10:50,6355.89,7
TXN000035,CUST00925,PROD0042,2026-02-02 11:26:48,1370.34,6
TXN000036,CUST00261,PROD0058,2026-02-15 12:00:46,2278.23,5
TXN000037,CUST00228,PROD0041,2026-03-01 22:52:17,14585.77,9
TXN000030,CUST00272,PROD0075,2026-02-22 07:16:51,849.73,10
TXN000039,CUST00178,PROD0089,2026-02-07 18:52:58,1209.06,5
TXN000040,CUST00343,PROD0056,2026-02-16 03:55:49,374343.64,10
TXN000041,CUST00327,PROD0020,2026-02-19 16:44:14,8830.82,7
TXN000042,CUST00806,PROD0017,2026-02-19 02:30:36,169220.37,9
TXN000043,CUST00139,PROD0026,2026-02-14 12:41:36,814.73,10
TXN000044,CUST00702,PROD0012,2026-02-26 21:26:27,101.74,4
TXN000045,CUST00632,PROD0057,2026-02-10 04:28:02,651.41,4
TXN000046,CUST00056,PROD0080,2026-01-31 04:55:53,247.27,1
TXN000047,CUST00758,PROD0027,2026-02-12 16:48:16,1829.44,10
TXN000005,CUST00540,PROD0022,2026-02-28 09:12:50,186.42,5
TXN000049,CUST00873,PROD0047,2026-02-02 03:01:18,414.65,7
TXN000050,CUST00888,PROD0012,2026-02-24 06:32:29,27.01,1
TXN000051,CUST00019,PROD0046,2026-02-18 20:19:15,189.86,9
TXN000052,CUST00031,PROD0036,2026-02-22 04:21:57,1636.22,3
TXN000053,CUST00233,PROD0074,2026-02-25 13:19:58,564.35,8
TXN000054,CUST00884,PROD0089,2026-02-07 16:58:08,692.22,3
TXN000055,CUST00737,PROD0041,2026-02-03 04:46:01,12784.62,7
TXN000056,CUST00757,PROD0100,2026-02-23 03:08:11,356097.28,10
TXN000057,CUST00027,PROD0089,2026-02-05 15:08:32,2120.98,8
TXN000058,CUST00198,PROD0053,2026-02-05 00:59:17,55.27,4
TXN000059,CUST00450,PROD0063,2026-02-07 10:55:29,252150.29,7
TXN000060,CUST00586,PROD0068,2026-02-09 22:50:02,627.52,8
TXN000061,CUST00753,PROD0050,2026-02-13 20:03:12,2026.1,7
TXN000062,CUST00942,PROD0067,2026-02-01 04:29:53,277.89,2
TXN000063,CUST00139,PROD0042,2026-02-15 00:11:29,934.91,4
TXN000064,CUST00168,PROD0016,2026-02-27 03:45:28,134.54,2
TXN000065,CUST00388,PROD0006,2026-02-05 05:58:21,259.08,3
TXN000066,CUST00748,PROD0058,2026-02-20 20:11:07,,4
TXN000067,CUST99007,PROD0070,2026-02-04 00:38:56,114.31,4
TXN000068,CUST00251,PROD0036,2026-02-10 20:35:52,484.32,1
TXN000069,CUST00592,PROD0039,2026-02-19 02:03:06,664.32,3
TXN000070,CUST00576,PROD0059,2026-02-06 18:23:59,3697.69,5
TXN000071,CUST00067,PROD0018,2026-02-26 22:55:17,19124.89,7
TXN000072,CUST00645,PROD0012,2026-02-14 23:44:38,133.79,5
TXN000073,CUST00950,PROD0073,2026-02-14 16:46:40,6740.68,3
TXN000074,CUST00477,PROD0016,2026-02-06 06:51:39,472.23,7
TXN000075,CUST00707,PROD0009,2026-02-20 09:32:35,222.86,1
TXN000076,CUST00853,PROD0043,2026-02-03 10:59:43,825.73,8
TXN000077,CUST00550,PROD0060,2026-02-04 13:59:47,247.12,9
TXN000078,CUST00702,PROD0046,2026-02-27 04:17:53,157.39,7
TXN000079,CUST00886,PROD0040,2026-02-07 10:45:02,205.56,2
TXN000080,CUST00310,PROD0048,2026-02-04 01:49:12,714.66,8
TXN000081,CUST00496,PROD0068,2026-02-20 10:09:49,685.85,9
TXN000082,CUST00535,PROD0040,2026-01-31 01:43:54,191.08,2
TXN000083,CUST00024,PROD0040,2026-02-09 06:20:12,536.66,5
TXN000084,CUST00118,PROD9909,2026-02-12 16:06:13,707.31,9
TXN000085,CUST00073,PROD0044,2026-02-12 14:03:08,1397.61,1
TXN000086,CUST00607,PROD0089,2026-02-07 14:39:22,997.35,4
TXN000087,CUST00477,PROD0012,2026-02-03 22:29:06,208.86,8
TXN000088,CUST00373,PROD0090,2026-01-31 21:21:50,240576.98,6
TXN000089,CUST00357,PROD0017,2026-02-13 03:25:52,39789.36,2
TXN000090,CUST00424,PROD0032,2026-02-12 05:30:24,568.3,4
TXN000091,CUST00558,PROD0023,2026-02-08 21:04:47,2098.77,10
TXN000092,CUST00456,PROD0052,2026-02-27 19:06:43,2207.86,7
TXN000093,CUST00595,PROD0082,2026-02-04 00:48:09,10152.78,8
TXN000094,CUST00325,PROD0087,2026-02-20 13:45:58,44.55,2
TXN000095,CUST00064,PROD0071,2026-02-28 00:45:35,11275.91,6
TXN000096,CUST00641,PROD0049,2026-02-17 12:27:34,316.05,3
TXN000097,CUST00158,PROD0086,2026-02-25 04:00:04,2671.38,3
TXN000098,CUST00658,PROD0059,2026-02-01 22:38:59,2218.53,3
TXN000099,CUST00435,PROD0074,2026-02-14 23:15:45,482.61,7
TXN000051,CUST00002,PROD0089,2026-02-27 04:46:46,1334.97,5
TXN000101,CUST00760,PROD0086,2026-02-27 21:40:34,4540.95,5
TXN000074,CUST00481,PROD0043,2026-02-16 11:51:18,99.54,1
TXN000103,CUST00645,PROD0022,2026-02-11 01:42:18,,10
TXN000104,CUST00079,PROD0036,2026-02-21 04:39:17,,5
TXN000105,CUST00606,PROD0085,2026-02-15 11:51:11,7265.83,4
TXN000106,CUST00149,PROD0020,2026-02-03 15:48:26,4640.55,4
TXN000107,CUST00056,PROD0097,2026-02-03 03:03:10,3693.93,8
TXN000108,CUST00723,PROD0034,2026-02-25 16:55:27,534.95,0
TXN000109,CUST00545,PROD0056,2026-02-10 20:54:17,185420.64,5
TXN000110,CUST00248,PROD0076,2026-02-05 06:33:21,127181.71,3
TXN000111,CUST00457,PROD0093,2026-02-20 08:12:02,1033.14,2
TXN000112,CUST00125,PROD0016,2026-02-27 19:08:24,586.22,10
TXN000113,CUST00677,PROD0082,2026-02-15 08:49:27,7163.75,6
TXN000114,CUST00062,PROD0034,2026-02-24 14:04:31,289.34,4
TXN000115,CUST00224,PROD0014,2026-01-31 14:45:16,489.03,2
TXN000079,CUST00656,PROD9900,2026-02-08 12:17:09,940.51,7
TXN000117,CUST00865,PROD0009,2026-02-12 07:00:24,1999.73,8
TXN000118,CUST00057,PROD0083,2026-02-27 11:34:54,420.25,2
TXN000119,CUST00991,PROD0025,2026-02-20 22:24:57,267.24,6
TXN000120,CUST00026,PROD0076,2026-02-22 15:24:04,130.83,5
TXN000121,CUST99005,PROD0093,2026-02-28 12:07:13,4632.14,9
TXN000122,CUST00948,PROD0095,2026-02-25 15:41:01,865.73,10
TXN000123,CUST00315,PROD0013,2026-02-15 19:10:53,85.94,2
TXN000124,CUST00346,PROD0095,2026-02-08 12:20:07,1021.68,10
TXN000125,CUST00178,PROD0016,2026-02-21 04:48:26,413.89,6
TXN000126,CUST00868,PROD0049,2026-02-05 05:01:56,,1
TXN000127,CUST00608,PROD0054,2026-02-07 15:44:08,5708.09,5
TXN000128,CUST00185,PROD0079,2026-02-27 20:52:50,,7
TXN000129,CUST00543,PROD0080,2026-02-18 17:32:14,1090.25,4
TXN000130,CUST00486,PROD0021,2026-02-08 01:03:41,11545.2,4
TXN000131,CUST00759,PROD0069,2026-02-24 05:50:01,74194.03,2
TXN000132,CUST00525,PROD0042,2026-02-22 03:20:14,1601.01,7
TXN000133,CUST00912,PROD0028,2026-01-31 19:29:11,91.36,3
TXN000134,CUST00033,PROD0008,2026-02-21 04:07:54,1598.01,7
TXN000135,CUST00654,PROD0022,2026-02-11 17:54:14,378.97,9
TXN000136,CUST00748,PROD0032,2026-02-22 10:27:37,1451.37,10
TXN000137,CUST00482,PROD0065,2026-02-28 13:33:25,38809.16,2
TXN000109,CUST00136,PROD0031,2026-02-09 02:01:30,316.82,3
TXN000137,CUST00142,PROD0052,2026-02-24 11:40:29,372.93,1
TXN000140,CUST00437,PROD0090,2026-02-10 17:36:50,547.87,2
TXN000141,CUST00373,PROD0015,2026-02-17 11:29:39,1432.36,6
TXN000142,CUST00343,PROD0015,2026-02-09 15:47:48,1007.9,4
TXN000143,CUST00434,PROD0009,2026-02-18 11:28:31,484.8,2
TXN000144,CUST00377,PROD0089,2026-02-04 02:12:57,474.39,2
TXN000145,CUST00283,PROD0019,2026-02-14 04:55:13,546.02,1
TXN000146,CUST00455,PROD0003,2026-02-20 06:04:01,502.58,4
TXN000147,CUST00806,PROD0076,2026-02-08 22:33:53,208.44,8
TXN000148,CUST00496,PROD0037,2026-02-05 01:09:22,407.26,3
TXN000149,CUST00726,PROD0086,2026-02-04 04:10:15,5270.17,6
TXN000150,CUST00682,PROD0045,2026-02-25 11:28:34,17113.14,9
TXN000151,CUST00470,PROD0020,2026-03-01 23:34:32,6766.03,5
TXN000152,CUST00151,PROD0094,2026-01-31 14:21:44,7541.2,8
TXN000153,CUST00862,PROD0046,2026-02-27 10:03:38,233.54,10
TXN000154,CUST00870,PROD0086,2026-02-27 16:25:12,9755.43,10
TXN000155,CUST00875,PROD0050,2026-02-18 00:18:22,2529.36,8
TXN000156,CUST00823,PROD0021,2026-02-04 23:57:27,17465.58,7
TXN000157,CUST00889,PROD0043,2026-02-27 18:48:24,678.05,7
TXN000158,CUST00937,PROD0024,2026-02-03 12:18:35,2515.83,5
TXN000159,CUST00003,PROD0039,2026-02-09 20:30:07,690.96,5
TXN000160,CUST00284,PROD0009,2026-02-10 23:23:37,1585.5,7
TXN000161,CUST00525,PROD0003,2026-02-02 08:10:37,757.23,6
TXN000162,CUST00652,PROD0046,2026-02-28 09:18:33,41.53,2
TXN000163,CUST00557,PROD0041,2026-02-03 21:51:19,11120.57,6
TXN000062,CUST00798,PROD0044,2026-01-31 05:06:13,5740.44,4
TXN000165,CUST00867,PROD0071,2026-02-07 03:26:29,4130.53,2
TXN000166,CUST00837,PROD0077,2026-02-13 10:11:45,150.94,2
TXN000167,CUST00134,PROD0055,2026-02-07 03:04:01,1985.88,7
TXN000168,CUST00122,PROD0006,2026-02-27 09:42:00,177.05,2
TXN000169,CUST00093,PROD0096,2026-02-21 18:22:22,320.62,9
TXN000170,CUST00782,PROD9903,2026-02-07 06:18:10,,9
TXN000171,CUST00943,PROD0091,2026-02-14 11:44:37,475.94,2
TXN000172,CUST00002,PROD0041,2026-02-26 14:07:33,9485.48,6
TXN000173,CUST00291,PROD0095,2026-02-20 21:53:28,613.63,7
TXN000174,CUST00184,PROD0048,2026-02-24 00:43:31,530.47,7
TXN000175,CUST00605,PROD0095,2026-01-31 05:04:23,550.14,6
TXN000176,CUST00512,PROD0092,2026-02-05 18:37:17,1554.12,7
TXN000177,CUST00151,PROD0014,2026-02-26 08:31:31,,3
TXN000178,CUST00511,PROD0023,2026-02-17 19:43:20,2125.54,10
TXN000179,CUST00478,PROD0085,2026-02-14 15:32:16,13816.28,9
TXN000180,CUST00393,PROD0049,2026-02-15 14:02:02,531.72,5
TXN000181,CUST00783,PROD0087,2026-02-14 21:35:43,178.08,8
TXN000182,CUST00995,PROD0087,2026-02-18 09:20:03,23.61,1
TXN000183,CUST00641,PROD0013,2026-02-16 11:22:26,171.11,4
TXN000184,CUST00313,PROD0022,2026-03-01 17:20:02,275.94,7
TXN000185,CUST00325,PROD0050,2026-02-19 18:06:51,1273.64,4
TXN000186,CUST00373,PROD0026,2026-02-14 20:54:50,741.76,9
TXN000187,CUST00640,PROD0012,2026-02-07 18:06:37,55.4,2
TXN000188,CUST00844,PROD0039,2026-02-16 21:34:20,674.84,7
TXN000189,CUST00643,PROD0024,2026-02-11 15:13:42,4223.96,8
TXN000190,CUST00958,PROD0081,2026-02-28 16:12:23,2333.74,4
TXN000191,CUST00851,PROD0082,2026-02-23 13:17:52,3678.28,3
TXN000192,CUST00252,PROD0040,2026-02-15 15:35:27,94.01,1
TXN000193,CUST00564,PROD0006,2026-02-06 15:50:01,149.59,2
TXN000194,CUST00688,PROD0012,2026-02-17 23:53:08,282.33,10
TXN000195,CUST00954,PROD0064,2026-02-01 02:15:38,396.05,6
TXN000196,CUST00434,PROD0014,2026-02-24 06:17:28,2409.19,10
TXN000197,CUST00487,PROD0036,2026-02-01 04:23:30,,5
TXN000198,CUST00862,PROD0007,2026-02-07 21:15:16,119.14,5
TXN000199,CUST00243,PROD0050,2026-03-01 12:59:58,580.28,2
TXN000200,CUST00450,PROD0099,2026-02-09 13:50:02,314.07,2
TXN000201,CUST00735,PROD0013,2026-02-03 05:44:16,254.41,6
TXN000202,CUST00781,PROD0083,2026-02-24 20:28:50,211.17,1
TXN000203,CUST00529,PROD0099,2026-02-03 20:48:08,1100.87,7
TXN000204,CUST00704,PROD0042,2026-02-04 09:12:05,775.4,3
TXN000205,CUST00024,PROD0083,2026-02-10 20:14:58,1638.47,8
TXN000206,CUST00267,PROD0048,2026-02-24 18:07:00,616.34,7
TXN000207,CUST00209,PROD0035,2026-02-20 23:31:24,8918.05,4
TXN000208,CUST00419,PROD0004,2026-02-20 08:15:39,7507.57,4
TXN000006,CUST00998,PROD0088,2026-02-23 22:24:45,2875.84,10
TXN000210,CUST00931,PROD0078,2026-02-08 19:45:47,42.92,1
TXN000211,CUST00992,PROD0006,2026-02-11 05:16:10,473.73,6
TXN000212,CUST00120,PROD0017,2026-02-14 08:47:23,100171.81,5
TXN000213,CUST00447,PROD0041,2026-02-06 15:48:09,13174.44,8
TXN000210,CUST00479,PROD0064,2026-02-28 14:22:45,868.21,8
TXN000215,CUST00890,PROD0022,2026-02-06 16:52:17,372.49,10
TXN000216,CUST00943,PROD0099,2026-02-14 21:06:56,773.03,5
TXN000217,CUST00858,PROD0004,2026-02-27 14:53:45,15620.34,8
TXN000218,CUST00638,PROD0042,2026-02-06 23:58:51,926.94,4
TXN000219,CUST00561,PROD0049,2026-02-27 12:16:11,703.99,7
TXN000220,CUST00771,PROD0020,2026-02-26 09:31:51,6039.01,5
TXN000221,CUST00205,PROD0050,2026-02-14 08:36:38,2088.83,7
TXN000222,CUST00350,PROD0087,2026-02-22 20:43:45,163.04,8
TXN000223,CUST00821,PROD0020,2026-02-25 21:57:19,11299.64,9
TXN000224,CUST00523,PROD0013,2026-02-15 21:46:36,252.17,6
TXN000225,CUST00184,PROD0051,2026-02-28 02:26:56,898.26,6
TXN000226,CUST00990,PROD0024,2026-02-23 05:05:47,2503.44,5
TXN000203,CUST99007,PROD0052,2026-02-02 21:47:38,1680.5,5
TXN000228,CUST00405,PROD0012,2026-02-25 04:00:12,25.45,1
TXN000229,CUST00248,PROD0081,2026-02-02 17:12:05,4488.75,8
TXN000230,CUST00456,PROD0061,2026-03-01 14:37:15,8397.36,10
TXN000231,CUST00443,PROD0064,2026-02-06 18:38:46,518.22,5
TXN000232,CUST00418,PROD0063,2026-02-22 22:03:33,-2460.63,-5
TXN000233,CUST00638,PROD0045,2026-02-15 22:27:01,7765.68,4
TXN000234,CUST00944,PROD0092,2026-02-08 14:08:56,1475.12,7
TXN000235,CUST00819,PROD0021,2026-02-10 06:18:44,22222.51,8
TXN000236,CUST00506,PROD0027,2026-02-12 01:01:22,1131.6,6
TXN000237,CUST00346,PROD0080,2026-02-22 03:35:14,1627.19,6
TXN000238,CUST00874,PROD0066,2026-02-10 21:06:45,710.83,8
TXN000239,CUST00625,PROD0014,2026-02-03 17:02:32,431.56,2
TXN000240,CUST00519,PROD0013,2026-02-25 20:23:21,82.58,2
TXN000241,CUST00829,PROD0037,2026-02-13 05:05:17,877.85,7
TXN000242,CUST00234,PROD0055,2026-02-16 13:57:29,2185.08,9
TXN000243,CUST99008,PROD0011,2026-02-19 10:25:49,-77.49,1
TXN000244,CUST00819,PROD0067,2026-02-20 13:25:56,1140.35,9
TXN000245,CUST00922,PROD0019,2026-02-07 12:28:41,447.72,9
TXN000246,CUST00665,PROD0026,2026-02-01 09:05:02,556.32,7
TXN000247,CUST00096,PROD0040,2026-02-13 10:48:40,98.77,1
TXN000248,CUST00433,PROD0015,2026-02-06 01:53:23,149900.8,9
TXN000249,CUST99005,PROD0096,2026-02-11 18:45:57,307.45,9
TXN000250,CUST00587,PROD0092,2026-02-17 16:47:15,1782.26,9
TXN000251,CUST00849,PROD0012,2026-02-28 13:56:08,220.51,8
TXN000252,CUST00893,PROD0064,2026-02-09 13:28:44,171.21,8
TXN000253,CUST00469,PROD0091,2026-02-13 16:07:44,1973.75,8
TXN000254,CUST00873,PROD0016,2026-02-18 18:18:02,122.14,2
TXN000255,CUST00146,PROD0054,2026-02-28 09:56:18,,8
TXN000256,CUST00046,PROD0074,2026-02-20 18:28:57,543.53,7
TXN000257,CUST00472,PROD0086,2026-02-15 04:55:46,8536.78,10
TXN000258,CUST00982,PROD0057,2026-02-06 08:41:05,161.29,1
TXN000259,CUST00573,PROD0080,2026-02-12 18:48:03,2499.5,9
TXN000260,CUST00185,PROD0036,2026-02-04 06:15:53,5100.73,10
TXN000261,CUST00883,PROD0044,2026-02-16 05:26:01,9327.49,6
TXN000262,CUST00188,PROD0012,2026-02-25 09:26:43,293.09,10
TXN000263,CUST00146,PROD0042,2026-02-21 12:52:57,917.93,4
TXN000264,CUST00973,PROD0008,2026-02-19 14:35:26,228.28,1
TXN000265,CUST00348,PROD0098,2026-02-12 20:50:08,1358.89,7
TXN000266,CUST00554,PROD0032,2026-02-12 13:58:35,137.68,1
TXN000267,CUST00062,PROD0062,2026-02-21 19:16:53,3921.04,6
TXN000268,CUST00547,PROD0039,2026-02-27 12:44:07,218.74,9
TXN000269,CUST00906,PROD0044,2026-02-09 08:48:45,5345.5,4
TXN000270,CUST00936,PROD0083,2026-01-31 00:38:30,896.32,
TXN000271,CUST00552,PROD0084,2026-02-09 02:34:01,433.78,8
TXN000272,CUST00182,PROD0090,2026-03-01 03:29:23,,8
TXN000273,CUST00697,PROD0046,2026-02-23 02:52:39,86.25,4
TXN000274,CUST00724,PROD0001,2026-02-23 20:25:07,1214.56,10
TXN000275,CUST00618,PROD0009,2026-02-11 04:47:04,2380.09,10
TXN000276,CUST00024,PROD0089,2026-02-08 17:39:16,,8
TXN000277,CUST00666,PROD0042,2026-02-16 13:17:07,1761.05,8
TXN000278,CUST00941,PROD0058,2026-02-19 00:25:12,3919.62,10
TXN000279,CUST00940,PROD0022,2026-02-19 09:04:40,42.12,1
TXN000280,CUST00257,PROD0061,2026-02-22 10:53:03,8248.53,9
TXN000281,CUST00641,PROD0016,2026-02-27 01:58:02,134.83,2
TXN000282,CUST00443,PROD0087,2026-02-28 17:03:18,147.3,7
TXN000283,CUST00011,PROD0060,2026-02-04 13:56:39,154.84,6
TXN000284,CUST00111,PROD0077,2026-02-07 02:37:50,361.84,10
TXN000285,CUST00191,PROD0006,2026-02-28 04:19:37,518.79,6
TXN000286,CUST00352,PROD0002,2026-02-13 18:42:43,48.14,4
TXN000287,CUST00206,PROD0026,2026-02-04 02:21:12,697.98,8
TXN000288,CUST00429,PROD0014,2026-02-15 01:31:14,873.51,4
TXN000289,CUST00835,PROD0095,2026-02-17 06:25:11,84.69,1
TXN000290,CUST00200,PROD0098,2026-02-18 01:01:12,544.4,3
TXN000291,CUST00201,PROD0034,2026-01-31 03:01:53,490.76,7
TXN000292,CUST00379,PROD0085,2026-02-24 16:51:39,3137.49,2
TXN000293,CUST00199,PROD0077,2026-02-16 20:15:58,301.24,10
TXN000294,CUST00645,PROD0017,2026-02-02 16:37:56,38454.56,2
TXN000295,CUST00904,PROD0066,2026-02-18 15:33:29,553.41,6
TXN000296,CUST00654,PROD0075,2026-02-09 01:13:14,624.16,8
TXN000297,CUST00958,PROD0033,2026-02-12 02:08:48,1241.08,8
TXN000298,CUST00462,PROD0053,2026-02-18 15:20:17,36.08,3
TXN000299,CUST00514,PROD0083,2026-02-27 08:59:14,424.09,2
TXN000300,CUST00764,PROD0088,2026-02-02 08:12:45,991.65,3
TXN000301,CUST99004,PROD0045,2026-02-04 12:25:52,2039.71,1
TXN000302,CUST00233,PROD0027,2026-02-14 07:33:37,1489.78,8
TXN000303,CUST00789,PROD0054,2026-02-23 14:28:54,6053.0,6
TXN000304,CUST00675,PROD0044,2026-02-22 13:27:43,12938.77,9
TXN000162,CUST00976,PROD0073,2026-02-09 19:58:38,16057.05,7
TXN000306,CUST00112,PROD0058,2026-02-09 09:05:10,3809.64,9
TXN000140,CUST00987,PROD0027,2026-02-22 09:42:33,463925.07,1
TXN000308,CUST00550,PROD0096,2026-02-27 12:57:55,147.05,4
TXN000309,CUST00318,PROD0065,2026-02-07 21:29:17,58747.27,3
TXN000310,CUST00583,PROD0059,2026-02-15 18:02:47,5885.26,8
TXN000311,CUST00515,PROD0032,2026-02-24 19:46:27,419.31,3
TXN000312,CUST00078,PROD0081,2026-02-12 09:42:58,2558.15,4
TXN000313,CUST00774,PROD0099,2026-02-05 10:26:28,577.87,4
TXN000314,CUST00391,PROD0052,2026-02-02 06:25:02,673.59,
TXN000315,CUST00085,PROD0032,2026-02-07 14:08:30,217658.57,3
TXN000316,CUST00012,PROD0020,2026-02-15 11:11:13,11938.35,9
TXN000317,CUST00734,PROD0014,2026-02-17 22:19:28,217.85,1
TXN000318,CUST00205,PROD0054,2026-03-01 00:21:52,2223.97,2
TXN000319,CUST00172,PROD0066,2026-02-26 10:20:35,919.5,10
TXN000320,CUST00366,PROD0002,2026-02-17 20:20:00,85.86,8
TXN000321,CUST00907,PROD0039,2026-02-05 19:31:06,603.87,10
TXN000322,CUST00695,PROD0099,2026-02-07 04:21:11,865.73,6
TXN000245,CUST00524,PROD0030,2026-02-13 18:45:00,1481.73,10
TXN000324,CUST00082,PROD0048,2026-02-14 09:12:09,90.71,1
TXN000325,CUST00138,PROD0083,2026-02-04 01:33:50,1147.78,5
TXN000326,CUST00056,PROD0086,2026-02-22 21:44:46,6476.96,7
TXN000327,CUST00977,PROD0082,2026-02-25 06:08:05,10653.46,9
TXN000328,CUST00319,PROD0026,2026-02-22 13:11:38,403.85,5
TXN000329,CUST00974,PROD0051,2026-02-17 05:30:28,1540.34,10
TXN000330,CUST99006,PROD0011,2026-02-05 09:38:34,103.79,3
TXN000331,CUST00074,PROD0092,2026-02-14 06:09:58,198.56,1
TXN000332,CUST00405,PROD0048,2026-02-17 15:19:41,-78.41,2
TXN000333,CUST00262,PROD0097,2026-02-06 11:32:45,2862.27,6
TXN000334,CUST00036,PROD0047,2026-02-09 22:43:01,168.12,3
TXN000335,CUST00975,PROD0021,2026-03-01 03:49:05,20569.11,7
TXN000336,CUST00434,PROD0055,2026-02-21 22:19:32,1970.65,7
TXN000337,CUST00112,PROD0100,2026-02-04 11:52:09,133961.68,4
TXN000338,CUST00002,PROD0100,2026-02-07 13:33:26,253738.48,7
TXN000339,CUST00972,PROD0073,2026-02-03 06:11:12,7715.03,3
TXN000340,CUST00935,PROD0082,2026-02-24 02:18:05,-765.22,5
TXN000215,CUST00008,PROD0006,2026-02-26 06:33:50,-396.39,-5
TXN000342,CUST00912,PROD0041,2026-02-03 07:23:42,16817.6,10
TXN000343,CUST00716,PROD0018,2026-03-01 19:07:55,11028.6,4
TXN000344,CUST00193,PROD9905,2026-03-01 20:23:55,489.69,6
TXN000345,CUST00357,PROD0061,2026-02-08 22:57:06,4664.26,5
TXN000346,CUST00734,PROD0017,2026-02-14 02:19:53,182569.88,9
TXN000347,CUST00554,PROD0028,2026-02-24 21:44:05,33.86,1
TXN000348,CUST00264,PROD0086,2026-02-26 21:08:59,7751.67,8
TXN000349,CUST00616,PROD0044,2026-02-17 22:47:47,12085.45,9
TXN000350,CUST00115,PROD0095,2026-02-11 06:47:07,284.75,3
TXN000230,CUST00195,PROD0055,2026-02-19 11:51:43,759.29,3
TXN000352,CUST00472,PROD0038,2026-02-03 07:31:43,2835.04,10
TXN000353,CUST00328,PROD0089,2026-02-26 08:54:45,966.29,4
TXN000354,CUST00848,PROD0094,2026-01-31 07:44:47,2686.94,3
TXN000355,CUST00164,PROD0071,2026-02-17 10:27:43,12511.85,6
TXN000356,CUST00200,PROD0071,2026-02-17 03:08:20,22540.01,10
TXN000357,CUST00592,PROD0090,2026-02-14 09:57:09,-274.05,4
TXN000358,CUST00696,PROD0008,2026-02-26 11:30:11,431.74,2
TXN000359,CUST00414,PROD0016,2026-02-22 12:31:19,198.03,3
TXN000360,CUST00797,PROD0084,2026-02-17 08:40:41,50.92,1
TXN000361,CUST00024,PROD0074,2026-02-14 08:44:47,782.39,10
TXN000362,CUST00102,PROD0092,2026-01-31 17:11:25,215.23,1
TXN000363,CUST00858,PROD0092,2026-02-03 20:07:48,381.28,2
TXN000364,CUST00126,PROD0074,2026-02-23 20:10:05,72.98,1
TXN000365,CUST00968,PROD0032,2026-02-20 01:33:57,1257.08,9
TXN000366,CUST00361,PROD0066,2026-02-23 22:06:42,362.2,4
TXN000367,CUST00566,PROD0046,2026-02-21 04:46:39,215.64,9
TXN000368,CUST00261,PROD0089,2026-02-25 17:13:04,1162.27,5
TXN000369,CUST00841,PROD0021,2026-02-16 04:20:50,2595.22,1
TXN000370,CUST00417,PROD0082,2026-02-27 11:58:21,3381.37,3
TXN000371,CUST00388,PROD0016,2026-02-24 16:46:56,515.9,8
TXN000372,CUST00102,PROD0022,2026-02-19 12:11:22,364.9,9
TXN000373,CUST00704,PROD0020,2026-02-08 04:09:24,6803.93,5
TXN000374,CUST00624,PROD0059,2026-02-24 14:22:51,3782.07,5
TXN000375,CUST00313,PROD0012,2026-02-20 13:49:20,51.65,2
TXN000376,CUST00293,PROD0064,2026-02-04 00:27:43,997.97,3
TXN000377,CUST00416,PROD9903,2026-01-31 23:00:45,741.59,9
TXN000378,CUST00902,PROD0088,2026-02-10 01:38:28,2763.3,9
TXN000379,CUST00053,PROD0049,2026-02-24 11:07:21,462.23,4
TXN000380,CUST00272,PROD0095,2026-02-09 18:25:13,347099.86,9
TXN000381,CUST99007,PROD0046,2026-02-26 00:22:56,154.94,7
TXN000382,CUST00158,PROD0063,2026-03-01 04:49:42,3768.8,8
TXN000383,CUST00112,PROD0085,2026-02-03 14:10:08,,7
TXN000384,CUST00114,PROD0006,2026-02-25 12:26:47,81.61,1
TXN000385,CUST00432,PROD0064,2026-02-04 21:45:08,844.63,7
TXN000386,CUST00111,PROD0017,2026-02-25 11:32:00,74124.06,4
TXN000387,CUST99007,PROD0063,2026-02-27 13:15:39,3970.35,9
TXN000388,CUST00683,PROD0026,2026-02-14 22:50:51,827.97,9
TXN000389,CUST00124,PROD0005,2026-02-21 06:59:09,398431.99,10
TXN000390,CUST00237,PROD0055,2026-02-14 01:32:27,1458.67,5
TXN000391,CUST00917,PROD0006,2026-03-01 01:42:47,377.03,5
TXN000392,CUST00373,PROD0015,2026-02-26 21:00:43,762.34,3
TXN000393,CUST00381,PROD0036,2026-02-23 18:24:05,1360.68,3
TXN000394,CUST00838,PROD0091,2026-02-15 03:04:34,1146.54,5
TXN000395,CUST00197,PROD0092,2026-02-21 17:22:57,400.76,2
TXN000396,CUST00023,PROD0036,2026-02-07 04:18:02,523.44,1
TXN000397,CUST00892,PROD0010,2026-02-24 14:48:32,128.6,7
TXN000398,CUST00714,PROD9908,2026-02-15 16:45:46,275.83,5
TXN000399,CUST00547,PROD0006,2026-02-09 04:56:17,449.09,5
TXN000400,CUST00119,PROD9905,2026-02-09 19:23:20,899.35,9
TXN000401,CUST00641,PROD0046,2026-02-22 23:17:11,23.4,1
TXN000402,CUST00764,PROD0084,2026-02-21 20:40:38,414.91,8
TXN000403,CUST00160,PROD0094,2026-02-06 13:23:09,1984.08,2
TXN000404,CUST00966,PROD0083,2026-02-20 00:19:10,1425.91,7
TXN000405,CUST00661,PROD0013,2026-02-06 16:08:46,37.97,1
TXN000406,CUST00660,PROD0017,2026-02-22 02:17:09,,10
TXN000407,CUST00109,PROD0044,2026-02-02 22:05:12,13638.26,10
TXN000408,CUST00557,PROD0081,2026-02-12 03:01:52,5837.46,9
TXN000409,CUST00025,PROD0050,2026-02-25 11:41:18,2286.75,7
TXN000410,CUST00230,PROD0037,2026-02-18 02:39:21,252.24,2
TXN000411,CUST00696,PROD0086,2026-02-08 09:39:52,1756.52,2
TXN000412,CUST00818,PROD0001,2026-02-02 04:49:41,410.31,3
TXN000413,CUST00592,PROD0094,2026-02-21 04:05:20,2796.18,3
TXN000414,CUST00617,PROD0043,2026-02-25 20:58:15,938.46,9
TXN000415,CUST00595,PROD0068,2026-02-11 22:51:47,106862.84,2
TXN000416,CUST00062,PROD0047,2026-02-02 04:18:29,461.65,9
TXN000417,CUST00142,PROD0090,2026-02-07 04:24:46,1822.43,7
TXN000418,CUST00892,PROD0019,2026-02-18 04:05:15,767.76,10
TXN000419,CUST00541,PROD0039,2026-02-14 13:46:21,882.35,1
TXN000076,CUST00165,PROD9906,2026-02-08 14:35:45,429.43,10
TXN000421,CUST00535,PROD0017,2026-02-06 06:25:39,133128.11,7
TXN000422,CUST00480,PROD0084,2026-02-09 12:52:24,282.2,6
TXN000423,CUST00867,PROD0031,2026-02-20 05:34:06,,10
TXN000424,CUST00207,PROD0005,2026-02-22 08:05:36,371302.71,10
TXN000425,CUST00366,PROD0051,2026-02-13 06:20:48,798.73,6
TXN000426,CUST00104,PROD0100,2026-02-25 00:37:50,-838.78,10
TXN000427,CUST00736,PROD0028,2026-02-04 21:41:09,103.28,3
TXN000428,CUST00788,PROD0017,2026-02-19 09:23:39,136379.92,7
TXN000429,CUST00622,PROD0020,2026-02-11 20:31:06,4002.59,3
TXN000430,CUST00511,PROD0041,2026-02-24 09:10:04,10885.23,6
TXN000431,CUST00263,PROD0057,2026-02-09 04:07:36,995.57,6
TXN000432,CUST00376,PROD0080,2026-02-19 11:05:43,2133.55,8
TXN000433,CUST00759,PROD0090,2026-02-03 17:00:09,1349.91,5
TXN000434,CUST00686,PROD0060,2026-02-15 20:34:57,61.78,2
TXN000435,CUST00205,PROD0009,2026-02-19 10:38:31,1837.14,8
TXN000436,CUST00219,PROD0005,2026-02-10 12:03:59,269252.4,7
TXN000295,CUST00277,PROD0023,2026-02-27 04:04:17,1013.07,5
TXN000438,CUST00189,PROD0012,2026-02-01 13:21:48,111.89,4
TXN000439,CUST00714,PROD0089,2026-02-11 12:52:00,2515.68,10
TXN000440,CUST00844,PROD0096,2026-02-03 23:46:20,323.24,0
TXN000441,CUST00270,PROD0001,2026-02-15 04:40:28,1417.75,10
TXN000442,CUST00171,PROD0028,2026-02-18 06:12:43,30.1,1
TXN000443,CUST00128,PROD0084,2026-02-15 13:26:22,444.19,9
TXN000444,CUST00383,PROD0077,2026-02-24 17:27:24,938.52,7
TXN000445,CUST00090,PROD0014,2026-02-27 20:01:39,502.93,2
TXN000446,CUST00596,PROD0086,2026-02-20 13:13:14,8067.44,9
TXN000447,CUST00936,PROD0083,2026-02-07 23:25:00,905.2,4
TXN000448,CUST00932,PROD0031,2026-03-01 13:02:00,632.91,6
TXN000449,CUST00586,PROD0031,2026-02-12 12:12:39,93.16,1
TXN000450,CUST00178,PROD0041,2026-02-13 05:27:14,5519.52,3
TXN000451,CUST00267,PROD0021,2026-02-19 06:05:05,2463.39,1
TXN000452,CUST00081,PROD0004,2026-02-06 23:08:29,10724.41,6
TXN000453,CUST00744,PROD0049,2026-02-05 08:42:03,328.65,3
TXN000454,CUST00611,PROD0019,2026-02-20 08:57:11,215.89,8
TXN000455,CUST00424,PROD0081,2026-02-27 06:43:26,3399.12,6
TXN000456,CUST00676,PROD0078,2026-02-02 01:07:21,322.05,8
TXN000457,CUST00125,PROD0004,2026-02-12 00:33:32,7142.34,4
TXN000458,CUST00746,PROD0017,2026-02-21 08:30:12,112029.15,6
TXN000459,CUST00970,PROD0025,2026-02-21 05:12:43,238.72,5
TXN000460,CUST00211,PROD0063,2026-02-16 14:27:38,2827.16,6
TXN000461,CUST00648,PROD0058,2026-02-24 01:32:16,2260.38,5
TXN000462,CUST00118,PROD0042,2026-02-16 05:22:15,1343.7,6
TXN000463,CUST99005,PROD0073,2026-02-04 10:57:14,15488.49,7
TXN000464,CUST00969,PROD0086,2026-02-27 18:57:41,5930.67,7
TXN000465,CUST00282,PROD0016,2026-02-15 05:38:20,261.59,4
TXN000466,CUST00934,PROD0017,2026-02-03 12:02:57,154592.57,9
TXN000467,CUST00741,PROD0041,2026-02-05 11:25:05,493586.75,6
TXN000468,CUST00125,PROD0080,2026-02-26 00:14:03,800.86,3
TXN000469,CUST00196,PROD0048,2026-02-03 17:00:59,76.21,1
TXN000470,CUST00338,PROD0049,2026-02-21 22:10:59,801.98,8
TXN000471,CUST00917,PROD0058,2026-02-08 03:33:33,3199.59,8
TXN000472,CUST00271,PROD0092,2026-02-27 11:35:53,813.84,4
TXN000473,CUST00480,PROD0025,2026-02-14 03:21:13,441.97,9
TXN000474,CUST00869,PROD0017,2026-02-22 11:24:28,154565.01,9
TXN000475,CUST00975,PROD0083,2026-02-26 04:29:56,411.22,2
TXN000249,CUST00361,PROD0071,2026-02-27 11:27:13,18444.88,9
TXN000477,CUST00392,PROD0055,2026-02-23 09:12:25,1322.15,5
TXN000478,CUST00982,PROD0015,2026-02-28 01:36:17,2408.8,9
TXN000479,CUST00104,PROD0089,2026-02-21 15:13:10,1423.06,6
TXN000425,CUST00718,PROD0095,2026-02-20 22:15:10,185.29,2
TXN000481,CUST00439,PROD0023,2026-02-21 02:10:43,209.34,1
TXN000482,CUST00113,PROD0003,2026-02-11 21:18:53,1074.23,9
TXN000483,CUST00464,PROD0045,2026-02-12 08:42:31,,8
TXN000484,CUST00913,PROD0085,2026-02-02 19:30:07,-21.37,9
TXN000485,CUST00592,PROD0056,2026-02-18 06:47:05,274547.27,7
TXN000486,CUST00461,PROD0068,2026-02-24 08:58:43,480.81,6
TXN000487,CUST00533,PROD0079,2026-02-26 13:50:29,296204.06,6
TXN000488,CUST00154,PROD0038,2026-02-10 17:42:10,1312.77,5
TXN000489,CUST00127,PROD0040,2026-03-01 13:22:42,99.28,1
TXN000490,CUST00788,PROD0012,2026-02-07 08:09:46,254.8,10
TXN000491,CUST00695,PROD0055,2026-02-17 03:57:16,2775.8,10
TXN000492,CUST00700,PROD0033,2026-02-25 13:35:12,338.97,2
TXN000493,CUST00854,PROD0018,2026-02-13 14:44:20,15778.53,6
TXN000494,CUST00573,PROD0099,2026-02-16 02:48:08,769.71,5
TXN000495,CUST00899,PROD0097,2026-02-02 12:08:25,3488.42,8
TXN000496,CUST00850,PROD0014,2026-02-19 19:06:52,1713.04,8
TXN000497,CUST00735,PROD0027,2026-02-13 04:35:47,565.04,3
TXN000498,CUST00960,PROD9907,2026-02-10 22:12:07,105.9,3
TXN000499,CUST00853,PROD0051,2026-02-28 03:19:25,438.4,3
TXN000500,CUST00880,PROD0016,2026-02-16 04:40:01,256.65,4
TXN000501,CUST00684,PROD0076,2026-02-14 11:42:17,45.79,2
TXN000502,CUST00399,PROD9904,2026-02-28 20:41:57,963.17,8
TXN000503,CUST00284,PROD9902,2026-02-18 16:54:55,517.91,6
TXN000504,CUST00672,PROD0044,2026-02-15 22:54:50,7573.67,5
TXN000505,CUST00621,PROD0074,2026-02-07 16:49:42,231.8,3
TXN000506,CUST00070,PROD0094,2026-02-24 07:06:42,7870.84,8
TXN000507,CUST00108,PROD0023,2026-02-06 12:48:26,220.2,1
TXN000508,CUST00622,PROD0004,2026-01-31 05:20:06,13398.74,7
TXN000509,CUST00696,PROD0026,2026-02-06 05:27:52,-40.18,4
TXN000510,CUST00369,PROD0073,2026-02-12 02:21:11,21403.49,9
TXN000511,CUST00634,PROD0018,2026-02-04 02:28:27,5362.92,2
TXN000512,CUST00053,PROD0043,2026-03-01 07:52:18,556.59,5
TXN000513,CUST00548,PROD0067,2026-01-31 19:32:19,133.79,1
TXN000514,CUST00669,PROD0044,2026-02-16 08:12:21,1484.82,1
TXN000515,CUST00900,PROD0064,2026-02-27 18:57:39,422.08,1
TXN000516,CUST00909,PROD0017,2026-02-21 23:02:06,168400.61,9
TXN000517,CUST00234,PROD0008,2026-03-01 06:34:38,223.17,1
TXN000518,CUST00438,PROD0015,2026-02-15 03:57:39,1699.28,6
TXN000519,CUST00011,PROD0096,2026-02-05 17:36:02,32.44,1
TXN000520,CUST00290,PROD0045,2026-02-10 20:56:15,5376.18,3
TXN000521,CUST00557,PROD0091,2026-02-06 11:57:58,2060.04,8
TXN000522,CUST00540,PROD0041,2026-02-07 17:32:06,11649.31,7
TXN000523,CUST01000,PROD0040,2026-02-06 17:13:07,307.62,3
TXN000524,CUST00022,PROD0005,2026-02-21 08:37:24,79744.91,2
TXN000275,CUST00046,PROD0049,2026-02-24 21:27:34,586.35,5
TXN000526,CUST00345,PROD0034,2026-02-04 18:13:48,757.71,10
TXN000527,CUST00112,PROD0093,2026-01-31 21:18:54,4368.43,9
TXN000528,CUST00391,PROD0031,2026-02-25 00:17:51,507.46,5
TXN000529,CUST00631,PROD0035,2026-02-08 08:50:41,,10
TXN000530,CUST00857,PROD0023,2026-02-15 14:01:28,845.88,
TXN000531,CUST00962,PROD0079,2026-02-12 10:04:28,233430.21,5
TXN000532,CUST00672,PROD0015,2026-02-09 01:11:43,124326.09,8
TXN000533,CUST99005,PROD0006,2026-02-10 07:22:06,616.79,8
TXN000534,CUST00208,PROD0083,2026-02-16 09:09:01,1356.04,6
TXN000535,CUST00637,PROD0048,2026-02-28 09:59:09,79.55,1
TXN000536,CUST00803,PROD0045,2026-02-23 12:53:37,5325.08,3
TXN000537,CUST00230,PROD0074,2026-02-09 17:46:26,138.44,2
TXN000538,CUST00452,PROD0025,2026-02-03 18:18:58,170.69,4
TXN000539,CUST00710,PROD0094,2026-02-01 13:23:05,8371.65,9
TXN000540,CUST00236,PROD0017,2026-01-31 17:15:49,199075.57,10
TXN000541,CUST00419,PROD0019,2026-02-11 15:40:56,205351.19,3
TXN000542,CUST00035,PROD0004,2026-02-07 05:04:08,16538.41,9
TXN000543,CUST00730,PROD0044,2026-02-01 10:37:38,1546.11,1
TXN000544,CUST00759,PROD0038,2026-02-05 15:44:08,2429.41,10
TXN000545,CUST00379,PROD0059,2026-02-17 10:28:11,6578.04,10
TXN000546,CUST00531,PROD0075,2026-02-13 13:18:20,-54.96,3
TXN000547,CUST00901,PROD0013,2026-02-18 09:10:07,321.79,8
TXN000548,CUST00772,PROD0030,2026-02-08 08:09:06,-97.47,9
TXN000331,CUST00289,PROD0074,2026-02-16 23:28:33,633.42,8
TXN000550,CUST00443,PROD0012,2026-02-02 04:17:46,159.3,6
TXN000551,CUST00344,PROD0081,2026-02-06 16:43:49,382041.77,6
TXN000552,CUST00858,PROD0005,2026-02-09 20:00:15,268348.62,7
TXN000553,CUST00192,PROD0037,2026-02-25 06:40:56,1092.66,9
TXN000554,CUST00214,PROD0005,2026-02-16 22:16:39,410686.85,10
TXN000555,CUST00861,PROD0038,2026-02-08 15:31:50,2436.16,10
TXN000556,CUST00774,PROD0054,2026-02-15 10:15:42,2905.56,3
TXN000557,CUST00793,PROD0063,2026-02-10 13:43:15,2524.93,5
TXN000558,CUST00268,PROD0053,2026-02-17 14:27:25,12.72,1
TXN000559,CUST00420,PROD0022,2026-02-12 06:49:40,416.79,10
TXN000560,CUST00389,PROD0091,2026-02-19 11:49:49,229.13,1
TXN000561,CUST00881,PROD0038,2026-02-04 05:58:23,956.89,4
TXN000562,CUST00540,PROD0051,2026-02-04 15:02:10,137.46,1
TXN000563,CUST00803,PROD0052,2026-02-25 23:56:17,727.75,2
TXN000564,CUST99008,PROD0020,2026-02-26 23:37:50,12242.35,10
TXN000565,CUST00470,PROD0034,2026-02-09 18:30:24,138.48,2
TXN000566,CUST00519,PROD0003,2026-02-14 23:25:23,235.13,2
TXN000567,CUST00489,PROD0083,2026-02-20 10:09:51,470.69,2
TXN000568,CUST00145,PROD0061,2026-02-13 23:53:36,835.85,1
TXN000569,CUST00330,PROD0077,2026-02-16 00:17:44,319.89,9
TXN000570,CUST00726,PROD0072,2026-02-02 23:46:05,1478.18,7
TXN000571,CUST00171,PROD0015,2026-02-28 13:31:10,2374.39,9
TXN000572,CUST00446,PROD0093,2026-01-31 21:17:33,2752.49,6
TXN000573,CUST00975,PROD0067,2026-02-10 08:30:29,845.31,6
TXN000574,CUST00850,PROD0041,2026-02-16 05:09:30,1808.42,1
TXN000575,CUST00063,PROD0077,2026-02-24 02:22:40,213675.75,4
TXN000576,CUST00640,PROD0033,2026-02-12 17:41:42,1632.94,10
TXN000577,CUST00817,PROD0083,2026-02-05 12:21:36,2297.48,10
TXN000578,CUST00215,PROD0030,2026-02-23 02:59:51,452.68,3
TXN000579,CUST00524,PROD0055,2026-02-08 15:20:19,565.34,2
TXN000580,CUST00859,PROD0068,2026-02-27 19:53:13,369.06,5
TXN000581,CUST00702,PROD0056,2026-02-09 11:11:01,287330.9,8
TXN000582,CUST00943,PROD0049,2026-02-18 05:59:47,388.71,4
TXN000583,CUST00378,PROD0065,2026-01-31 00:38:17,105409.46,5
TXN000584,CUST00059,PROD0004,2026-02-02 22:59:30,16277.29,8
TXN000585,CUST00040,PROD0079,2026-02-01 22:09:45,136858.67,3
TXN000586,CUST00322,PROD0070,2026-02-21 06:41:39,168.19,6
TXN000587,CUST00601,PROD0047,2026-02-13 00:42:25,54.1,1
TXN000588,CUST00455,PROD0078,2026-02-23 22:32:26,41.26,1
TXN000589,CUST00089,PROD0060,2026-02-27 03:58:05,62.33,2
TXN000590,CUST00223,PROD0059,2026-02-27 23:15:19,2674.71,4
TXN000591,CUST00286,PROD0041,2026-02-16 07:53:12,7238.58,4
TXN000592,CUST00254,PROD0099,2026-02-09 16:28:53,463.02,3
TXN000593,CUST00720,PROD0083,2026-02-04 21:50:18,1882.84,9
TXN000594,CUST00224,PROD0005,2026-01-31 03:33:42,318218.53,8
TXN000595,CUST00035,PROD0014,2026-02-09 11:55:57,903.95,0
TXN000596,CUST00167,PROD0024,2026-02-05 00:28:51,4872.58,10
TXN000597,CUST00383,PROD0062,2026-02-08 12:19:02,2450.69,4
TXN000598,CUST00977,PROD0076,2026-03-01 05:32:10,231.45,10
TXN000599,CUST00134,PROD0007,2026-02-27 09:50:49,119.09,6
TXN000600,CUST00309,PROD0024,2026-02-22 06:27:05,1454.29,3
TXN000601,CUST00483,PROD0051,2026-02-07 06:58:30,1064.61,8
TXN000602,CUST00137,PROD0042,2026-02-01 09:52:43,1643.82,7
TXN000603,CUST00028,PROD0078,2026-02-24 07:23:23,48.38,1
TXN000604,CUST00193,PROD0039,2026-02-16 02:21:24,678.52,7
TXN000605,CUST00978,PROD0021,2026-02-17 21:33:53,5610.16,2
TXN000606,CUST00165,PROD0074,2026-02-13 12:43:29,430.73,0
TXN000607,CUST00827,PROD0058,2026-02-13 11:49:30,3492.74,9
TXN000608,CUST00892,PROD0020,2026-03-01 10:59:45,5341.43,4
TXN000609,CUST00041,PROD0063,2026-02-15 11:03:56,2750.78,6
TXN000610,CUST00184,PROD0054,2026-03-01 14:20:19,10562.14,10
TXN000611,CUST00548,PROD0094,2026-02-25 20:31:27,5312.29,6
TXN000612,CUST00751,PROD0073,2026-02-15 01:04:20,7475.16,3
TXN000613,CUST00743,PROD0082,2026-02-06 09:27:25,5722.36,5
TXN000614,CUST00813,PROD0034,2026-02-20 19:32:34,186084.49,4
TXN000615,CUST00191,PROD0086,2026-02-28 19:25:58,4075.3,5
TXN000616,CUST00274,PROD0082,2026-02-19 03:14:14,-6533.22,-5
TXN000617,CUST00431,PROD0043,2026-02-12 12:30:59,614.69,6
TXN000618,CUST00216,PROD0022,2026-02-08 12:16:25,418.57,10
TXN000619,CUST00543,PROD0038,2026-02-05 10:28:43,771.41,3
TXN000620,CUST00024,PROD0037,2026-02-12 23:31:15,1298.04,9
TXN000621,CUST00114,PROD0023,2026-02-02 05:49:49,1360.07,7
TXN000622,CUST00789,PROD0014,2026-02-08 21:40:48,2234.76,9
TXN000623,CUST00846,PROD0021,2026-01-31 05:25:18,-14100.17,-5
TXN000624,CUST00429,PROD0053,2026-02-23 20:01:39,134.02,10
TXN000625,CUST00333,PROD0022,2026-02-11 20:30:43,,6
TXN000626,CUST00399,PROD0025,2026-02-02 05:29:23,195.6,4
TXN000627,CUST00916,PROD0074,2026-02-15 14:15:43,304.17,4
TXN000628,CUST00340,PROD0021,2026-02-22 14:46:04,524.57,
TXN000629,CUST00802,PROD0034,2026-02-01 22:34:07,655.49,10
TXN000630,CUST00300,PROD0093,2026-02-05 01:23:25,4557.29,9
TXN000631,CUST00777,PROD0097,2026-02-04 03:46:10,2628.12,6
TXN000632,CUST00711,PROD0091,2026-02-14 07:48:16,1856.27,8
TXN000633,CUST00144,PROD0037,2026-03-01 07:56:23,683.12,5
TXN000634,CUST00690,PROD0096,2026-02-04 22:08:09,266.61,7
TXN000635,CUST00013,PROD0093,2026-02-13 23:55:33,4926.16,10
TXN000636,CUST00536,PROD0063,2026-02-09 05:55:33,236947.46,8
TXN000637,CUST00624,PROD0016,2026-02-09 06:22:31,67.17,1
TXN000638,CUST00208,PROD0005,2026-02-17 20:06:21,213948.15,5
TXN000639,CUST00058,PROD0067,2026-02-22 07:16:51,492.48,4
TXN000640,CUST00285,PROD0025,2026-02-06 02:57:57,229.36,5
TXN000641,CUST00550,PROD0007,2026-02-19 20:04:12,177.89,8
TXN000642,CUST00583,PROD9906,2026-02-02 03:46:56,757.99,4
TXN000643,CUST00417,PROD0064,2026-02-09 05:21:32,868.59,5
TXN000644,CUST00575,PROD0081,2026-02-15 03:48:11,3643.19,6
TXN000645,CUST00690,PROD0057,2026-02-19 20:43:34,583.95,4
TXN000646,CUST00544,PROD0088,2026-02-20 19:13:36,2000.7,6
TXN000647,CUST00161,PROD0067,2026-02-14 20:38:50,715.21,5
TXN000648,CUST00314,PROD0046,2026-02-03 23:20:28,233.33,10
TXN000649,CUST00363,PROD0018,2026-02-15 08:01:52,11399.89,4
TXN000185,CUST00334,PROD0095,2026-02-23 06:39:32,451.09,5
TXN000651,CUST00482,PROD0006,2026-02-05 21:24:44,666.89,8
TXN000652,CUST00351,PROD0048,2026-02-15 09:07:30,162.43,2
TXN000653,CUST00307,PROD0072,2026-02-27 14:15:20,1042.33,5
TXN000654,CUST00892,PROD0092,2026-02-06 10:54:23,1571.19,8
TXN000655,CUST00204,PROD0091,2026-02-21 08:38:47,716.35,3
TXN000656,CUST00542,PROD0066,2026-02-18 00:36:27,766.68,9
TXN000657,CUST00069,PROD0073,2026-02-27 17:49:07,22889.92,9
TXN000658,CUST00770,PROD0088,2026-02-16 08:29:28,974.24,3
TXN000659,CUST00710,PROD0056,2026-02-01 00:25:36,270860.43,10
TXN000660,CUST00787,PROD0059,2026-02-09 21:12:49,4234.22,6
TXN000661,CUST00316,PROD0004,2026-02-12 19:54:02,18297.02,9
TXN000662,CUST00207,PROD0055,2026-02-21 07:59:58,,6
TXN000663,CUST00127,PROD0049,2026-03-01 14:55:47,422.66,4
TXN000664,CUST00835,PROD0023,2026-02-13 18:46:33,840.95,4
TXN000665,CUST00196,PROD0012,2026-02-04 16:23:30,-619.97,2
TXN000666,CUST00857,PROD0084,2026-02-20 07:44:05,391851.92,7
TXN000667,CUST00182,PROD0017,2026-02-13 04:08:44,20172.53,1
TXN000668,CUST00425,PROD0054,2026-02-24 05:59:33,3329.42,3
TXN000231,CUST00641,PROD0034,2026-02-10 10:01:50,-127.98,1
TXN000670,CUST00740,PROD0021,2026-02-26 00:22:57,18949.38,7
TXN000671,CUST00550,PROD0078,2026-02-04 20:00:19,217.39,5
TXN000672,CUST00490,PROD0074,2026-02-23 04:14:32,209.63,3
TXN000673,CUST00108,PROD0033,2026-02-24 23:42:19,1387.57,8
TXN000674,CUST00135,PROD0048,2026-02-08 04:37:47,84.82,1
TXN000675,CUST00015,PROD0005,2026-02-03 07:10:25,382707.77,10
TXN000676,CUST00416,PROD0028,2026-02-15 19:16:34,151.6,5
TXN000677,CUST00350,PROD0063,2026-02-05 17:29:42,3029.41,6
TXN000678,CUST00557,PROD0030,2026-02-15 03:07:35,463.27,3
TXN000679,CUST00888,PROD0024,2026-02-17 16:12:09,2086.38,4
TXN000680,CUST00577,PROD0068,2026-02-28 17:23:34,680.05,9
TXN000681,CUST00232,PROD0097,2026-02-07 04:34:39,1916.05,4
TXN000682,CUST00996,PROD0061,2026-02-15 10:08:46,897.81,1
TXN000683,CUST00609,PROD0008,2026-02-05 13:08:09,693.06,3
TXN000684,CUST00662,PROD0076,2026-02-23 07:53:22,128.72,5
TXN000685,CUST00211,PROD0087,2026-02-21 10:00:40,113.34,5
TXN000686,CUST00842,PROD0096,2026-02-10 14:09:04,193.94,6
TXN000687,CUST00642,PROD0075,2026-02-24 22:44:55,446.24,5
TXN000688,CUST00372,PROD0086,2026-02-14 22:27:26,1884.57,2
TXN000689,CUST00521,PROD0086,2026-02-03 08:22:05,595.17,0
TXN000690,CUST00800,PROD0063,2026-02-12 19:53:36,3907.62,9
TXN000691,CUST00659,PROD0074,2026-02-26 03:48:15,797.55,10
TXN000692,CUST00873,PROD0067,2026-02-28 12:52:51,109658.75,7
TXN000693,CUST00822,PROD0059,2026-02-02 08:22:52,4125.09,6
TXN000694,CUST00651,PROD0021,2026-02-23 17:49:55,17238.85,6
TXN000695,CUST00092,PROD0079,2026-02-12 23:51:53,309418.41,6
TXN000696,CUST00510,PROD0097,2026-02-17 06:16:54,2564.23,6
TXN000697,CUST00017,PROD0075,2026-02-20 16:44:41,759.11,9
TXN000698,CUST00613,PROD0085,2026-02-17 08:09:45,9357.26,6
TXN000699,CUST00909,PROD0079,2026-02-11 02:20:14,54243.42,1
TXN000681,CUST00225,PROD0029,2026-02-15 20:51:13,435172.45,5
TXN000701,CUST00197,PROD0067,2026-02-11 12:40:36,1010.06,7
TXN000702,CUST00241,PROD0031,2026-02-19 17:22:04,314.11,3
TXN000703,CUST00099,PROD0065,2026-02-07 15:34:20,199556.55,10
TXN000704,CUST00230,PROD0074,2026-02-03 01:29:39,710.42,10
TXN000705,CUST00059,PROD0062,2026-02-02 22:09:04,1162.95,2
TXN000706,CUST00613,PROD0091,2026-02-05 04:25:13,1177.88,5
TXN000707,CUST00969,PROD0099,2026-02-12 21:37:20,1607.12,10
TXN000708,CUST00066,PROD0094,2026-02-24 23:12:15,391467.12,3
TXN000709,CUST00588,PROD0088,2026-02-17 13:24:44,1770.42,6
TXN000710,CUST00093,PROD0052,2026-02-23 07:22:41,1973.88,6
TXN000711,CUST00036,PROD0048,2026-02-26 05:00:33,-94.86,-5
TXN000712,CUST00636,PROD0069,2026-02-23 11:06:55,121342.85,3
TXN000713,CUST00182,PROD0057,2026-03-01 19:02:59,296.82,2
TXN000714,CUST00531,PROD0013,2026-02-14 06:38:09,254.42,6
TXN000715,CUST00120,PROD0009,2026-02-19 07:23:09,1769.13,8
TXN000716,CUST00831,PROD0085,2026-02-07 18:06:54,10573.92,6
TXN000717,CUST00659,PROD0042,2026-02-25 14:48:12,1692.52,7
TXN000718,CUST00496,PROD0040,2026-02-14 09:49:43,857.28,9
TXN000719,CUST00585,PROD0083,2026-02-19 23:03:34,1104.98,5
TXN000720,CUST00445,PROD0068,2026-02-02 05:32:23,79.49,1
TXN000721,CUST00075,PROD0064,2026-02-23 18:40:39,925.07,0
TXN000563,CUST00938,PROD0023,2026-02-17 07:23:58,210.93,1
TXN000723,CUST00697,PROD0081,2026-02-20 06:56:41,-176.45,5
TXN000724,CUST00615,PROD9906,2026-02-28 22:49:28,167.33,4
TXN000725,CUST00550,PROD0095,2026-02-21 21:45:59,473.95,5
TXN000726,CUST00843,PROD0026,2026-02-27 17:54:31,712.7,9
TXN000727,CUST00189,PROD0089,2026-02-04 02:15:27,2088.09,8
TXN000728,CUST00998,PROD0027,2026-02-06 10:02:36,-190.79,-1
TXN000729,CUST00660,PROD0049,2026-02-25 09:32:04,390.41,4
TXN000730,CUST00617,PROD0072,2026-02-24 04:35:20,411.23,2
TXN000731,CUST00241,PROD0014,2026-02-08 07:00:24,128.45,
TXN000732,CUST00578,PROD0003,2026-02-09 15:59:36,702.84,5
TXN000733,CUST00257,PROD0082,2026-02-15 15:58:57,10767.17,9
TXN000734,CUST00398,PROD0021,2026-02-18 23:01:27,8780.75,3
TXN000735,CUST00129,PROD0046,2026-02-23 12:26:56,172.52,8
TXN000736,CUST00741,PROD0032,2026-02-23 22:12:36,1441.75,10
TXN000737,CUST00315,PROD0019,2026-02-14 03:34:41,344.31,10
TXN000738,CUST00960,PROD0024,2026-02-15 00:44:13,1510.72,3
TXN000739,CUST00801,PROD0020,2026-02-16 10:29:15,3810.81,3
TXN000740,CUST00644,PROD0087,2026-02-26 02:05:01,932.25,
TXN000741,CUST00981,PROD0009,2026-02-18 19:58:20,1744.16,8
TXN000742,CUST00923,PROD0021,2026-02-16 03:34:58,8487.05,3
TXN000743,CUST00256,PROD0085,2026-02-25 14:06:48,12490.22,7
TXN000744,CUST00372,PROD0075,2026-02-11 05:28:57,886.75,0
TXN000745,CUST00071,PROD0080,2026-02-20 21:25:58,1072.72,4
TXN000746,CUST00618,PROD0064,2026-03-01 19:57:37,518.29,3
TXN000747,CUST00025,PROD0022,2026-02-28 20:15:44,315.77,8
TXN000748,CUST00676,PROD0071,2026-02-28 04:55:59,,10
TXN000749,CUST00390,PROD0089,2026-02-08 08:44:24,2187.75,9
TXN000750,CUST00737,PROD0025,2026-02-14 09:17:05,96.72,2
TXN000751,CUST00132,PROD0014,2026-02-22 02:11:23,2485.21,10
TXN000124,CUST00350,PROD0080,2026-02-27 04:37:40,2126.3,8
TXN000753,CUST00143,PROD0096,2026-01-31 02:11:05,,2
TXN000754,CUST00052,PROD0050,2026-02-19 20:33:12,1259.46,4
TXN000755,CUST00607,PROD0008,2026-02-15 05:32:00,860.43,4
TXN000756,CUST00780,PROD0024,2026-02-02 10:48:14,5112.53,10
TXN000757,CUST00354,PROD0068,2026-03-01 20:56:43,211.97,3
TXN000758,CUST00838,PROD0087,2026-02-05 22:28:00,48.15,2
TXN000759,CUST00983,PROD0034,2026-02-06 10:28:22,578.34,8
TXN000760,CUST00234,PROD0006,2026-02-07 11:26:29,538.14,6
TXN000761,CUST00464,PROD0095,2026-02-05 12:26:01,521.55,6
TXN000762,CUST00838,PROD0023,2026-02-25 18:11:13,1354.31,7
TXN000763,CUST00850,PROD0071,2026-02-21 07:12:31,15461.36,8
TXN000764,CUST00985,PROD0042,2026-02-07 15:38:18,2143.77,9
TXN000050,CUST00347,PROD0088,2026-02-10 13:39:07,3013.15,9
TXN000766,CUST00994,PROD0003,2026-02-15 11:26:15,842.21,6
TXN000767,CUST00184,PROD0072,2026-02-19 18:50:21,611.26,3
TXN000768,CUST00625,PROD0032,2026-02-14 18:30:56,328.44,
TXN000769,CUST00923,PROD0094,2026-02-21 02:28:24,4924.89,5
TXN000770,CUST00004,PROD0080,2026-02-14 17:09:50,1662.12,6
TXN000771,CUST00193,PROD0077,2026-02-10 03:18:46,255.74,4
TXN000772,CUST00874,PROD9904,2026-02-23 04:18:01,910.71,7
TXN000773,CUST00093,PROD0057,2026-02-05 10:06:59,741.02,5
TXN000774,CUST00018,PROD0042,2026-02-12 15:23:09,1745.38,7
TXN000775,CUST00857,PROD0083,2026-02-20 10:36:48,1828.72,9
TXN000776,CUST00156,PROD0021,2026-02-07 07:05:48,17140.54,6
TXN000777,CUST00538,PROD0051,2026-02-07 04:35:52,626.77,4
TXN000778,CUST00661,PROD0004,2026-02-28 20:53:44,2063.06,1
TXN000779,CUST00328,PROD0097,2026-02-09 21:25:01,2284.4,5
TXN000780,CUST00604,PROD0030,2026-02-11 15:00:22,1667.14,10
TXN000781,CUST00008,PROD0096,2026-02-10 09:17:35,254.49,7
TXN000782,CUST00267,PROD0084,2026-02-20 14:01:28,423.69,9
TXN000783,CUST00956,PROD0026,2026-02-05 18:47:47,334.04,4
TXN000784,CUST00581,PROD0033,2026-02-23 16:01:19,-186.07,-1
TXN000785,CUST00401,PROD0022,2026-01-31 15:30:35,148.87,4
TXN000230,CUST00970,PROD0001,2026-02-20 14:24:46,399.46,3
TXN000787,CUST00382,PROD0054,2026-02-09 00:19:49,2279.89,2
TXN000788,CUST00210,PROD0082,2026-02-06 21:50:01,10446.44,8
TXN000789,CUST00199,PROD0035,2026-03-01 22:36:30,6820.63,3
TXN000688,CUST00423,PROD0002,2026-02-11 01:42:04,52.81,5
TXN000791,CUST00987,PROD0031,2026-02-07 14:51:00,99.33,1
TXN000792,CUST00238,PROD0096,2026-02-28 09:23:05,277.5,8
TXN000793,CUST00554,PROD0095,2026-02-09 11:26:11,537.6,6
TXN000794,CUST00507,PROD0053,2026-02-18 13:05:38,39.16,3
TXN000795,CUST00169,PROD0044,2026-02-13 20:09:38,4661.57,3
TXN000796,CUST00406,PROD0054,2026-02-01 03:32:34,2120.48,2
TXN000797,CUST00701,PROD0043,2026-02-14 03:20:46,641.1,6
TXN000798,CUST00768,PROD0097,2026-02-26 07:40:41,1923.22,4
TXN000799,CUST00938,PROD0040,2026-02-22 12:19:52,187.48,2
TXN000800,CUST00848,PROD0010,2026-02-27 08:28:07,237268.49,6
TXN000801,CUST00604,PROD0082,2026-02-10 18:02:43,1188.58,1
TXN000802,CUST00771,PROD0013,2026-02-16 22:37:39,367.1,8
TXN000803,CUST00259,PROD0011,2026-02-22 23:53:45,66.23,2
TXN000804,CUST00318,PROD0091,2026-02-02 14:13:39,252.39,1
TXN000632,CUST00515,PROD0036,2026-02-07 18:24:51,501.07,1
TXN000806,CUST00875,PROD0038,2026-02-10 10:27:07,477.6,2
TXN000807,CUST00928,PROD0049,2026-02-28 09:11:14,1066.47,10
TXN000808,CUST00104,PROD0017,2026-02-06 19:36:01,117473.01,6
TXN000809,CUST00557,PROD0061,2026-02-28 08:27:35,1893.08,2
TXN000810,CUST00942,PROD0018,2026-02-26 00:10:05,10418.14,4
TXN000811,CUST00809,PROD0075,2026-02-16 03:35:02,238.19,3
TXN000812,CUST00013,PROD0086,2026-02-21 18:33:00,2695.0,3
TXN000813,CUST00490,PROD0013,2026-02-24 12:35:40,84.17,2
TXN000814,CUST00526,PROD0010,2026-02-11 05:15:40,115.46,6
TXN000815,CUST00329,PROD0004,2026-02-23 21:46:59,15894.72,8
TXN000816,CUST00810,PROD0053,2026-02-09 20:10:15,67.01,5
TXN000817,CUST00295,PROD0019,2026-02-05 20:02:23,917.94,5
TXN000818,CUST00335,PROD0061,2026-02-13 15:24:48,8868.76,10
TXN000819,CUST00481,PROD0089,2026-02-14 10:34:33,472.7,2
TXN000820,CUST00321,PROD0042,2026-01-31 07:36:12,1253.91,5
TXN000821,CUST00686,PROD0099,2026-02-10 04:51:49,637.21,4
TXN000822,CUST00596,PROD0016,2026-02-06 23:56:18,246.01,4
TXN000823,CUST00384,PROD0062,2026-02-07 08:59:36,3489.24,6
TXN000824,CUST00403,PROD9903,2026-02-04 08:59:31,571.78,9
TXN000825,CUST00438,PROD0063,2026-02-10 03:30:27,1005.63,2
TXN000826,CUST00072,PROD0071,2026-02-12 08:08:50,14709.58,7
TXN000277,CUST00737,PROD0056,2026-02-22 07:14:39,172735.8,5
TXN000496,CUST00226,PROD0050,2026-02-23 17:39:01,662.12,2
TXN000829,CUST00253,PROD0029,2026-02-22 14:39:10,274077.88,4
TXN000830,CUST00868,PROD0092,2026-02-15 14:09:47,182052.3,10
TXN000831,CUST00351,PROD0064,2026-02-13 19:24:53,604.94,4
TXN000832,CUST00807,PROD0028,2026-02-19 11:25:17,168.54,5
TXN000833,CUST00577,PROD0090,2026-02-27 14:45:51,2516.84,10
TXN000834,CUST00092,PROD0045,2026-02-22 08:23:58,15772.84,8
TXN000835,CUST00201,PROD0049,2026-02-18 01:48:14,294.41,3
TXN000836,CUST00464,PROD0019,2026-02-02 13:17:55,76.11,4
TXN000837,CUST00587,PROD0095,2026-02-24 09:35:30,263.35,3
TXN000838,CUST00104,PROD0023,2026-02-12 03:49:29,1342.31,6
TXN000839,CUST99002,PROD0066,2026-02-03 00:32:32,152917.26,7
TXN000840,CUST00252,PROD0091,2026-02-26 22:15:10,219.48,1
TXN000841,CUST00694,PROD0071,2026-02-12 23:25:56,19478.91,9
TXN000842,CUST00537,PROD0022,2026-02-13 15:08:51,79.37,2
TXN000843,CUST00385,PROD0004,2026-02-19 15:12:48,455.44,0
TXN000844,CUST00144,PROD0039,2026-02-17 07:09:01,715.76,8
TXN000845,CUST00134,PROD0007,2026-02-22 04:57:40,119.28,5
TXN000846,CUST00080,PROD0046,2026-02-03 16:35:30,170.63,8
TXN000847,CUST99001,PROD0092,2026-02-12 08:03:01,1772.28,9
TXN000848,CUST00335,PROD0007,2026-02-04 16:37:07,182.27,8
TXN000849,CUST00519,PROD0020,2026-01-31 12:21:42,5836.79,5
TXN000850,CUST00226,PROD0039,2026-03-01 04:12:26,432.64,7
TXN000851,CUST00216,PROD9901,2026-02-24 01:16:46,173.95,2
TXN000852,CUST00686,PROD0044,2026-02-10 23:23:54,7661.62,5
TXN000853,CUST00335,PROD0086,2026-02-08 22:37:33,9586.76,10
TXN000854,CUST00963,PROD0064,2026-02-06 12:03:37,231.39,5
TXN000855,CUST00255,PROD0020,2026-01-31 03:44:34,8406.19,7
TXN000856,CUST00493,PROD0085,2026-02-27 10:59:56,11793.13,7
TXN000054,CUST00242,PROD0063,2026-01-31 12:37:13,1783.67,4
TXN000858,CUST00386,PROD0013,2026-02-27 02:50:47,970.36,0
TXN000859,CUST00053,PROD9902,2026-02-28 04:18:53,173.57,6
TXN000860,CUST00597,PROD0006,2026-02-10 00:52:59,245.38,3
TXN000861,CUST00857,PROD0079,2026-02-20 04:04:29,247625.01,5
TXN000862,CUST00291,PROD0044,2026-02-08 05:44:30,8772.08,6
TXN000863,CUST00953,PROD0040,2026-02-08 10:13:15,334.7,3
TXN000864,CUST00130,PROD0010,2026-02-20 10:44:20,161.41,8
TXN000865,CUST00602,PROD0091,2026-02-23 15:41:02,1546.9,7
TXN000866,CUST00192,PROD0060,2026-02-08 12:50:45,249.37,8
TXN000867,CUST00938,PROD0090,2026-02-24 00:55:50,1383.84,5
TXN000868,CUST00246,PROD0064,2026-02-21 06:46:11,802.21,1
TXN000869,CUST99007,PROD0065,2026-02-23 06:09:21,173614.04,9
TXN000870,CUST00202,PROD0094,2026-02-04 01:29:46,4240.67,5
TXN000871,CUST00643,PROD0009,2026-02-14 13:59:29,2428.3,10
TXN000872,CUST00913,PROD0005,2026-02-03 07:42:57,259483.02,7
TXN000873,CUST00407,PROD9900,2026-02-27 08:34:52,,7
TXN000874,CUST00786,PROD0040,2026-02-05 19:42:03,993.71,10
TXN000875,CUST00399,PROD0043,2026-02-24 17:41:12,947.11,0
TXN000534,CUST00749,PROD0085,2026-02-20 21:16:26,10902.52,7
TXN000877,CUST00556,PROD0082,2026-02-27 02:09:55,1317.18,1
TXN000878,CUST00184,PROD0058,2026-02-19 03:32:49,3857.89,9
TXN000879,CUST00808,PROD0023,2026-02-17 06:34:16,1888.87,10
TXN000880,CUST00165,PROD0089,2026-02-12 06:30:59,,6
TXN000881,CUST00443,PROD0066,2026-02-05 12:13:10,617.66,8
TXN000882,CUST00673,PROD0100,2026-02-14 17:49:29,101489.69,6
TXN000609,CUST00665,PROD0096,2026-02-03 00:20:55,108.08,3
TXN000884,CUST00507,PROD0071,2026-02-06 10:07:39,12257.52,6
TXN000047,CUST00308,PROD0018,2026-02-07 08:52:24,12223.89,5
TXN000886,CUST00316,PROD0053,2026-03-01 00:18:20,26.82,2
TXN000887,CUST00098,PROD0099,2026-02-19 10:56:07,574.82,4
TXN000888,CUST00773,PROD0011,2026-02-04 22:35:59,301.55,9
TXN000889,CUST00042,PROD0054,2026-02-27 21:21:17,3204.56,3
TXN000890,CUST00481,PROD0052,2026-02-12 03:16:10,3008.3,9
TXN000891,CUST00718,PROD0081,2026-02-04 00:30:13,1955.79,3
TXN000892,CUST00006,PROD0035,2026-02-11 23:49:53,21451.26,9
TXN000893,CUST00300,PROD0052,2026-02-11 13:58:37,1440.15,4
TXN000894,CUST00002,PROD0052,2026-02-11 06:47:16,3194.53,10
TXN000895,CUST00042,PROD0032,2026-02-06 01:46:04,372.04,3
TXN000087,CUST00850,PROD0053,2026-02-26 10:13:28,25.81,2
TXN000897,CUST00455,PROD0082,2026-02-25 06:24:22,4935.95,4
TXN000898,CUST00163,PROD0008,2026-02-06 14:33:18,405.11,2
TXN000899,CUST99008,PROD0059,2026-02-18 09:41:14,3314.99,5
TXN000900,CUST00137,PROD9903,2026-02-09 15:24:14,118.73,9
TXN000901,CUST00707,PROD0085,2026-02-13 09:47:25,18289.11,10
TXN000902,CUST00981,PROD0072,2026-02-02 19:36:51,542.7,3
TXN000903,CUST00707,PROD0054,2026-02-11 10:00:30,2067.75,2
TXN000904,CUST00205,PROD0086,2026-02-03 19:36:36,5990.98,7
TXN000905,CUST00483,PROD0069,2026-02-19 15:14:27,40481.29,1
TXN000906,CUST00210,PROD0069,2026-02-06 02:06:43,353670.18,9
TXN000907,CUST00263,PROD9909,2026-02-16 03:17:41,924.33,8
TXN000908,CUST00257,PROD0069,2026-02-06 20:48:15,194902.13,5
TXN000562,CUST00222,PROD0043,2026-02-26 02:32:37,1004.7,10
TXN000910,CUST00713,PROD0095,2026-02-26 20:36:01,391.68,4
TXN000911,CUST00215,PROD0038,2026-02-15 01:42:28,830.63,3
TXN000912,CUST00780,PROD0088,2026-02-16 04:44:04,313212.33,3
TXN000913,CUST00217,PROD0054,2026-02-26 13:14:44,5651.14,5
TXN000914,CUST00606,PROD0075,2026-02-19 14:10:53,723.09,9
TXN000915,CUST00456,PROD0034,2026-02-10 06:59:46,76.4,1
TXN000916,CUST00596,PROD0089,2026-02-25 01:14:47,510.19,2
TXN000917,CUST00055,PROD0069,2026-02-01 07:51:08,40394.98,1
TXN000918,CUST00348,PROD0012,2026-02-21 08:21:35,90.03,3
TXN000919,CUST00716,PROD0067,2026-02-25 19:28:04,1175.23,9
TXN000920,CUST00346,PROD0098,2026-03-01 00:49:42,203.51,1
TXN000921,CUST00705,PROD0013,2026-02-15 17:41:23,,10
TXN000922,CUST00389,PROD0065,2026-02-09 09:48:18,39650.45,2
TXN000923,CUST00535,PROD0010,2026-02-25 05:52:48,194.88,10
TXN000924,CUST00046,PROD0001,2026-02-08 08:56:15,741.36,6
TXN000925,CUST00126,PROD0020,2026-02-04 08:32:14,7936.64,6
TXN000926,CUST00043,PROD0006,2026-02-09 15:03:26,569.06,7
TXN000927,CUST00791,PROD0082,2026-02-02 16:11:08,6704.53,5
TXN000928,CUST00912,PROD0068,2026-02-06 00:16:40,235.44,3
TXN000929,CUST00736,PROD0068,2026-02-09 02:25:17,151.05,2
TXN000930,CUST00661,PROD0094,2026-02-20 13:19:10,6822.33,7
TXN000931,CUST00107,PROD0100,2026-02-21 02:29:55,238420.38,7
TXN000932,CUST00776,PROD0006,2026-02-24 12:50:14,471.43,6
TXN000933,CUST00024,PROD0061,2026-02-17 09:26:50,4369.37,5
TXN000934,CUST00232,PROD0048,2026-02-22 17:44:32,410.36,5
TXN000935,CUST00705,PROD0038,2026-02-08 20:03:54,1116.19,4
TXN000936,CUST00264,PROD0091,2026-02-26 12:46:14,483.27,2
TXN000937,CUST00127,PROD0078,2026-02-23 07:37:05,183.87,4
TXN000938,CUST00417,PROD0093,2026-02-27 02:58:48,4733.12,9
TXN000939,CUST00879,PROD0071,2026-02-06 16:57:00,334436.53,-1
TXN000940,CUST00131,PROD0068,2026-01-31 00:15:44,610.19,8
TXN000941,CUST00984,PROD0054,2026-01-31 00:56:39,6809.6,7
TXN000942,CUST00073,PROD0068,2026-02-09 18:18:06,282.56,4
TXN000074,CUST00418,PROD0093,2026-02-24 06:38:38,926.59,2
TXN000944,CUST00038,PROD0094,2026-02-20 04:33:34,985.03,1
TXN000945,CUST00405,PROD0096,2026-02-28 16:44:06,116.14,3
TXN000946,CUST00057,PROD0027,2026-02-18 12:25:56,160.91,1
TXN000947,CUST00976,PROD0028,2026-02-21 10:22:03,259.99,9
TXN000948,CUST00782,PROD0019,2026-02-10 06:33:53,558.99,1
TXN000949,CUST00799,PROD0039,2026-02-22 15:55:42,-766.25,9
TXN000950,CUST00463,PROD0003,2026-02-10 01:32:23,1243.44,10
TXN000951,CUST99007,PROD0075,2026-02-04 05:25:48,854.98,10
TXN000952,CUST00800,PROD0071,2026-02-09 19:48:38,15412.79,8
TXN000953,CUST00653,PROD0032,2026-02-25 10:36:06,1280.6,9
TXN000954,CUST00912,PROD0024,2026-02-03 07:18:49,3785.49,7
TXN000955,CUST00572,PROD0051,2026-02-09 03:29:48,136.55,1
TXN000956,CUST00234,PROD0029,2026-02-19 21:42:38,92.09,4
TXN000957,CUST99004,PROD0045,2026-02-16 21:07:09,19575.55,10
TXN000958,CUST00605,PROD0070,2026-02-08 04:27:42,257.02,9
TXN000959,CUST00016,PROD0055,2026-02-26 21:53:43,1036.98,4
TXN000960,CUST00864,PROD0035,2026-02-17 17:09:15,12583.33,5
TXN000961,CUST00169,PROD0029,2026-03-01 00:42:54,203.67,10
TXN000962,CUST00782,PROD0026,2026-02-27 02:42:12,466.49,6
TXN000963,CUST00058,PROD0036,2026-02-27 09:40:38,2802.95,6
TXN000964,CUST00597,PROD0083,2026-02-16 20:09:03,946.8,4
TXN000965,CUST00401,PROD0092,2026-02-15 04:46:25,1381.43,7
TXN000966,CUST00894,PROD0081,2026-02-03 15:59:24,1665.17,3
TXN000967,CUST00960,PROD0069,2026-02-21 02:12:12,162989.31,4
TXN000968,CUST00208,PROD0052,2026-02-26 14:34:59,373.92,1
TXN000969,CUST00168,PROD9901,2026-02-22 13:15:52,577.7,6
TXN000970,CUST00224,PROD0086,2026-02-12 09:19:16,2511.27,3
TXN000971,CUST00997,PROD0056,2026-02-21 09:03:15,183597.32,5
TXN000972,CUST00759,PROD0086,2026-02-13 05:58:11,2918.96,3
TXN000973,CUST00105,PROD0034,2026-02-13 13:10:36,572.4,8
TXN000974,CUST00238,PROD0070,2026-02-22 03:54:32,177.13,6
TXN000975,CUST00505,PROD0076,2026-02-12 23:40:27,48.3,2
TXN000976,CUST00415,PROD0019,2026-02-02 00:23:48,188.64,-1
TXN000977,CUST00164,PROD0051,2026-02-08 21:23:00,1351.69,9
TXN000978,CUST00075,PROD0099,2026-01-31 05:04:36,1609.25,10
TXN000470,CUST00699,PROD0056,2026-02-10 19:34:18,39523.32,1
TXN000980,CUST00975,PROD0094,2026-02-22 21:53:34,10206.81,10
TXN000981,CUST00621,PROD0095,2026-02-10 16:35:40,188.67,2
TXN000982,CUST00935,PROD0084,2026-02-15 02:22:59,431.35,9
TXN000983,CUST00027,PROD0058,2026-02-21 12:49:04,823.04,2
TXN000984,CUST00555,PROD0080,2026-02-11 13:32:31,774.39,3
TXN000985,CUST00040,PROD0069,2026-02-19 21:33:00,109577.4,3
TXN000986,CUST00680,PROD0047,2026-02-05 12:24:46,-875.18,8
TXN000987,CUST00384,PROD0024,2026-01-31 16:25:29,2033.39,4
TXN000988,CUST00975,PROD0069,2026-02-06 18:54:17,163862.21,4
TXN000989,CUST00349,PROD0034,2026-02-27 21:43:58,708.41,9
TXN000990,CUST00399,PROD0074,2026-02-24 12:37:14,315.5,4
TXN000991,CUST00963,PROD0072,2026-02-07 12:23:23,1751.28,8
TXN000992,CUST99005,PROD0099,2026-02-08 09:52:16,679.53,4
TXN000993,CUST00077,PROD0015,2026-01-31 15:38:30,1062.58,4
TXN000994,CUST00859,PROD0051,2026-02-20 02:20:18,819.44,6
TXN000995,CUST00220,PROD0061,2026-02-06 16:06:15,-40.21,8
TXN000996,CUST00112,PROD0099,2026-02-04 02:02:49,1389.35,8
TXN000997,CUST00575,PROD0094,2026-02-03 04:48:30,-4690.69,-5
TXN000998,CUST00167,PROD0043,2026-02-12 13:26:03,1025.59,10
TXN000999,CUST00172,PROD0091,2026-02-19 16:21:47,1240.74,5
TXN001000,CUST00325,PROD0079,2026-02-20 05:32:08,524632.5,10
TXN001001,CUST00140,PROD0001,2026-02-01 01:02:09,835.03,6
TXN001002,CUST00659,PROD0015,2026-02-04 10:55:20,262.5,1
TXN001003,CUST00756,PROD0013,2026-02-20 09:18:54,461.59,10
TXN001004,CUST00515,PROD0029,2026-02-16 14:57:40,100.58,5
TXN001005,CUST00757,PROD0048,2026-02-20 06:04:33,228.38,3
TXN001006,CUST00130,PROD0019,2026-02-01 20:00:40,886.63,2
TXN001007,CUST00502,PROD0092,2026-02-12 14:22:01,1683.26,8
TXN001008,CUST00359,PROD0042,2026-02-21 23:23:35,1965.6,8
TXN000167,CUST00524,PROD0086,2026-02-06 14:24:57,3643.1,4
TXN001010,CUST00124,PROD0023,2026-02-27 14:43:13,900.55,4
TXN001011,CUST00334,PROD0020,2026-02-11 18:58:39,9104.96,7
TXN001012,CUST00600,PROD0039,2026-02-22 17:35:09,964.51,3
TXN001013,CUST00554,PROD0072,2026-02-20 08:26:07,1516.45,8
TXN001014,CUST00965,PROD9905,2026-02-21 08:36:51,188.66,8
TXN001015,CUST00882,PROD0001,2026-02-24 18:11:28,131.86,1
TXN001016,CUST00737,PROD0063,2026-02-07 10:08:37,4570.24,9
TXN001017,CUST00813,PROD0094,2026-02-04 23:55:03,295578.68,3
TXN001018,CUST00583,PROD0088,2026-02-23 22:47:46,1792.9,6
TXN001019,CUST00818,PROD0097,2026-02-04 01:12:01,2014.02,5
TXN001020,CUST00329,PROD0009,2026-02-18 05:13:55,,2
TXN001021,CUST00798,PROD0076,2026-02-06 11:42:01,103.15,4
TXN001022,CUST00202,PROD0074,2026-02-16 15:05:13,565.15,8
TXN001023,CUST00156,PROD0021,2026-02-26 21:59:44,17341.53,7
TXN001024,CUST00092,PROD0049,2026-02-17 03:08:58,237176.23,2
TXN001025,CUST00638,PROD0028,2026-02-28 09:36:12,360250.96,6
TXN001026,CUST00783,PROD0023,2026-02-26 02:18:01,1394.49,7
TXN000938,CUST00138,PROD0037,2026-02-17 04:01:53,589.63,4
TXN001028,CUST00068,PROD0095,2026-02-09 00:51:59,971.18,10
TXN001029,CUST99001,PROD0059,2026-02-26 04:17:12,4076.18,6
TXN001030,CUST00867,PROD0010,2026-02-01 23:49:09,152.54,8
TXN001031,CUST00507,PROD0022,2026-02-10 19:03:28,74.8,2
TXN001032,CUST00289,PROD0014,2026-02-19 10:16:55,221.73,1
TXN001033,CUST00631,PROD0052,2026-02-14 18:58:49,2125.37,6
TXN001034,CUST00798,PROD0048,2026-02-20 13:53:11,441.03,5
TXN001035,CUST00114,PROD0008,2026-02-05 03:51:50,221.94,1
TXN001036,CUST00461,PROD0098,2026-02-27 15:10:27,,9
TXN001037,CUST00376,PROD0019,2026-02-11 00:55:46,203.53,6
TXN001038,CUST00253,PROD0092,2026-02-22 10:05:03,972.68,5
TXN001039,CUST00180,PROD0026,2026-03-01 00:36:27,764.88,9
TXN001040,CUST00509,PROD0016,2026-02-12 00:21:12,270.04,4
TXN001041,CUST00859,PROD0051,2026-02-16 04:05:22,1395.21,9
TXN000604,CUST00413,PROD0013,2026-02-20 10:40:37,85.49,2
TXN001043,CUST00259,PROD0096,2026-02-09 08:37:15,336.79,9
TXN001044,CUST00277,PROD0041,2026-02-22 21:45:04,5224.5,3
TXN001045,CUST00851,PROD0064,2026-01-31 12:50:38,206.68,8
TXN001046,CUST00834,PROD0078,2026-02-12 23:18:06,311.82,7
TXN001047,CUST00585,PROD0030,2026-02-03 05:48:20,646.92,4
TXN001048,CUST00934,PROD0079,2026-02-15 00:04:45,270988.36,5
TXN001049,CUST00479,PROD0059,2026-02-03 17:54:10,5026.04,7
TXN000337,CUST00266,PROD0070,2026-02-04 02:15:23,313.4,10
TXN001051,CUST00151,PROD0011,2026-02-15 00:46:53,349.77,10
TXN001052,CUST00994,PROD0052,2026-02-01 08:19:34,671.55,2
TXN001053,CUST00585,PROD0065,2026-02-18 14:59:00,17441.81,1
TXN001054,CUST00096,PROD0024,2026-02-03 06:24:36,5139.77,10
TXN001055,CUST00512,PROD0076,2026-02-21 05:38:42,216.89,9
TXN001056,CUST00869,PROD0082,2026-02-28 08:02:37,2644.25,2
TXN001057,CUST00046,PROD0071,2026-02-09 07:11:31,18206.15,9
TXN001058,CUST00595,PROD0085,2026-02-08 20:25:11,1762.25,1
TXN001059,CUST00393,PROD0093,2026-02-21 19:27:01,3888.62,9
TXN001060,CUST00146,PROD0046,2026-02-11 07:52:40,-32.35,9
TXN001061,CUST00714,PROD0079,2026-02-28 13:08:16,146509.51,3
TXN001062,CUST00639,PROD0012,2026-02-20 02:13:53,114.68,4
TXN001063,CUST00895,PROD0053,2026-02-26 07:13:30,11.94,1
TXN001064,CUST00097,PROD0100,2026-02-03 22:01:58,165852.92,5
TXN001065,CUST00666,PROD0025,2026-02-07 09:17:01,331.84,7
TXN001066,CUST00525,PROD0067,2026-02-25 22:16:38,1292.62,9
TXN001067,CUST00473,PROD0019,2026-02-26 08:05:28,234.21,9
TXN001068,CUST00404,PROD0034,2026-02-12 13:39:42,301.19,4
TXN001069,CUST00519,PROD0040,2026-02-07 02:20:21,-875.88,6
TXN001070,CUST00490,PROD0032,2026-02-07 12:56:44,278.69,2
TXN001071,CUST00551,PROD0072,2026-02-04 12:13:26,1293.48,7
TXN001072,CUST00614,PROD0063,2026-03-01 01:01:38,4808.51,10
TXN001073,CUST00301,PROD0049,2026-02-08 08:50:57,953.18,9
TXN001074,CUST00166,PROD9904,2026-02-19 13:55:23,575.5,8
TXN001075,CUST00327,PROD0025,2026-02-04 16:51:38,128.75,3
TXN001076,CUST00134,PROD0024,2026-02-05 13:21:44,1016.07,2
TXN001077,CUST00199,PROD0055,2026-02-24 05:07:11,792.42,3
TXN001078,CUST00486,PROD0018,2026-02-05 10:39:04,5861.28,2
TXN001079,CUST00873,PROD0033,2026-02-12 16:40:24,154.24,1
TXN001080,CUST00406,PROD0064,2026-02-12 04:12:55,449.65,10
TXN001081,CUST99004,PROD0092,2026-02-16 08:54:10,1545.39,7
TXN001082,CUST00235,PROD0062,2026-02-19 07:27:22,4249.51,7
TXN001083,CUST00173,PROD0034,2026-02-13 05:19:08,629.14,9
TXN001084,CUST00973,PROD0005,2026-02-08 13:16:19,189635.11,5
TXN001085,CUST00115,PROD0025,2026-02-25 22:28:18,450.21,10
TXN001086,CUST00087,PROD0100,2026-02-17 06:15:42,322035.98,3
TXN001087,CUST00920,PROD0092,2026-03-01 20:34:03,386.74,2
TXN001088,CUST00651,PROD0050,2026-02-10 07:20:46,876.51,3
TXN001089,CUST00037,PROD0090,2026-02-04 20:47:06,1769.99,7
TXN001090,CUST00177,PROD0033,2026-01-31 21:23:16,172.01,1
TXN001091,CUST00618,PROD0058,2026-02-07 17:06:00,2312.69,6
TXN001092,CUST00677,PROD0069,2026-02-06 12:51:39,277092.7,7
TXN001093,CUST00614,PROD0041,2026-02-14 18:44:08,3229.32,2
TXN001094,CUST00092,PROD0077,2026-02-12 23:24:45,561.18,5
TXN001095,CUST00534,PROD0073,2026-02-04 03:09:07,22444.21,9
TXN001096,CUST00177,PROD0066,2026-01-31 01:45:36,359.5,4
TXN000007,CUST00003,PROD9908,2026-02-17 14:27:24,674.76,1
TXN001098,CUST00493,PROD0016,2026-03-01 17:05:52,347.99,6
TXN001099,CUST00297,PROD0084,2026-02-22 20:05:37,53.92,1
TXN001100,CUST00142,PROD0040,2026-02-16 18:20:53,218.9,2
TXN000252,CUST00004,PROD0036,2026-02-19 23:37:24,908.12,2
TXN001102,CUST00400,PROD0012,2026-02-27 00:57:41,154.84,6
TXN001103,CUST00231,PROD0001,2026-02-04 14:34:20,1233.99,10
TXN001104,CUST00630,PROD9908,2026-02-05 06:27:26,728.36,5
TXN001105,CUST00398,PROD0002,2026-02-13 07:34:27,100.51,9
TXN001106,CUST00497,PROD0010,2026-02-18 00:23:51,59.65,3
TXN001107,CUST00609,PROD0003,2026-02-27 04:27:56,782.89,6
TXN001108,CUST00390,PROD9901,2026-02-12 00:48:57,367.59,3
TXN001109,CUST00121,PROD0059,2026-02-20 22:05:42,5876.04,8
TXN001110,CUST00855,PROD0019,2026-02-21 02:38:45,149.5,3
TXN001111,CUST00602,PROD0007,2026-02-04 22:56:58,140.85,6
TXN001112,CUST00498,PROD0006,2026-02-19 13:49:32,797.73,10
TXN001113,CUST00019,PROD0007,2026-02-27 20:25:14,131.22,6
TXN001114,CUST00868,PROD0023,2026-02-13 05:58:35,,5
TXN001115,CUST00969,PROD0067,2026-02-24 05:44:16,481.43,4
TXN001116,CUST00954,PROD0048,2026-03-01 15:04:03,678.16,9
TXN001117,CUST00002,PROD0060,2026-02-01 03:52:42,77.72,3
TXN001118,CUST00883,PROD0007,2026-02-03 18:08:12,169.83,8
TXN000464,CUST00718,PROD0084,2026-02-27 16:36:50,315.11,6
TXN001120,CUST00424,PROD0074,2026-02-23 13:22:08,373.62,5
TXN001121,CUST00813,PROD0019,2026-02-14 06:51:19,775.71,2
TXN000548,CUST00361,PROD0085,2026-02-10 12:14:43,14584.87,8
TXN001123,CUST00263,PROD0031,2026-02-19 04:26:33,527.84,5
TXN001124,CUST00225,PROD0033,2026-02-01 09:59:34,1629.59,9
TXN001125,CUST00930,PROD0039,2026-02-17 04:34:03,283.93,1
TXN001126,CUST00635,PROD0011,2026-02-18 12:10:13,33.76,1
TXN001127,CUST00506,PROD0040,2026-02-06 00:42:38,381.92,4
TXN001128,CUST00098,PROD0088,2026-03-01 04:21:51,2625.66,8
TXN001129,CUST00735,PROD0030,2026-02-19 08:44:05,146.48,1
TXN001130,CUST00922,PROD0008,2026-03-01 05:55:26,199.81,1
TXN001131,CUST00900,PROD0084,2026-02-08 21:37:16,463.74,10
TXN001132,CUST00454,PROD0017,2026-02-15 19:35:03,203496.22,10
TXN001133,CUST00050,PROD9906,2026-02-20 21:39:13,127.33,1
TXN001134,CUST00033,PROD0055,2026-02-28 16:39:44,1373.95,5
TXN001135,CUST00670,PROD0079,2026-02-10 05:34:22,191209.86,4
TXN001136,CUST00035,PROD0063,2026-02-11 18:00:41,552.02,0
TXN001137,CUST00450,PROD0006,2026-02-05 22:57:15,769.51,9
TXN001138,CUST00584,PROD0040,2026-02-11 22:23:55,109.15,1
TXN001139,CUST00009,PROD0082,2026-02-18 00:04:31,8556.93,7
TXN001140,CUST00261,PROD0008,2026-02-09 05:42:36,614.25,3
TXN001141,CUST99000,PROD0083,2026-02-01 13:53:43,,4
TXN001142,CUST00936,PROD0033,2026-02-22 00:09:56,361.75,2
TXN001143,CUST99005,PROD0059,2026-02-19 18:35:50,5211.06,8
TXN001144,CUST00790,PROD0022,2026-02-17 01:14:53,115.15,3
TXN001145,CUST00080,PROD0060,2026-02-01 00:44:38,243.67,8
TXN001146,CUST00007,PROD0056,2026-02-07 05:06:41,109945.06,3
TXN001147,CUST00501,PROD0088,2026-02-18 18:06:27,614.62,2
TXN001148,CUST00603,PROD0073,2026-02-06 14:44:30,4886.22,2
TXN001149,CUST00940,PROD0069,2026-02-05 22:38:54,314275.68,9
TXN001150,CUST00177,PROD0036,2026-02-19 09:55:03,4473.72,9
TXN000794,CUST00630,PROD0017,2026-02-09 07:08:42,18747.57,1
TXN001152,CUST00135,PROD0068,2026-02-06 03:04:26,455.18,6
TXN001153,CUST00753,PROD9900,2026-02-09 06:03:17,719.77,3
TXN001154,CUST00131,PROD0014,2026-02-22 11:45:12,748.71,3
TXN001155,CUST00003,PROD0008,2026-02-18 22:50:38,1831.95,8
TXN001156,CUST00136,PROD0088,2026-03-01 20:10:38,644.48,2
TXN001157,CUST00768,PROD0028,2026-02-26 00:16:15,275.69,9
TXN001158,CUST00821,PROD0016,2026-02-16 15:00:32,475.36,7
TXN001159,CUST00472,PROD0006,2026-02-17 07:44:25,159.38,2
TXN001160,CUST00798,PROD0033,2026-02-20 20:02:28,1220.7,7
TXN001161,CUST00427,PROD0039,2026-02-09 19:24:10,439.5,3
TXN001162,CUST00992,PROD0028,2026-02-04 13:42:08,181.29,6
TXN001163,CUST00528,PROD0082,2026-02-01 01:34:47,13095.78,10
TXN001164,CUST00246,PROD0092,2026-02-27 21:38:36,1080.52,5
TXN001165,CUST00986,PROD0059,2026-02-24 11:42:03,2614.56,4
TXN001166,CUST00247,PROD0091,2026-02-03 11:54:42,,7
TXN001167,CUST00885,PROD0094,2026-02-17 22:36:43,5836.35,6
TXN001168,CUST00740,PROD0082,2026-02-19 06:23:15,12228.85,10
TXN001169,CUST00515,PROD0009,2026-02-16 06:57:17,687.62,3
TXN001170,CUST00948,PROD0080,2026-01-31 09:32:05,744.59,3
TXN001171,CUST00407,PROD0058,2026-02-24 03:54:59,3144.97,8
TXN001172,CUST00122,PROD0050,2026-02-26 09:03:42,2937.74,9
TXN001173,CUST00309,PROD0040,2026-02-23 22:51:03,686.65,7
TXN001174,CUST00019,PROD0083,2026-02-08 23:07:31,1216.09,6
TXN001175,CUST00095,PROD0072,2026-02-21 10:10:13,1082.42,5
TXN001176,CUST00274,PROD0084,2026-02-01 21:31:03,210.17,4
TXN001177,CUST00542,PROD0044,2026-02-01 23:52:09,11188.83,8
TXN001178,CUST00200,PROD0015,2026-02-21 01:41:52,1703.78,6
TXN001179,CUST00377,PROD0067,2026-02-08 01:02:01,974.55,8
TXN001180,CUST00679,PROD0025,2026-02-26 13:01:38,488.75,10
TXN001181,CUST00643,PROD0064,2026-02-24 01:12:07,522.92,10
TXN001182,CUST00028,PROD0024,2026-02-11 23:40:54,2174.61,4
TXN001183,CUST00676,PROD0031,2026-02-25 05:09:40,868.42,8
TXN001184,CUST00295,PROD0061,2026-02-07 22:53:57,3284.45,4
TXN001185,CUST00996,PROD0051,2026-02-27 01:35:29,474.27,3
TXN001186,CUST00850,PROD0049,2026-02-28 03:00:31,823.14,7
TXN001187,CUST00986,PROD0072,2026-02-09 05:45:05,1585.83,8
TXN001188,CUST00881,PROD0052,2026-02-14 06:20:28,1133.48,3
TXN001189,CUST00146,PROD0092,2026-02-13 00:40:06,1030.66,5
TXN001190,CUST00158,PROD0086,2026-02-08 20:55:11,5758.68,6
TXN001191,CUST00217,PROD0007,2026-02-01 12:15:53,188.93,8
TXN001192,CUST00407,PROD0063,2026-02-21 03:52:15,-2296.5,-5
TXN001193,CUST00153,PROD9901,2026-02-22 12:11:25,236.95,9
TXN001194,CUST00375,PROD0041,2026-02-06 08:50:30,9764.72,6
TXN001195,CUST00089,PROD0093,2026-02-21 02:04:36,2913.02,6
TXN001196,CUST00385,PROD0028,2026-02-11 10:28:35,99.87,3
TXN000104,CUST00163,PROD0010,2026-02-10 20:31:06,36.88,2
TXN001198,CUST00928,PROD0052,2026-02-15 17:36:41,326.07,1
TXN001199,CUST00496,PROD0078,2026-02-05 05:08:28,45.37,1
TXN001200,CUST00665,PROD0046,2026-02-22 20:59:13,213.22,10
TXN001201,CUST00789,PROD0040,2026-02-23 00:32:43,959.9,10
TXN001202,CUST00071,PROD0004,2026-02-05 11:31:51,10261.74,5
TXN001203,CUST00002,PROD0072,2026-02-15 12:19:19,1391.28,7
TXN001204,CUST00964,PROD0026,2026-02-17 11:27:44,-593.3,5
TXN001205,CUST00757,PROD0035,2026-02-11 13:39:11,18889.44,8
TXN001206,CUST00390,PROD0027,2026-02-28 22:23:37,164.04,1
TXN001207,CUST00212,PROD0031,2026-02-27 10:39:18,1059.32,10
TXN001208,CUST00289,PROD0056,2026-02-22 09:21:48,173502.97,5
TXN001209,CUST00627,PROD0073,2026-01-31 19:37:15,8927.52,4
TXN001210,CUST00589,PROD0053,2026-02-21 00:33:48,120.47,9
TXN001211,CUST00741,PROD0028,2026-02-11 21:52:34,259.48,9
TXN001212,CUST00916,PROD0058,2026-02-25 01:44:11,3185.95,8
TXN001213,CUST00294,PROD0053,2026-02-18 10:30:51,326674.43,3
TXN001214,CUST00741,PROD0073,2026-02-28 00:09:57,13238.07,6
TXN001215,CUST00403,PROD0068,2026-02-07 19:25:12,478.17,6
TXN001216,CUST00826,PROD0074,2026-02-10 06:04:16,660.72,9
TXN001217,CUST00229,PROD0071,2026-02-18 01:56:13,6759.78,3
TXN001218,CUST00255,PROD0059,2026-02-20 05:16:26,,2
TXN001219,CUST00594,PROD0095,2026-02-07 21:51:42,495430.64,9
TXN001220,CUST00583,PROD0049,2026-02-05 18:03:09,213.01,2
TXN001221,CUST00193,PROD0039,2026-02-23 10:03:09,816.92,6
TXN001222,CUST00401,PROD0058,2026-02-05 10:46:55,1367.09,3
TXN001223,CUST00140,PROD9905,2026-02-17 18:06:13,261.1,1
TXN001224,CUST00709,PROD0055,2026-02-04 14:23:59,2134.65,8
TXN001225,CUST00323,PROD0096,2026-02-28 05:17:41,38.51,1
TXN001226,CUST00265,PROD0022,2026-02-22 00:13:17,123.02,3
TXN001227,CUST00829,PROD0099,2026-03-01 02:29:45,431.4,3
TXN001228,CUST00900,PROD0034,2026-02-08 17:29:46,148.84,2
TXN001229,CUST00424,PROD0077,2026-01-31 05:59:16,873.67,6
TXN001230,CUST00481,PROD0044,2026-02-13 02:11:09,1471.83,1
TXN001231,CUST00289,PROD0065,2026-02-06 23:09:15,70219.69,4
TXN001232,CUST00089,PROD0016,2026-02-13 14:32:02,404.87,6
TXN001233,CUST00939,PROD0010,2026-02-15 01:55:52,20.0,1
TXN001234,CUST00635,PROD0089,2026-02-18 05:38:20,459.9,2
TXN001235,CUST00261,PROD0072,2026-02-15 05:10:01,939.2,5
TXN001236,CUST00267,PROD0083,2026-02-17 06:58:12,206.28,1
TXN001237,CUST00899,PROD0003,2026-02-20 16:53:33,1239.59,10
TXN000611,CUST99005,PROD0049,2026-02-05 16:43:22,646.63,6
TXN001239,CUST00407,PROD0085,2026-02-23 05:56:38,12855.75,7
TXN001240,CUST00164,PROD0073,2026-02-25 00:26:05,14365.29,6
TXN000043,CUST00950,PROD0076,2026-02-20 03:04:20,166.13,7
TXN001242,CUST00412,PROD0032,2026-02-15 21:46:51,902.74,7
TXN001243,CUST00442,PROD0043,2026-02-08 08:39:32,974.14,9
TXN001244,CUST00872,PROD0035,2026-02-11 17:54:54,6540.05,3
TXN001245,CUST00178,PROD0048,2026-02-06 09:32:42,177.5,2
TXN001246,CUST00412,PROD0002,2026-02-26 18:07:33,110.95,9
TXN001247,CUST00690,PROD9906,2026-02-24 18:59:32,252.11,8
TXN001248,CUST00755,PROD0082,2026-02-17 09:55:25,2358.14,2
TXN001249,CUST00145,PROD0056,2026-02-04 04:11:04,34896.98,1
TXN001250,CUST00815,PROD0037,2026-02-06 15:32:58,266.72,2
TXN001251,CUST00625,PROD0079,2026-02-21 18:44:33,155106.65,3
TXN001052,CUST00433,PROD0095,2026-02-07 23:10:45,169.68,
TXN001253,CUST00194,PROD0001,2026-02-19 20:02:20,612.61,5
TXN001254,CUST00567,PROD0054,2026-02-03 19:10:42,10567.84,10
TXN001255,CUST00775,PROD0032,2026-02-02 07:11:54,579.98,4
TXN001256,CUST00209,PROD0062,2026-02-16 23:05:32,1324.73,2
TXN001257,CUST00182,PROD0014,2026-02-22 13:35:19,,2
TXN001258,CUST00518,PROD0026,2026-02-01 07:45:38,730.39,9
TXN001259,CUST00615,PROD0009,2026-02-13 15:20:45,227.27,1
TXN001260,CUST00774,PROD0048,2026-02-03 18:10:00,790.35,9
TXN001261,CUST00131,PROD0057,2026-02-16 03:29:58,314.67,2
TXN001262,CUST00710,PROD0085,2026-02-14 05:47:43,-1760.19,-1
TXN001263,CUST00783,PROD0046,2026-02-11 03:08:20,119.52,5
TXN001264,CUST00617,PROD0056,2026-02-09 20:00:48,186283.27,5
TXN001265,CUST00006,PROD0053,2026-02-16 18:19:04,133.04,10
TXN001266,CUST00315,PROD0064,2026-02-21 17:22:43,954.07,10
TXN001267,CUST00517,PROD0015,2026-02-16 14:15:18,2304.57,9
TXN001268,CUST00110,PROD0038,2026-02-05 18:34:01,,6
TXN001269,CUST00528,PROD0002,2026-02-19 05:07:53,11.14,1
TXN001270,CUST00617,PROD0003,2026-02-03 17:11:17,613.36,5
TXN001271,CUST00093,PROD0086,2026-02-04 01:21:30,8501.39,9
TXN001272,CUST00109,PROD0054,2026-02-02 07:00:09,7636.82,8
TXN001273,CUST00738,PROD0087,2026-02-17 03:37:56,240.58,10
TXN001274,CUST00100,PROD0099,2026-02-11 06:52:28,790.17,5
TXN001275,CUST00020,PROD0068,2026-02-14 05:26:56,68.61,1
TXN001276,CUST00049,PROD0038,2026-02-20 08:08:38,256.68,1
TXN001277,CUST00411,PROD0048,2026-02-24 09:02:24,253.44,3
TXN001278,CUST00323,PROD0099,2026-02-24 05:54:11,162.22,1
TXN001279,CUST00031,PROD0040,2026-02-14 12:19:34,614.84,6
TXN001280,CUST00838,PROD0029,2026-02-19 00:31:53,63.19,3
TXN001281,CUST00922,PROD0001,2026-02-06 07:25:08,270.0,2
TXN001282,CUST00656,PROD0060,2026-02-14 05:27:49,259.45,9
TXN001283,CUST00333,PROD0075,2026-02-08 09:10:43,238.94,3
TXN001284,CUST00378,PROD0058,2026-02-27 01:21:58,394.67,1
TXN001285,CUST00236,PROD0082,2026-02-23 11:49:09,10787.26,9
TXN001286,CUST00122,PROD0039,2026-02-07 18:29:12,493.45,10
TXN001287,CUST00128,PROD0054,2026-02-27 02:44:12,9309.16,9
TXN001051,CUST00911,PROD0072,2026-02-27 11:50:11,1624.43,8
TXN001289,CUST00321,PROD0057,2026-02-07 09:26:20,617.33,4
TXN001290,CUST00104,PROD0014,2026-02-18 13:43:30,1212.84,5
TXN001291,CUST00167,PROD0051,2026-02-11 02:19:14,964.2,7
TXN001292,CUST00269,PROD0044,2026-02-28 19:37:36,1427.62,1
TXN001293,CUST00592,PROD9903,2026-02-03 21:45:21,526.85,2
TXN001294,CUST00302,PROD0095,2026-02-13 16:19:39,923.22,10
TXN001295,CUST00844,PROD0063,2026-02-19 20:45:36,3967.03,9
TXN001296,CUST00074,PROD0075,2026-02-15 23:34:38,163.65,2
TXN001297,CUST00463,PROD0060,2026-03-01 10:48:37,150.82,5
TXN001298,CUST00509,PROD0021,2026-02-13 12:33:06,10887.16,4
TXN001299,CUST00117,PROD0074,2026-02-22 19:31:53,343.04,5
TXN001300,CUST00633,PROD0093,2026-02-11 20:54:10,324110.05,8
TXN001301,CUST00227,PROD0048,2026-02-27 20:53:42,-278.09,9
TXN001302,CUST00200,PROD0051,2026-03-01 23:47:07,550.0,4
TXN001303,CUST00588,PROD0040,2026-02-25 20:55:20,-940.93,4
TXN001304,CUST00044,PROD0008,2026-02-01 04:19:13,920.99,4
TXN001305,CUST00211,PROD0052,2026-02-25 14:05:13,2953.1,9
TXN001306,CUST00062,PROD0081,2026-02-19 17:20:55,4076.92,7
TXN001307,CUST00343,PROD0049,2026-02-22 18:31:36,631.49,6
TXN001308,CUST00629,PROD0018,2026-02-03 16:58:15,8088.39,3
TXN001309,CUST00388,PROD0044,2026-01-31 07:18:11,10558.81,7
TXN001310,CUST00915,PROD0090,2026-02-15 10:40:57,2178.31,9
TXN001311,CUST00383,PROD0005,2026-02-23 21:35:34,267879.95,0
TXN001312,CUST00894,PROD0082,2026-02-21 21:17:29,11774.96,10
TXN000600,CUST00046,PROD0052,2026-02-21 22:48:55,3114.05,10
TXN001314,CUST00782,PROD0079,2026-02-13 14:48:17,315889.93,6
TXN001315,CUST00915,PROD0063,2026-02-26 14:17:56,3670.26,7
TXN001316,CUST00860,PROD0035,2026-02-05 23:49:53,12259.39,5
TXN001317,CUST00211,PROD0057,2026-02-09 23:22:32,616.37,4
TXN000084,CUST00735,PROD9900,2026-02-10 03:22:12,136.44,7
TXN001319,CUST00171,PROD0034,2026-02-27 20:54:10,302.79,4
TXN001320,CUST00008,PROD0036,2026-02-27 00:03:45,5058.95,10
TXN001321,CUST00800,PROD0071,2026-02-09 02:03:39,22494.48,10
TXN001322,CUST00975,PROD0076,2026-02-06 23:35:30,174.97,7
TXN001323,CUST00081,PROD0039,2026-02-04 04:11:18,538.23,-1
TXN001324,CUST00313,PROD0056,2026-02-26 22:24:13,37888.53,1
TXN001325,CUST00156,PROD0005,2026-02-10 10:49:50,277761.62,7
TXN001326,CUST00032,PROD9907,2026-02-14 19:20:01,799.96,8
TXN001327,CUST00473,PROD0060,2026-02-27 06:48:49,214.59,8
TXN001328,CUST00762,PROD0010,2026-02-09 12:31:09,21.06,1
TXN001329,CUST00418,PROD0064,2026-02-26 18:10:35,-743.17,2
TXN001330,CUST00231,PROD0038,2026-02-02 04:11:23,,7
TXN001331,CUST00602,PROD0011,2026-02-25 23:58:59,37.18,1
TXN001332,CUST00185,PROD0003,2026-02-23 21:11:26,721.87,6
TXN001333,CUST00618,PROD0093,2026-02-12 00:43:08,2896.05,6
TXN001334,CUST00109,PROD0086,2026-02-26 10:59:34,1941.13,2
TXN001335,CUST00751,PROD0069,2026-02-01 13:16:30,335141.71,9
TXN001336,CUST00513,PROD0040,2026-02-15 08:01:32,761.92,8
TXN001337,CUST00503,PROD0073,2026-02-25 02:27:19,16511.62,7
TXN001338,CUST00998,PROD0078,2026-02-06 20:08:53,255.7,6
TXN001339,CUST00974,PROD0021,2026-02-26 07:36:33,14568.96,5
TXN001340,CUST00205,PROD0063,2026-02-08 23:09:55,,-5
TXN001341,CUST00063,PROD0071,2026-02-13 12:15:50,14842.03,7
TXN000212,CUST00797,PROD0012,2026-02-26 08:07:25,25.82,1
TXN001343,CUST00156,PROD0018,2026-02-08 15:12:59,27134.83,10
TXN001344,CUST00046,PROD0070,2026-02-04 23:21:19,58.75,2
TXN001345,CUST00251,PROD0003,2026-01-31 19:52:53,1153.89,9
TXN001346,CUST00251,PROD0011,2026-01-31 03:33:56,68.02,2
TXN001347,CUST00778,PROD0040,2026-02-25 00:12:40,109.23,1
TXN001348,CUST00458,PROD0074,2026-02-10 19:16:18,353.45,5
TXN001349,CUST00142,PROD0083,2026-02-06 00:51:08,1836.75,9
TXN001350,CUST00458,PROD0099,2026-02-20 00:09:57,144.37,1
TXN001351,CUST00140,PROD0046,2026-02-09 06:26:19,79.96,4
TXN001352,CUST00791,PROD0018,2026-02-12 22:21:06,19776.77,7
TXN001353,CUST00019,PROD0051,2026-02-26 01:03:29,523.93,4
TXN001354,CUST00535,PROD0012,2026-03-01 02:46:56,85.47,3
TXN001355,CUST00071,PROD0017,2026-03-01 20:57:16,,6
TXN001356,CUST00333,PROD0099,2026-02-01 23:58:48,1062.63,7
TXN001357,CUST00451,PROD0029,2026-02-02 20:19:24,21.14,1
TXN001358,CUST00818,PROD0027,2026-02-06 09:31:54,645.11,4
TXN001359,CUST00168,PROD0097,2026-02-26 23:43:08,1321.13,3
TXN001360,CUST00397,PROD0090,2026-02-04 12:09:54,498.42,2
TXN001361,CUST00453,PROD0035,2026-02-04 19:18:30,4791.05,2
TXN001362,CUST00999,PROD0066,2026-02-20 16:36:30,242.02,3
TXN001363,CUST00744,PROD0095,2026-02-05 12:35:09,276.67,3
TXN001364,CUST00365,PROD0033,2026-02-11 05:01:25,783.67,5
TXN001365,CUST00628,PROD0026,2026-02-12 17:05:33,,4
TXN001366,CUST00231,PROD0076,2026-02-04 09:32:55,70.6,3
TXN001367,CUST00415,PROD0100,2026-03-01 11:54:06,37461.14,1
TXN001368,CUST00286,PROD0093,2026-02-24 07:55:01,3654.26,7
TXN001369,CUST00246,PROD0013,2026-02-07 23:41:55,38.32,1
TXN001370,CUST00458,PROD0076,2026-02-10 19:58:03,-702.19,5
TXN001371,CUST00509,PROD0076,2026-02-03 14:48:41,25.27,1
TXN001372,CUST00304,PROD0046,2026-02-08 22:39:48,190.95,9
TXN001373,CUST00537,PROD0047,2026-01-31 00:40:07,403.71,8
TXN001374,CUST00171,PROD0087,2026-02-02 14:33:47,-20.26,-1
TXN001375,CUST00426,PROD0004,2026-02-12 22:32:07,16334.28,8
TXN001376,CUST00603,PROD0050,2026-02-21 15:31:49,1098.36,4
TXN001377,CUST00109,PROD0001,2026-02-24 09:35:00,1249.92,9
TXN001378,CUST99004,PROD0038,2026-02-23 04:13:56,777.62,3
TXN000794,CUST00782,PROD0046,2026-02-02 14:16:25,22.98,1
TXN001380,CUST00122,PROD0047,2026-02-07 23:56:09,58.35,1
TXN001381,CUST00005,PROD0002,2026-02-23 06:23:02,94.13,9
TXN001382,CUST00199,PROD0069,2026-02-02 07:36:08,169182.73,5
TXN001383,CUST00616,PROD0010,2026-02-03 00:20:54,57.38,3
TXN001384,CUST00732,PROD0050,2026-02-07 09:25:45,1297.25,4
TXN001385,CUST00096,PROD9900,2026-02-03 03:56:48,163.91,8
TXN001386,CUST00807,PROD0016,2026-02-19 15:15:35,137.46,2
TXN001387,CUST00101,PROD0076,2026-02-18 18:31:32,160.75,6
TXN001388,CUST00613,PROD0030,2026-02-06 12:01:09,858.87,5
TXN001389,CUST00474,PROD0005,2026-02-18 02:28:06,150952.46,4
TXN001390,CUST00668,PROD0083,2026-02-05 07:30:42,961.36,4
TXN001391,CUST00910,PROD0010,2026-02-03 09:32:54,146.27,8
TXN001392,CUST00770,PROD0068,2026-02-17 04:57:28,649.63,9
TXN001393,CUST00457,PROD0049,2026-02-08 06:09:30,435.54,4
TXN001394,CUST00709,PROD0078,2026-02-25 06:57:33,394.6,9
TXN001395,CUST00270,PROD0067,2026-02-17 18:43:14,751.71,6
TXN001396,CUST00538,PROD0078,2026-02-05 04:30:12,95.68,2
TXN001397,CUST00010,PROD0088,2026-02-09 23:20:26,2523.26,8
TXN001398,CUST00447,PROD0076,2026-02-07 00:15:53,116.01,5
TXN001399,CUST00467,PROD0024,2026-02-28 22:11:11,1365.01,3
TXN001400,CUST00909,PROD0078,2026-02-26 15:06:27,217.68,5
TXN001401,CUST00414,PROD0030,2026-02-28 11:11:06,,10
TXN001402,CUST00192,PROD0024,2026-02-06 13:36:50,931.76,2
TXN001403,CUST00080,PROD0070,2026-03-01 02:28:29,26.66,1
TXN001404,CUST00798,PROD0044,2026-02-08 00:02:18,5314.77,4
TXN001405,CUST00230,PROD0057,2026-02-24 18:17:50,325129.09,4
TXN001406,CUST00063,PROD0045,2026-02-10 23:39:52,12184.76,6
TXN001407,CUST00078,PROD0064,2026-02-24 17:55:05,354.58,10
TXN001408,CUST00577,PROD0008,2026-02-25 13:45:26,1186.58,6
TXN001409,CUST00211,PROD0034,2026-02-10 23:40:37,584.95,8
TXN001410,CUST99007,PROD0097,2026-02-16 00:10:02,821.39,2
TXN001411,CUST00080,PROD0100,2026-02-03 09:56:52,37709.85,1
TXN001412,CUST00161,PROD0025,2026-02-22 06:11:00,462347.37,4
TXN001413,CUST00117,PROD0094,2026-02-22 10:18:21,933.94,1
TXN001414,CUST00199,PROD0080,2026-02-23 07:12:56,1014.12,4
TXN000801,CUST00578,PROD0069,2026-02-09 07:07:08,201797.96,5
TXN001416,CUST00770,PROD0041,2026-01-31 19:38:39,1739.61,1
TXN001417,CUST00317,PROD0036,2026-02-24 02:58:00,4587.4,10
TXN001418,CUST00638,PROD0013,2026-02-11 04:11:25,175.48,4
TXN001419,CUST00974,PROD0041,2026-02-25 21:54:32,13174.81,7
TXN001420,CUST00436,PROD0099,2026-02-22 00:00:36,1318.47,9
TXN001421,CUST00109,PROD0089,2026-02-22 10:22:00,1139.42,5
TXN001422,CUST00683,PROD0067,2026-02-02 14:31:58,365.36,3
TXN001423,CUST00135,PROD0012,2026-02-13 17:15:45,155.49,6
TXN001424,CUST00008,PROD0070,2026-02-14 15:02:27,191.84,7
TXN001425,CUST00604,PROD0056,2026-02-18 03:22:55,36783.07,1
TXN001426,CUST00059,PROD0043,2026-02-09 16:50:50,940.14,9
TXN001427,CUST00448,PROD0062,2026-02-25 12:50:11,-3110.8,-5
TXN001428,CUST00222,PROD0082,2026-02-02 10:47:23,11677.98,10
TXN001429,CUST99001,PROD0046,2026-02-06 21:59:40,103.95,5
TXN001430,CUST00662,PROD9902,2026-02-04 05:15:59,21.33,5
TXN000282,CUST00175,PROD0057,2026-02-28 04:26:25,-786.85,-5
TXN001432,CUST00489,PROD0083,2026-02-28 00:45:14,207.04,1
TXN001433,CUST00635,PROD0021,2026-02-20 14:05:05,-953.22,4
TXN001434,CUST00329,PROD0052,2026-02-26 21:47:26,320.13,1
TXN001435,CUST00731,PROD0002,2026-03-01 18:20:14,47.85,4
TXN001436,CUST00690,PROD0026,2026-02-04 13:07:00,938.89,10
TXN001437,CUST00733,PROD0045,2026-02-21 09:07:58,16732.04,8
TXN001438,CUST00431,PROD0097,2026-02-28 13:54:44,2406.39,5
TXN001439,CUST00829,PROD0042,2026-02-02 10:06:32,241.98,1
TXN001440,CUST00307,PROD0006,2026-02-01 05:18:35,431.76,5
TXN001441,CUST00439,PROD0026,2026-02-13 12:36:16,90.59,1
TXN001442,CUST00863,PROD0054,2026-02-12 18:02:17,3278.75,3
TXN001443,CUST99000,PROD0030,2026-02-13 10:40:56,747.46,5
TXN001444,CUST00017,PROD0005,2026-02-11 07:30:34,294171.81,7
TXN001445,CUST00228,PROD0067,2026-02-21 08:13:29,984.51,7
TXN001446,CUST00426,PROD0054,2026-02-02 14:08:43,4535.6,4
TXN001447,CUST00305,PROD0012,2026-02-13 11:52:33,278.45,10
TXN001448,CUST00864,PROD0100,2026-02-13 09:21:02,296905.67,9
TXN001449,CUST00035,PROD0005,2026-02-22 22:15:28,258711.84,7
TXN001450,CUST00217,PROD0052,2026-02-14 22:50:56,2914.55,9
TXN001451,CUST00934,PROD0036,2026-02-05 02:39:01,3858.64,8
TXN001452,CUST00613,PROD0006,2026-02-17 15:48:13,340.67,4
TXN001453,CUST00516,PROD0052,2026-03-01 23:54:20,2131.14,6
TXN001454,CUST00121,PROD0008,2026-02-21 20:54:35,442.75,2
TXN000666,CUST00860,PROD0009,2026-02-17 05:36:59,231.24,1
TXN001456,CUST00860,PROD0087,2026-02-11 17:59:10,218.71,9
TXN001457,CUST00239,PROD0059,2026-02-06 00:34:27,3535.78,5
TXN001458,CUST00713,PROD0088,2026-02-08 07:56:05,1385.22,4
TXN001459,CUST99004,PROD0073,2026-02-10 13:28:01,24950.28,10
TXN001460,CUST99004,PROD0068,2026-02-24 08:14:35,332.15,5
TXN001461,CUST00695,PROD0010,2026-02-15 23:34:07,481539.31,9
TXN001462,CUST00352,PROD0068,2026-02-11 01:06:24,380.89,5
TXN001463,CUST00524,PROD0001,2026-02-23 14:49:02,127.11,1
TXN001464,CUST00050,PROD0066,2026-02-09 17:02:33,170.03,2
TXN001465,CUST00179,PROD0099,2026-02-20 09:53:33,303057.43,1
TXN001466,CUST00663,PROD0036,2026-02-27 02:26:34,391.03,
TXN001467,CUST00416,PROD0002,2026-02-12 01:33:08,46.14,4
TXN001468,CUST00432,PROD0034,2026-02-21 08:13:20,482.11,7
TXN001469,CUST00897,PROD0001,2026-02-27 05:00:47,378.35,3
TXN001470,CUST99001,PROD0020,2026-02-22 14:23:15,-6607.39,-5
TXN001471,CUST00386,PROD0058,2026-03-01 04:58:48,3130.29,7
TXN001472,CUST00228,PROD0055,2026-02-21 16:48:05,2048.89,8
TXN001463,CUST00847,PROD0066,2026-02-12 04:07:22,848.3,10
TXN001474,CUST00421,PROD0026,2026-02-25 07:27:02,691.18,8
TXN001475,CUST00382,PROD0073,2026-02-03 15:58:54,6692.95,3
TXN001476,CUST00170,PROD0073,2026-02-10 04:00:24,4755.23,2
TXN001477,CUST00354,PROD0076,2026-01-31 19:42:52,233.88,10
TXN001478,CUST00489,PROD0052,2026-02-12 16:29:45,3411.54,10
TXN001479,CUST00538,PROD0067,2026-02-02 08:57:38,276.17,2
TXN001480,CUST00159,PROD0052,2026-03-01 00:00:57,1797.24,5
TXN001481,CUST00632,PROD0009,2026-02-04 09:47:41,230.5,1
TXN001482,CUST00210,PROD0074,2026-02-14 10:09:57,273912.06,9
TXN001483,CUST00164,PROD0086,2026-02-07 04:18:58,-872.44,-1
TXN001484,CUST00497,PROD0055,2026-02-10 03:39:16,2716.55,10
TXN001485,CUST00944,PROD0005,2026-02-09 11:25:34,38746.38,1
TXN001486,CUST00419,PROD0068,2026-02-16 18:21:30,475750.67,5
TXN001487,CUST00326,PROD0010,2026-02-08 06:30:42,137.0,7
TXN001488,CUST00509,PROD0045,2026-02-28 07:26:05,5621.76,3
TXN001489,CUST00612,PROD0076,2026-02-23 16:30:12,26.16,1
TXN001490,CUST00867,PROD0071,2026-02-10 00:49:17,2038.91,1
TXN001491,CUST00068,PROD0001,2026-02-07 15:26:20,1173.25,10
TXN001492,CUST00800,PROD0012,2026-02-14 22:15:42,245.49,9
TXN001493,CUST00620,PROD0072,2026-02-04 11:32:00,1918.91,9
TXN001494,CUST00267,PROD0080,2026-02-17 21:23:15,-508.11,2
TXN001495,CUST00914,PROD0002,2026-02-07 09:20:57,-238.87,9
TXN001496,CUST00025,PROD0076,2026-02-17 12:49:10,26.21,1
TXN001497,CUST00286,PROD0089,2026-02-06 00:42:28,253.03,1
TXN001498,CUST00392,PROD0056,2026-02-07 19:13:55,137130.28,4
TXN001499,CUST00480,PROD0003,2026-02-13 16:57:03,993.93,7
TXN001500,CUST00044,PROD0006,2026-02-08 22:07:38,170.22,2
TXN001501,CUST00228,PROD0026,2026-02-08 04:51:24,166.25,2
TXN001502,CUST00409,PROD0085,2026-02-26 03:38:41,8760.84,5
TXN001503,CUST99003,PROD0061,2026-02-08 00:30:30,5447.59,6
TXN001504,CUST00545,PROD0087,2026-02-05 04:58:40,43.49,2
TXN001505,CUST00348,PROD0074,2026-02-21 13:56:50,522.43,7
TXN001506,CUST00591,PROD0001,2026-02-18 07:00:08,239.6,2
TXN001507,CUST00460,PROD9906,2026-02-13 12:03:21,-604.19,1
TXN001508,CUST00544,PROD0012,2026-02-09 20:27:17,301.32,10
TXN001509,CUST00169,PROD0095,2026-02-22 20:01:09,97.01,1
TXN001510,CUST00241,PROD0090,2026-02-10 11:14:54,-376.73,3
TXN001511,CUST00358,PROD0064,2026-01-31 09:42:20,145.69,5
TXN001512,CUST00986,PROD0089,2026-02-20 10:14:32,,9
TXN001513,CUST00610,PROD0081,2026-02-18 16:13:18,2981.51,5
TXN001514,CUST00703,PROD0016,2026-02-14 19:31:03,472.72,7
TXN001515,CUST00143,PROD0055,2026-03-01 14:00:18,788.87,3
TXN001516,CUST00065,PROD0047,2026-03-01 02:23:12,111.08,2
TXN001517,CUST00097,PROD0007,2026-02-18 16:28:36,62.3,3
TXN001518,CUST00581,PROD0091,2026-02-17 08:46:47,530.5,2
TXN001519,CUST00327,PROD0016,2026-02-11 23:05:48,564.66,9
TXN001520,CUST00736,PROD0028,2026-02-16 10:24:56,128.05,4
TXN001521,CUST00472,PROD0001,2026-02-18 21:29:03,553.49,4
TXN001522,CUST00272,PROD0001,2026-02-04 20:06:36,122.7,1
TXN001523,CUST00707,PROD0090,2026-02-14 06:50:43,2399.91,10
TXN001524,CUST00137,PROD0098,2026-02-24 12:59:51,1600.32,8
TXN001525,CUST00941,PROD0091,2026-02-24 07:46:34,685.05,3
TXN001526,CUST00001,PROD0079,2026-02-23 07:48:51,236862.15,5
TXN001527,CUST00538,PROD0078,2026-03-01 21:30:21,86.54,2
TXN001528,CUST00949,PROD0056,2026-02-11 22:38:39,295656.29,9
TXN001529,CUST00252,PROD0020,2026-02-24 13:40:46,3518.49,3
TXN001530,CUST00744,PROD0005,2026-02-17 12:59:19,38430.69,1
TXN001531,CUST00817,PROD0079,2026-02-19 05:39:32,157735.6,3
TXN001532,CUST00305,PROD0017,2026-02-01 15:17:01,131734.69,7
TXN001533,CUST00381,PROD0001,2026-02-03 13:53:10,806.8,
TXN001534,CUST00868,PROD0052,2026-02-01 08:26:46,3447.41,10
TXN001535,CUST00948,PROD0076,2026-02-07 18:43:31,226.02,9
TXN001536,CUST00724,PROD0005,2026-02-11 23:39:56,,6
TXN001537,CUST00678,PROD0054,2026-02-05 13:18:13,4098.68,4
TXN001538,CUST00562,PROD0069,2026-02-04 20:04:42,81515.65,2
TXN001539,CUST99001,PROD0058,2026-02-16 23:44:58,1361.65,3
TXN001540,CUST00510,PROD0082,2026-02-24 10:25:45,11276.7,9
TXN001541,CUST00989,PROD0058,2026-02-13 20:34:41,2383.87,6
TXN001542,CUST00715,PROD0094,2026-02-23 22:46:16,6135.82,6
TXN001543,CUST00992,PROD0004,2026-02-05 21:20:32,16040.6,8
TXN001544,CUST00248,PROD0080,2026-02-02 14:09:12,522.21,2
TXN001545,CUST00411,PROD0013,2026-02-16 10:22:57,321.07,8
TXN001546,CUST00970,PROD0042,2026-02-05 11:56:31,654.91,3
TXN001547,CUST00346,PROD0054,2026-02-04 16:54:08,1018.77,1
TXN001548,CUST00914,PROD0039,2026-02-21 02:49:32,-198.33,8
TXN001549,CUST00437,PROD9903,2026-02-03 10:52:30,414.13,2
TXN001550,CUST00830,PROD0020,2026-01-31 06:32:41,3901.02,3
TXN001551,CUST00229,PROD0078,2026-02-05 08:47:04,,10
TXN001552,CUST00844,PROD0077,2026-02-14 18:56:31,276.04,5
TXN001553,CUST00277,PROD0039,2026-02-19 01:29:13,987.98,7
TXN001554,CUST99005,PROD0082,2026-02-22 18:16:43,-6308.72,-5
TXN001555,CUST00002,PROD0079,2026-02-21 08:09:41,47933.87,1
TXN001556,CUST00144,PROD0036,2026-02-10 00:29:12,1571.34,3
TXN001557,CUST00546,PROD0047,2026-02-10 11:07:42,534.75,9
TXN001558,CUST00207,PROD9908,2026-02-05 23:08:53,807.92,9
TXN001559,CUST00163,PROD0099,2026-02-22 05:57:27,970.96,6
TXN001560,CUST00859,PROD0067,2026-02-23 03:54:28,133.99,1
TXN001561,CUST00208,PROD0012,2026-02-04 16:59:57,53.91,2
TXN001562,CUST00371,PROD0073,2026-02-20 13:39:35,2221.13,1
TXN001563,CUST00670,PROD0058,2026-02-10 16:37:01,1262.38,3
TXN001181,CUST00280,PROD0092,2026-02-12 20:40:28,1813.55,9
TXN001565,CUST00643,PROD0054,2026-02-14 10:20:12,2118.05,2
TXN001566,CUST00464,PROD0060,2026-02-13 02:22:37,219.07,8
TXN001567,CUST00730,PROD0022,2026-02-17 17:13:32,336.64,9
TXN001568,CUST99007,PROD0020,2026-02-22 18:25:43,2536.7,2
TXN001569,CUST00091,PROD0070,2026-02-26 04:59:36,270.05,9
TXN001570,CUST00138,PROD0004,2026-02-09 15:00:58,18755.75,10
TXN001571,CUST00151,PROD0019,2026-02-17 17:38:57,930.4,5
TXN001572,CUST00924,PROD0006,2026-02-22 22:20:02,527.32,6
TXN001573,CUST00998,PROD0046,2026-02-07 14:00:51,94.71,4
TXN001574,CUST00103,PROD0044,2026-02-09 01:43:54,137446.57,8
TXN001575,CUST00757,PROD0036,2026-02-07 08:16:02,4113.77,9
TXN001576,CUST00974,PROD0090,2026-02-26 04:59:14,1523.66,6
TXN001577,CUST00769,PROD0100,2026-02-12 19:04:47,275630.35,8
TXN001578,CUST00238,PROD0039,2026-02-04 20:17:22,578.76,5
TXN001579,CUST00238,PROD0055,2026-02-06 13:19:52,1808.13,7
TXN001580,CUST00678,PROD0016,2026-02-18 18:31:23,177.26,3
TXN001581,CUST00403,PROD0100,2026-02-06 06:45:02,72513.06,2
TXN001582,CUST00842,PROD0023,2026-02-20 02:24:54,1294.54,6
TXN001583,CUST00817,PROD0060,2026-01-31 06:19:18,238.44,8
TXN001584,CUST00366,PROD0084,2026-02-27 20:31:17,459.57,10
TXN000162,CUST00079,PROD0013,2026-02-17 18:35:04,222.08,5
TXN001586,CUST00492,PROD0008,2026-02-07 18:16:52,1775.28,8
TXN001587,CUST00881,PROD0052,2026-02-20 21:40:15,370.12,1
TXN001588,CUST00031,PROD0083,2026-02-11 12:45:52,1955.27,9
TXN001589,CUST00426,PROD0010,2026-03-01 04:20:47,85.06,4
TXN001590,CUST00132,PROD0090,2026-02-22 08:39:37,498.0,2
TXN001591,CUST00432,PROD0080,2026-02-06 00:06:30,2472.36,10
TXN001592,CUST00301,PROD0022,2026-02-23 07:49:54,321.57,8
TXN001593,CUST00829,PROD0007,2026-02-26 17:24:15,67.27,3
TXN001594,CUST00659,PROD0079,2026-02-09 10:22:37,158527.12,3
TXN001595,CUST00623,PROD0028,2026-01-31 17:20:00,206.05,6
TXN001596,CUST00278,PROD0088,2026-02-21 17:25:30,2555.35,9
TXN001597,CUST00240,PROD0047,2026-02-21 12:46:47,345.86,6
TXN001598,CUST00267,PROD0076,2026-02-15 16:33:29,153.34,6
TXN001599,CUST00293,PROD0064,2026-02-09 13:27:06,507.03,1
TXN001600,CUST00549,PROD0032,2026-02-27 09:13:37,265.26,2
TXN001601,CUST00107,PROD0002,2026-02-14 17:04:35,11.29,1
TXN001602,CUST00780,PROD0007,2026-02-16 20:35:41,68.22,3
TXN001603,CUST00074,PROD0034,2026-02-24 22:47:12,193.17,
TXN001604,CUST00663,PROD0043,2026-01-31 22:01:43,285.68,3
TXN001605,CUST00419,PROD0014,2026-02-19 02:16:20,2483.46,10
TXN001606,CUST00870,PROD0019,2026-02-25 04:54:08,977.54,1
TXN001607,CUST00049,PROD0018,2026-02-09 00:06:42,2516.04,1
TXN001608,CUST00590,PROD0030,2026-02-09 05:23:11,327.41,2
TXN001609,CUST00422,PROD0043,2026-02-25 06:19:11,512.07,5
TXN001610,CUST00598,PROD0055,2026-02-23 08:11:47,2814.08,10
TXN001611,CUST00418,PROD0032,2026-02-21 21:36:35,763.36,6
TXN001612,CUST00343,PROD0050,2026-02-17 11:52:21,591.49,2
TXN001613,CUST00894,PROD0008,2026-02-10 13:26:19,1610.25,8
TXN001614,CUST00164,PROD0057,2026-02-05 08:59:48,940.59,6
TXN001615,CUST00418,PROD0082,2026-02-01 18:35:56,5409.14,4
TXN001616,CUST00946,PROD0039,2026-02-26 10:30:05,424.16,8
TXN001617,CUST00954,PROD0035,2026-02-23 21:18:26,21302.3,9
TXN001618,CUST00749,PROD0038,2026-02-11 15:37:40,2802.28,10
TXN001619,CUST00882,PROD0065,2026-02-27 03:25:57,72805.71,4
TXN001620,CUST00134,PROD0061,2026-02-07 05:49:53,1846.48,2
TXN001621,CUST00020,PROD0018,2026-02-17 23:17:36,7853.55,3
TXN001622,CUST00802,PROD0051,2026-02-24 10:41:17,1415.54,10
TXN001623,CUST00416,PROD0025,2026-02-10 03:29:08,487.01,10
TXN000395,CUST00269,PROD0086,2026-02-27 21:07:11,5793.44,7
TXN001625,CUST00027,PROD0071,2026-02-22 06:21:14,1936.81,1
TXN001626,CUST00117,PROD0092,2026-02-22 18:38:17,192.54,1
TXN001627,CUST00184,PROD0054,2026-02-03 15:42:51,4771.28,5
TXN001628,CUST00272,PROD0008,2026-02-27 13:31:38,389.16,2
TXN001629,CUST00254,PROD0076,2026-02-08 21:05:49,132.85,5
TXN000404,CUST00903,PROD0054,2026-01-31 03:25:58,1075.02,1
TXN001017,CUST00978,PROD0026,2026-02-21 16:57:47,472.14,5
TXN001632,CUST00436,PROD0062,2026-02-11 21:06:31,5974.0,10
TXN001633,CUST00102,PROD0012,2026-02-04 15:07:13,60.13,2
TXN001029,CUST00476,PROD0001,2026-02-24 16:35:51,651.25,5
TXN001635,CUST00140,PROD0090,2026-02-27 19:13:27,2432.73,9
TXN001636,CUST00568,PROD0011,2026-02-28 20:31:19,73.79,2
TXN001637,CUST00657,PROD0045,2026-02-20 01:04:45,11855.96,6
TXN001638,CUST00398,PROD0071,2026-02-21 11:21:10,5987.22,3
TXN001639,CUST00373,PROD0093,2026-02-04 02:59:45,4327.31,9
TXN001640,CUST00400,PROD0065,2026-02-11 19:14:03,40128.62,2
TXN001641,CUST00680,PROD0027,2026-02-18 11:49:32,542.43,3
TXN001642,CUST00414,PROD0084,2026-02-18 12:23:01,46.77,1
TXN001643,CUST00282,PROD0029,2026-03-01 12:32:41,165.22,7
TXN001644,CUST00106,PROD0001,2026-02-09 13:26:34,595.19,5
TXN001645,CUST00484,PROD0025,2026-02-13 23:07:07,125.78,3
TXN001646,CUST00014,PROD0061,2026-02-19 04:33:12,7819.64,10
TXN001647,CUST00568,PROD0078,2026-02-04 03:14:23,86.63,2
TXN000963,CUST00991,PROD0057,2026-01-31 04:10:49,1639.0,10
TXN001649,CUST00718,PROD0047,2026-02-14 17:02:38,490.66,9
TXN001650,CUST00308,PROD0037,2026-01-31 22:21:15,1425.28,10
TXN001651,CUST00953,PROD0037,2026-02-14 17:26:51,415.85,3
TXN001652,CUST00229,PROD0029,2026-02-05 11:31:58,22.58,1
TXN001653,CUST00100,PROD0085,2026-02-10 23:57:45,6877.87,4
TXN001654,CUST00331,PROD0064,2026-02-04 11:37:36,580.15,1
TXN001655,CUST00618,PROD0073,2026-02-09 01:44:19,6935.79,3
TXN001656,CUST00398,PROD0059,2026-02-22 07:28:48,5358.16,8
TXN001657,CUST00229,PROD0072,2026-02-27 09:37:57,604.0,3
TXN001658,CUST00631,PROD0082,2026-02-10 12:18:17,10602.19,8
TXN001659,CUST00348,PROD0096,2026-02-25 08:11:13,35.27,1
TXN001660,CUST00339,PROD0051,2026-02-10 03:20:34,1257.42,8
TXN001661,CUST00577,PROD0002,2026-02-24 08:10:23,46.33,4
TXN001662,CUST00615,PROD0024,2026-01-31 07:54:05,4374.17,9
TXN001663,CUST00849,PROD0056,2026-02-17 05:57:56,363634.5,10
TXN001664,CUST00850,PROD0039,2026-02-27 13:29:34,248.33,3
TXN001665,CUST00619,PROD0001,2026-02-17 07:08:52,122.41,1
TXN001666,CUST00545,PROD0046,2026-03-01 05:09:02,228.04,10
TXN001667,CUST00502,PROD0011,2026-02-10 01:00:03,103.3,3
TXN001668,CUST00349,PROD0092,2026-02-08 08:44:31,1100.47,6
TXN001669,CUST00832,PROD0030,2026-03-01 09:50:49,683.54,4
TXN001670,CUST00939,PROD0099,2026-02-27 09:21:24,834.35,5
TXN001671,CUST00776,PROD0087,2026-02-10 22:58:06,175.02,8
TXN001672,CUST00182,PROD0083,2026-02-01 13:04:08,2281.26,10
TXN001673,CUST00417,PROD0093,2026-02-10 01:09:08,992.11,2
TXN001674,CUST00846,PROD0055,2026-02-23 10:15:08,1996.12,8
TXN001675,CUST00652,PROD0037,2026-02-09 16:23:26,1003.39,8
TXN001676,CUST00030,PROD0032,2026-02-15 10:49:58,1300.3,9
TXN001677,CUST00006,PROD0045,2026-02-10 21:40:32,13511.54,7
TXN001678,CUST00106,PROD0071,2026-02-23 21:31:26,3907.22,2
TXN001679,CUST00101,PROD0086,2026-02-02 00:52:24,2534.61,3
TXN001680,CUST00226,PROD0048,2026-02-27 04:31:11,526.36,6
TXN001681,CUST00375,PROD0041,2026-01-31 12:39:30,8858.68,5
TXN001682,CUST00822,PROD0091,2026-02-18 03:01:19,743.02,3
TXN001683,CUST00393,PROD0043,2026-02-02 03:09:52,779.71,7
TXN001684,CUST00968,PROD0041,2026-02-07 00:39:28,7473.82,4
TXN001685,CUST00309,PROD0085,2026-02-18 00:11:09,9288.85,5
TXN001686,CUST00685,PROD0001,2026-02-20 11:31:46,371.94,3
TXN001687,CUST00209,PROD0079,2026-02-13 04:05:18,152432.89,3
TXN001688,CUST00949,PROD0091,2026-02-21 10:04:45,1760.23,8
TXN001689,CUST00688,PROD0067,2026-02-16 06:00:07,357.48,3
TXN001690,CUST00910,PROD0067,2026-02-20 16:58:17,619.03,5
TXN001691,CUST00870,PROD0074,2026-02-17 00:50:32,717.22,9
TXN001692,CUST00009,PROD0082,2026-02-08 08:38:58,7914.64,7
TXN001693,CUST00287,PROD0007,2026-02-26 06:09:16,42.99,2
TXN001694,CUST00896,PROD9901,2026-02-01 10:18:25,694.01,6
TXN001695,CUST00899,PROD0068,2026-02-06 16:36:40,66.53,1
TXN001696,CUST00357,PROD0066,2026-02-19 02:43:13,322.87,4
TXN001697,CUST00470,PROD0065,2026-02-28 06:02:39,36962.29,2
TXN001698,CUST00861,PROD0071,2026-02-21 01:05:59,6416.7,3
TXN001699,CUST00711,PROD0091,2026-02-23 15:44:06,480.3,2
TXN001700,CUST00002,PROD0074,2026-02-14 12:28:22,672.56,9
TXN001701,CUST00329,PROD0043,2026-02-12 06:23:12,900.17,9
TXN001702,CUST00253,PROD0031,2026-02-22 18:41:37,887.59,9
TXN001703,CUST00796,PROD0043,2026-02-12 01:04:43,516.43,5
TXN001704,CUST99003,PROD9908,2026-02-19 06:10:57,596.6,3
TXN001705,CUST00325,PROD0048,2026-02-04 23:45:03,237.99,3
TXN001706,CUST00824,PROD0025,2026-01-31 00:34:58,325.3,8
TXN001707,CUST00093,PROD0022,2026-02-14 15:30:29,79.27,2
TXN001708,CUST00493,PROD0050,2026-02-23 00:49:38,2200.46,8
TXN001709,CUST00145,PROD0087,2026-02-20 15:13:56,23.78,1
TXN001710,CUST00481,PROD0080,2026-02-03 22:57:27,2509.29,10
TXN001711,CUST00791,PROD0099,2026-02-15 13:18:02,1058.68,7
TXN001712,CUST99005,PROD0037,2026-02-25 21:24:43,588.5,4
TXN001713,CUST00594,PROD0034,2026-02-22 19:45:00,412.38,6
TXN001714,CUST00505,PROD0076,2026-02-26 02:58:21,52.5,2
TXN001715,CUST99008,PROD0052,2026-02-18 17:36:45,1762.49,5
TXN001716,CUST00209,PROD0037,2026-02-13 16:45:13,273.4,2
TXN001717,CUST00259,PROD0091,2026-02-13 13:40:24,476964.56,4
TXN001718,CUST00418,PROD0019,2026-02-05 16:09:19,902.63,6
TXN001719,CUST00132,PROD0006,2026-02-04 01:44:56,,3
TXN001720,CUST00312,PROD0049,2026-02-04 00:20:05,1033.43,9
TXN001721,CUST00978,PROD0094,2026-02-28 20:44:46,3848.61,4
TXN001722,CUST00781,PROD0026,2026-02-04 00:05:58,87.54,1
TXN001723,CUST00534,PROD0001,2026-02-04 09:54:52,140.98,1
TXN001724,CUST00067,PROD0077,2026-02-05 05:39:43,228.42,4
TXN001725,CUST00249,PROD0051,2026-02-24 17:58:41,297.39,2
TXN001726,CUST00886,PROD0039,2026-02-05 14:57:44,912.25,8
TXN001727,CUST00884,PROD0005,2026-02-18 21:35:13,,4
TXN001728,CUST00208,PROD0080,2026-02-13 09:08:06,506.59,2
TXN001729,CUST00752,PROD0083,2026-03-01 23:06:25,1538.17,7
TXN001730,CUST00129,PROD0070,2026-02-04 06:26:59,254.44,9
TXN001731,CUST00901,PROD0082,2026-02-24 14:59:25,3706.76,3
TXN001732,CUST00584,PROD0025,2026-02-15 20:25:05,278.22,6
TXN001733,CUST00991,PROD0060,2026-02-20 18:37:15,276.06,10
TXN001734,CUST00445,PROD0078,2026-02-03 15:24:18,187.37,4
TXN000747,CUST00941,PROD0038,2026-02-26 14:06:57,1739.42,7
TXN001736,CUST00605,PROD0046,2026-02-02 12:22:51,213.16,9
TXN001737,CUST00058,PROD0047,2026-02-05 01:00:45,253.15,5
TXN001738,CUST00911,PROD0082,2026-02-15 01:40:14,450875.53,3
TXN001739,CUST00520,PROD0081,2026-02-28 15:17:10,588.83,1
TXN001740,CUST00872,PROD0078,2026-02-23 03:40:35,-47.78,-1
TXN001741,CUST00805,PROD0050,2026-02-09 22:27:08,3293.14,10
TXN001742,CUST00026,PROD0042,2026-02-14 22:05:51,1322.93,5
TXN001743,CUST00796,PROD0033,2026-02-28 23:24:34,743.33,4
TXN001744,CUST00068,PROD0084,2026-02-16 17:34:42,316.36,6
TXN001745,CUST00806,PROD0095,2026-02-02 07:42:59,901.0,9
TXN001746,CUST00402,PROD0067,2026-02-19 07:09:01,948.56,8
TXN001747,CUST00250,PROD0084,2026-02-16 19:35:13,266.83,5
TXN001748,CUST00888,PROD0046,2026-03-01 23:50:19,22.6,1
TXN001749,CUST00170,PROD0002,2026-02-28 14:12:17,116.72,10
TXN001750,CUST00502,PROD0076,2026-02-19 08:40:50,22.48,1
TXN001751,CUST00360,PROD0005,2026-02-08 04:44:44,324931.23,5
TXN001752,CUST00067,PROD0060,2026-02-10 08:49:43,116.79,4
TXN001753,CUST00081,PROD0093,2026-02-01 03:07:09,3085.03,6
TXN001754,CUST00472,PROD0020,2026-02-12 13:53:43,3871.62,3
TXN001755,CUST00542,PROD0092,2026-02-08 11:22:18,446.21,2
TXN001756,CUST00641,PROD0030,2026-02-19 03:05:30,822.11,5
TXN001757,CUST00033,PROD0054,2026-02-25 15:11:34,6980.44,7
TXN001758,CUST00867,PROD0041,2026-02-03 15:23:27,4806.34,3
TXN001759,CUST00264,PROD0066,2026-02-04 20:28:25,857.31,10
TXN001760,CUST00247,PROD0031,2026-01-31 19:38:21,677.75,7
TXN001352,CUST00842,PROD0019,2026-01-31 04:58:43,108.96,7
TXN001762,CUST00288,PROD0100,2026-02-13 17:33:02,200259.29,6
TXN001763,CUST00623,PROD0052,2026-02-20 11:02:54,2867.04,9
TXN001764,CUST00786,PROD0049,2026-02-15 05:38:39,-714.77,6
TXN001765,CUST00663,PROD0056,2026-02-01 19:23:14,78130.04,2
TXN001766,CUST00496,PROD0083,2026-02-26 10:01:26,2179.23,10
TXN001767,CUST00983,PROD0009,2026-01-31 14:13:54,465.59,2
TXN001768,CUST00501,PROD0080,2026-02-25 05:06:37,1737.08,7
TXN001769,CUST00797,PROD0099,2026-03-01 11:08:36,1211.04,8
TXN001770,CUST00861,PROD0048,2026-02-02 06:03:16,,1
TXN001771,CUST99006,PROD0067,2026-02-22 17:31:35,510.25,4
TXN001772,CUST00516,PROD0098,2026-02-17 01:15:41,,5
TXN001773,CUST00280,PROD0089,2026-02-15 21:22:19,2357.88,9
TXN001774,CUST00078,PROD0071,2026-02-08 04:28:11,12132.23,6
TXN001775,CUST00153,PROD9903,2026-02-12 21:35:10,742.83,4
TXN001776,CUST00771,PROD0067,2026-02-26 23:49:40,933.31,7
TXN001777,CUST00961,PROD0032,2026-02-06 12:38:00,1206.5,9
TXN001778,CUST00024,PROD0011,2026-02-21 22:45:06,275.66,8
TXN001779,CUST00814,PROD0084,2026-02-08 17:53:38,-628.69,3
TXN001780,CUST00312,PROD0047,2026-02-16 19:30:09,330.97,6
TXN001781,CUST00242,PROD0094,2026-02-08 03:44:48,8273.39,9
TXN001782,CUST00138,PROD0098,2026-02-03 12:59:49,775.57,4
TXN001783,CUST00867,PROD0062,2026-02-06 09:52:02,1915.26,3
TXN001784,CUST00985,PROD0039,2026-02-04 12:56:24,303.89,7
TXN001785,CUST00469,PROD0013,2026-02-08 09:11:40,232.48,6
TXN001786,CUST00432,PROD0054,2026-02-21 15:01:53,6156.2,6
TXN001787,CUST00023,PROD0071,2026-02-12 07:00:01,8528.46,4
TXN001788,CUST00864,PROD0045,2026-02-11 05:47:09,19316.96,10
TXN001789,CUST00229,PROD0006,2026-01-31 08:03:24,243.47,3
TXN001790,CUST00492,PROD0025,2026-03-01 02:34:07,464.71,10
TXN001791,CUST00694,PROD0079,2026-02-06 23:33:41,505067.24,10
TXN001792,CUST00166,PROD0018,2026-02-26 15:07:07,18166.75,7
TXN001793,CUST00548,PROD0002,2026-02-16 02:31:13,74.03,6
TXN001794,CUST00611,PROD0047,2026-02-03 11:28:52,386.8,7
TXN001795,CUST00520,PROD0074,2026-02-03 06:33:54,692.5,10
TXN001796,CUST00715,PROD0098,2026-02-23 20:52:00,1439.03,7
TXN001797,CUST00228,PROD0089,2026-02-23 13:58:07,996.05,4
TXN001798,CUST00869,PROD0089,2026-02-10 01:15:30,2484.67,10
TXN001799,CUST00199,PROD0031,2026-02-08 19:58:37,221.35,2
TXN001800,CUST00149,PROD0100,2026-02-01 10:06:28,65255.59,2
TXN001801,CUST00645,PROD0033,2026-02-03 15:55:26,355.74,2
TXN001802,CUST00713,PROD0030,2026-02-11 19:16:22,602.95,4
TXN001803,CUST00795,PROD0032,2026-03-01 15:38:25,830.88,6
TXN001804,CUST00372,PROD0075,2026-02-12 14:08:40,82.88,1
TXN001805,CUST00496,PROD0025,2026-02-19 20:48:59,297.15,7
TXN001806,CUST00957,PROD0004,2026-02-14 22:08:07,7883.37,4
TXN001807,CUST00176,PROD0095,2026-02-02 08:06:44,386.91,4
TXN001808,CUST00445,PROD0002,2026-02-26 17:06:41,61.45,5
TXN001809,CUST00686,PROD0004,2026-02-24 22:17:15,,6
TXN001810,CUST00360,PROD0012,2026-02-26 21:47:32,53.68,2
TXN001811,CUST00106,PROD0045,2026-02-23 19:34:39,8266.86,4
TXN001812,CUST00096,PROD0080,2026-02-28 16:58:52,470.41,2
TXN001813,CUST00328,PROD0024,2026-02-06 18:37:11,1456.49,3
TXN001814,CUST00434,PROD0100,2026-02-24 18:22:14,260111.97,7
TXN001815,CUST00773,PROD0087,2026-03-01 19:50:14,119.12,5
TXN001816,CUST00690,PROD0096,2026-02-23 08:26:12,168.34,5
TXN001817,CUST00241,PROD0095,2026-02-13 12:27:57,90.9,1
TXN001818,CUST00745,PROD0050,2026-02-10 04:35:21,2580.17,8
TXN001819,CUST00998,PROD0072,2026-02-09 16:51:39,2000.31,10
TXN001820,CUST99009,PROD0078,2026-02-02 13:18:20,438.3,10
TXN001821,CUST00822,PROD0026,2026-03-01 01:48:37,561.74,6
TXN001822,CUST00292,PROD0079,2026-02-09 12:42:24,353339.0,7
TXN001823,CUST99001,PROD0083,2026-03-01 13:37:03,1004.75,5
TXN001824,CUST00537,PROD0092,2026-01-31 14:06:21,1099.88,6
TXN001825,CUST00518,PROD0003,2026-02-08 03:24:31,608.07,5
TXN001826,CUST00989,PROD0082,2026-02-16 18:33:20,-6430.19,-5
TXN001827,CUST00725,PROD0030,2026-02-14 10:19:02,771.88,5
TXN001828,CUST00602,PROD0043,2026-02-04 14:07:19,322.14,3
TXN001829,CUST00723,PROD0055,2026-02-06 05:48:24,1374.57,5
TXN001830,CUST00663,PROD0032,2026-02-05 23:26:55,134.76,1
TXN001831,CUST00087,PROD0011,2026-02-02 04:28:35,356.91,10
TXN001832,CUST00659,PROD0048,2026-02-25 22:31:29,-783.77,7
TXN001833,CUST00433,PROD0039,2026-02-08 09:13:40,749.74,7
TXN001834,CUST00551,PROD0020,2026-02-23 07:23:28,2685.62,2
TXN001835,CUST00128,PROD0039,2026-02-21 11:29:29,394.24,3
TXN001836,CUST00321,PROD0066,2026-02-10 17:58:56,713.21,8
TXN001837,CUST00294,PROD0037,2026-02-03 16:45:21,802.28,6
TXN001838,CUST00029,PROD0031,2026-02-14 12:29:26,,5
TXN001839,CUST00888,PROD0060,2026-02-18 02:19:38,119.84,4
TXN001840,CUST00213,PROD0076,2026-02-28 01:41:45,120.01,5
TXN001841,CUST00248,PROD0093,2026-02-21 10:15:33,2727.09,6
TXN001842,CUST00886,PROD0053,2026-02-16 01:40:43,-533.59,1
TXN001843,CUST00835,PROD0097,2026-02-08 11:52:26,4455.01,10
TXN001844,CUST00083,PROD0014,2026-02-08 10:32:13,1826.07,8
TXN001845,CUST00460,PROD0012,2026-02-13 20:48:41,223.15,8
TXN001846,CUST00667,PROD0050,2026-02-12 04:45:39,-1464.5,-5
TXN001847,CUST00540,PROD0009,2026-02-21 22:10:44,,4
TXN001848,CUST00509,PROD0037,2026-02-02 00:20:17,583.91,4
TXN001849,CUST00069,PROD0012,2026-02-12 12:24:02,142.01,5
TXN001850,CUST00751,PROD0044,2026-02-24 08:29:19,,3
TXN001851,CUST00106,PROD9902,2026-01-31 23:14:50,541.9,4
TXN001852,CUST00881,PROD0040,2026-01-31 15:30:19,189.97,2
TXN001853,CUST99005,PROD0026,2026-02-21 13:49:20,186.77,2
TXN001854,CUST00172,PROD0063,2026-02-12 19:20:21,4591.75,10
TXN001855,CUST00078,PROD0071,2026-02-17 10:23:51,4247.75,2
TXN001856,CUST00875,PROD0029,2026-02-20 17:48:36,24.38,1
TXN001857,CUST00395,PROD0017,2026-02-07 19:52:11,54919.91,3
TXN001858,CUST00782,PROD0076,2026-02-06 03:11:04,67.84,3
TXN001859,CUST00091,PROD0011,2026-02-19 20:22:23,31.7,1
TXN001860,CUST00011,PROD0069,2026-02-27 21:45:06,364648.93,10
TXN001861,CUST00321,PROD0053,2026-02-06 22:27:15,60.7,5
TXN001862,CUST00612,PROD0019,2026-02-16 19:54:57,687.59,6
TXN001863,CUST00823,PROD0054,2026-02-26 22:47:24,6699.31,7
TXN001864,CUST00720,PROD0082,2026-02-25 05:42:16,2661.3,2
TXN001865,CUST00086,PROD0064,2026-02-18 20:25:10,387.64,7
TXN001866,CUST00647,PROD0074,2026-02-04 22:05:47,-402.99,-5
TXN001867,CUST00649,PROD0017,2026-02-05 04:35:40,364403.61,4
TXN001868,CUST00753,PROD0025,2026-02-12 14:07:09,94.12,2
TXN001869,CUST00525,PROD0083,2026-03-01 22:59:09,1793.99,9
TXN001870,CUST00958,PROD0034,2026-03-01 13:50:22,567.91,8
TXN001871,CUST00043,PROD0003,2026-02-21 02:40:32,1419.38,10
TXN001872,CUST00923,PROD0081,2026-02-03 11:27:51,5936.2,9
TXN001873,CUST00356,PROD0079,2026-02-10 07:04:13,53599.54,1
TXN001874,CUST00091,PROD0094,2026-02-02 06:35:24,-4820.05,-5
TXN001875,CUST00772,PROD0002,2026-02-23 16:01:13,59.49,5
TXN001876,CUST00574,PROD0092,2026-02-11 09:19:04,426.19,2
TXN001877,CUST00452,PROD0031,2026-02-11 11:56:05,749.5,7
TXN001878,CUST00674,PROD0064,2026-03-01 17:16:55,750.73,9
TXN001879,CUST00390,PROD0020,2026-02-11 05:23:49,10422.37,9
TXN001880,CUST00923,PROD9901,2026-02-13 06:09:15,349.42,1
TXN001881,CUST00965,PROD0063,2026-01-31 13:40:31,5067.9,10
TXN001882,CUST00752,PROD0042,2026-02-03 18:30:21,1053.81,4
TXN001883,CUST00807,PROD0077,2026-02-09 05:59:32,965.71,8
TXN001884,CUST00723,PROD0068,2026-02-17 21:56:59,612.4,8
TXN001885,CUST00505,PROD0043,2026-02-22 08:39:26,639.17,6
TXN001886,CUST00413,PROD0077,2026-02-16 07:59:46,739.03,
TXN001887,CUST00113,PROD0025,2026-02-03 01:05:48,421.46,10
TXN001888,CUST00288,PROD0096,2026-02-23 09:49:42,288.58,8
TXN001889,CUST00671,PROD0011,2026-02-04 20:55:32,,5
TXN001890,CUST00567,PROD9905,2026-02-02 07:28:47,491.11,9
TXN001891,CUST00280,PROD0003,2026-02-18 07:37:09,139.15,1
TXN001892,CUST00413,PROD0018,2026-02-14 04:03:40,11315.99,4
TXN001893,CUST00614,PROD0091,2026-02-13 11:26:28,664.6,3
TXN001894,CUST00973,PROD0042,2026-02-06 20:53:42,960.08,4
TXN001895,CUST00092,PROD0050,2026-02-24 13:16:13,1729.79,6
TXN001896,CUST99008,PROD0003,2026-02-03 15:53:21,1326.94,10
TXN001897,CUST00241,PROD0074,2026-02-08 22:17:19,357.84,5
TXN001898,CUST00635,PROD0067,2026-02-05 21:48:15,780.18,6
TXN001899,CUST00327,PROD0005,2026-02-14 00:23:20,384544.55,10
TXN001900,CUST00785,PROD0061,2026-02-08 15:06:21,7822.04,10
TXN001901,CUST00880,PROD0063,2026-02-17 22:15:19,2848.56,6
TXN001902,CUST00113,PROD0043,2026-02-09 08:29:29,534.91,5
TXN001903,CUST00711,PROD0018,2026-02-24 11:23:29,15528.74,6
TXN001904,CUST00500,PROD0051,2026-02-12 10:56:41,548.75,4
TXN001905,CUST00382,PROD0003,2026-02-03 21:47:37,831.35,6
TXN001906,CUST00670,PROD0006,2026-02-25 16:49:58,155.32,2
TXN001907,CUST00986,PROD0057,2026-03-01 09:01:29,1072.08,7
TXN001908,CUST00505,PROD0063,2026-02-06 22:15:18,3151.43,6
TXN001909,CUST00962,PROD0092,2026-02-05 12:02:07,736.39,4
TXN001910,CUST00032,PROD0006,2026-02-05 03:28:47,547.23,7
TXN000794,CUST00612,PROD0068,2026-02-19 10:43:06,222.22,3
TXN001912,CUST00790,PROD0075,2026-02-16 14:25:43,307.81,4
TXN001913,CUST00721,PROD0053,2026-02-28 15:03:29,108.45,9
TXN001914,CUST00840,PROD0025,2026-02-10 00:04:17,420.78,10
TXN001915,CUST00233,PROD0087,2026-01-31 07:20:30,239.39,10
TXN001916,CUST00987,PROD0091,2026-02-05 21:00:42,1897.74,8
TXN001917,CUST00575,PROD0050,2026-02-03 00:32:11,1783.53,6
TXN001918,CUST00606,PROD0091,2026-02-05 02:09:56,2020.61,9
TXN001919,CUST00980,PROD0022,2026-02-27 08:40:42,114.33,3
TXN001920,CUST00582,PROD0019,2026-02-03 10:51:39,456.99,7
TXN001921,CUST00387,PROD0090,2026-02-23 05:23:43,1265.94,5
TXN001922,CUST00682,PROD0090,2026-02-19 02:13:24,-661.88,4
TXN001923,CUST00858,PROD0055,2026-02-13 09:49:06,1275.68,5
TXN001924,CUST00969,PROD0085,2026-02-13 07:12:15,1674.48,1
TXN001925,CUST00012,PROD0066,2026-02-14 12:58:18,742.7,8
TXN001926,CUST00112,PROD0031,2026-02-05 14:24:09,,6
TXN001927,CUST00859,PROD0054,2026-02-24 03:31:09,9561.94,9
TXN001928,CUST00400,PROD0029,2026-02-28 07:56:52,165.48,7
TXN001929,CUST00306,PROD0079,2026-02-27 12:02:20,-215.38,4
TXN001930,CUST00769,PROD0002,2026-02-22 09:08:21,23.28,2
TXN001931,CUST00885,PROD0074,2026-02-26 06:25:34,147147.16,7
TXN001932,CUST00255,PROD0051,2026-02-06 04:49:55,-825.77,3
TXN001933,CUST00376,PROD0066,2026-03-01 04:55:53,341.18,4
TXN001934,CUST00197,PROD0080,2026-02-09 02:00:26,943.67,4
TXN001935,CUST00387,PROD0099,2026-02-07 22:22:07,512.45,3
TXN001936,CUST00557,PROD0012,2026-02-11 10:23:32,253.66,10
TXN001937,CUST00884,PROD0013,2026-02-14 15:05:54,42.0,1
TXN001938,CUST00311,PROD0033,2026-01-31 22:24:00,1258.03,7
TXN001939,CUST00214,PROD0050,2026-02-12 08:07:48,2089.46,7
TXN001940,CUST00230,PROD0084,2026-02-03 22:59:37,386.45,8
TXN001941,CUST00304,PROD0030,2026-02-22 05:16:37,1251.33,8
TXN001942,CUST00349,PROD0001,2026-02-20 17:17:57,141.88,1
TXN001943,CUST00120,PROD0045,2026-02-17 00:54:21,6140.4,3
TXN001944,CUST00838,PROD0039,2026-02-04 15:26:53,580.37,2
TXN001945,CUST00371,PROD0096,2026-02-18 13:21:29,347.89,10
TXN001946,CUST00346,PROD0088,2026-03-01 06:37:00,1690.11,5
TXN001947,CUST99006,PROD0076,2026-02-06 19:11:59,187.29,7
TXN001948,CUST00640,PROD0057,2026-02-01 14:56:29,874.42,6
TXN001949,CUST00148,PROD0064,2026-02-15 18:11:56,64.62,8
TXN001950,CUST00367,PROD0071,2026-02-10 13:11:11,2137.28,1
TXN001951,CUST00238,PROD0100,2026-02-22 01:50:09,339848.58,10
TXN001952,CUST00911,PROD0049,2026-02-11 08:45:14,99.87,1
TXN001953,CUST00402,PROD0018,2026-02-10 09:05:08,9690.62,4
TXN001954,CUST00260,PROD0072,2026-02-19 09:34:30,1224.06,6
TXN001955,CUST00803,PROD9902,2026-02-18 11:19:57,416.1,1
TXN001956,CUST00374,PROD0004,2026-02-14 17:55:27,-819.58,8
TXN001957,CUST00077,PROD0005,2026-02-01 02:39:45,345987.28,9
TXN001958,CUST00135,PROD0061,2026-02-11 16:49:30,8129.58,9
TXN001959,CUST00318,PROD0053,2026-02-24 18:52:07,129.48,10
TXN001960,CUST00555,PROD0001,2026-02-14 00:01:20,125.2,1
TXN001961,CUST00151,PROD0094,2026-02-07 20:48:00,7124.1,8
TXN001962,CUST00635,PROD0090,2026-02-27 01:55:56,1818.01,7
TXN000352,CUST00416,PROD0074,2026-02-15 08:17:10,303.02,4
TXN001964,CUST00753,PROD0025,2026-02-23 00:36:23,364.8,8
TXN001965,CUST00011,PROD0012,2026-02-02 08:21:28,77.17,3
TXN001966,CUST00513,PROD0080,2026-02-09 14:00:06,564.13,2
TXN001967,CUST00029,PROD0045,2026-02-27 18:08:02,16932.64,9
TXN001968,CUST00993,PROD0001,2026-02-03 08:36:41,1054.37,8
TXN001969,CUST00961,PROD0048,2026-01-31 10:51:07,303.01,4
TXN001970,CUST00926,PROD0043,2026-02-03 14:19:44,550.19,5
TXN001971,CUST00163,PROD0045,2026-02-10 02:33:59,4227.76,2
TXN001972,CUST00746,PROD0098,2026-01-31 20:27:45,1489.85,8
TXN001973,CUST00905,PROD0039,2026-02-10 14:33:31,904.96,7
TXN001974,CUST00229,PROD0087,2026-02-09 01:53:10,212.08,10
TXN001975,CUST99004,PROD0061,2026-02-11 13:03:40,379600.99,1
TXN001976,CUST00295,PROD0052,2026-02-17 22:49:44,1124.9,3
TXN001977,CUST00237,PROD0098,2026-02-27 22:17:59,180.46,1
TXN001978,CUST00117,PROD0024,2026-02-03 05:25:19,2447.12,5
TXN001979,CUST99000,PROD0067,2026-02-21 04:58:39,577.51,4
TXN001980,CUST00168,PROD0069,2026-02-09 07:53:50,243593.02,6
TXN001981,CUST00957,PROD0046,2026-02-22 19:01:50,149.02,7
TXN001982,CUST00333,PROD9903,2026-02-25 19:36:01,412.51,1
TXN001983,CUST00309,PROD0065,2026-02-14 07:53:47,120015.97,6
TXN001984,CUST00128,PROD0064,2026-02-10 04:46:45,864.45,7
TXN001985,CUST00202,PROD0030,2026-02-08 18:25:37,-808.98,-5
TXN001986,CUST00706,PROD0066,2026-02-14 17:44:14,338.86,4
TXN001987,CUST00957,PROD0036,2026-02-19 07:40:57,1966.88,4
TXN001988,CUST00301,PROD0033,2026-03-01 20:36:34,1324.62,8
TXN001989,CUST00050,PROD0017,2026-02-19 03:52:01,37848.85,2
TXN001990,CUST00979,PROD0082,2026-02-07 01:17:09,5712.27,5
TXN001991,CUST00833,PROD0012,2026-02-25 10:14:32,25.72,1
TXN001992,CUST00751,PROD0045,2026-02-01 00:22:45,10200.35,5
TXN001993,CUST00482,PROD0089,2026-02-14 10:22:31,1892.85,7
TXN001994,CUST00285,PROD0003,2026-02-03 13:07:47,267.99,2
TXN001995,CUST00244,PROD0002,2026-02-02 00:29:27,64.88,6
TXN001996,CUST00829,PROD0084,2026-02-16 19:28:29,278.85,5
TXN000551,CUST00764,PROD0005,2026-02-26 01:05:58,299037.17,7
TXN001998,CUST00526,PROD0072,2026-02-26 17:38:13,1333.7,7
TXN001999,CUST00521,PROD0069,2026-02-06 11:05:33,204618.46,6
TXN002000,CUST00606,PROD0052,2026-02-05 17:34:48,162433.81,8
TXN002001,CUST99008,PROD0086,2026-02-02 09:28:09,6519.07,8
TXN002002,CUST00730,PROD0069,2026-02-22 01:49:25,370592.06,9
TXN002003,CUST00355,PROD0078,2026-02-12 06:26:29,202.64,5
TXN002004,CUST00741,PROD0048,2026-02-27 17:21:48,163.0,2
TXN002005,CUST00375,PROD0027,2026-02-20 07:59:48,165.73,1
TXN002006,CUST99000,PROD0068,2026-02-03 11:27:21,290.37,4
TXN002007,CUST99003,PROD0064,2026-02-07 17:30:06,290.34,3
TXN002008,CUST00873,PROD0034,2026-02-08 01:08:23,-942.2,5
TXN002009,CUST00038,PROD0076,2026-01-31 17:53:13,197.85,8
TXN002010,CUST00100,PROD0002,2026-02-23 09:15:33,,1
TXN002011,CUST00321,PROD0040,2026-02-10 07:01:31,525.79,5
TXN002012,CUST00278,PROD0050,2026-02-25 16:39:31,1769.92,6
TXN002013,CUST00797,PROD0052,2026-02-28 00:10:08,941.55,3
TXN002014,CUST00874,PROD0014,2026-02-24 11:05:42,2132.42,10
TXN002015,CUST00791,PROD0002,2026-02-19 02:26:25,95.36,9
TXN002016,CUST00301,PROD0063,2026-02-09 19:02:37,1901.72,4
TXN002017,CUST00830,PROD0037,2026-02-20 09:09:00,678.95,5
TXN002018,CUST00073,PROD0060,2026-02-22 14:04:19,122.51,4
TXN002019,CUST00157,PROD0049,2026-02-09 18:51:07,218.86,2
TXN001599,CUST00228,PROD0012,2026-02-02 16:36:53,57.52,2
TXN002021,CUST00388,PROD0087,2026-02-10 04:56:19,146.63,7
TXN002022,CUST00269,PROD0012,2026-02-23 02:33:06,275.7,9
TXN002023,CUST00721,PROD0041,2026-02-09 03:28:55,1741.67,1
TXN002024,CUST00282,PROD0050,2026-02-15 03:18:42,2272.97,8
TXN002025,CUST00782,PROD0035,2026-02-19 15:08:48,13337.44,6
TXN002026,CUST00028,PROD0058,2026-02-21 08:39:40,3530.68,9
TXN002027,CUST00403,PROD0079,2026-02-20 02:11:52,223036.27,5
TXN002028,CUST00462,PROD0009,2026-02-07 20:35:02,1445.35,7
TXN001723,CUST00660,PROD0053,2026-02-04 03:10:20,11.99,1
TXN002030,CUST00410,PROD0039,2026-02-01 17:24:49,513.68,10
TXN002031,CUST00920,PROD0052,2026-02-04 03:01:03,-928.18,8
TXN002032,CUST00930,PROD0026,2026-02-04 06:52:59,707.21,9
TXN002033,CUST00434,PROD0005,2026-02-21 19:01:10,223356.38,5
TXN002034,CUST00434,PROD0030,2026-02-22 07:42:42,1697.35,10
TXN002035,CUST00582,PROD0062,2026-02-05 21:01:52,2631.53,4
TXN002036,CUST00199,PROD0075,2026-02-24 12:40:25,354.37,4
TXN002037,CUST00468,PROD0059,2026-02-23 18:55:19,2177.96,3
TXN002038,CUST00765,PROD0045,2026-02-02 16:24:54,7721.53,4
TXN002039,CUST00680,PROD0090,2026-02-27 07:17:36,515.27,2
TXN002040,CUST00007,PROD0072,2026-02-09 03:30:55,1296.89,6
TXN002041,CUST00026,PROD0076,2026-02-12 19:12:59,131.02,5
TXN002042,CUST00016,PROD0038,2026-02-08 20:41:20,276.52,1
TXN002043,CUST00713,PROD0013,2026-02-06 17:25:25,388.6,10
TXN002044,CUST00338,PROD0023,2026-02-17 01:00:03,377.51,2
TXN002045,CUST00073,PROD0059,2026-02-23 17:16:50,7572.32,10
TXN002046,CUST99008,PROD0084,2026-02-05 06:33:54,376.08,7
TXN002047,CUST00726,PROD0052,2026-02-14 04:12:43,695.5,2
TXN002048,CUST00478,PROD0032,2026-02-09 13:54:57,748.26,6
TXN002049,CUST00544,PROD0018,2026-03-01 13:13:48,18273.23,7
TXN002050,CUST00736,PROD0004,2026-02-25 06:26:16,12425.74,7
TXN002051,CUST00068,PROD0060,2026-02-16 08:00:53,118.9,4
TXN002052,CUST00352,PROD0069,2026-02-25 20:51:25,71126.82,2
TXN002053,CUST00640,PROD0022,2026-01-31 05:20:11,300.09,7
TXN002054,CUST00821,PROD0081,2026-02-16 22:46:34,1111.96,2
TXN002055,CUST00048,PROD0004,2026-02-10 22:33:01,14588.45,8
TXN002056,CUST00801,PROD0099,2026-02-09 12:44:56,1150.41,8
TXN002057,CUST00705,PROD0092,2026-02-06 08:24:15,445.38,2
TXN002058,CUST00150,PROD0066,2026-02-20 02:34:50,-428.38,-5
TXN002059,CUST00739,PROD0074,2026-02-23 19:53:22,770.18,10
TXN002060,CUST00738,PROD0088,2026-02-27 02:04:30,2083.6,7
TXN002061,CUST00364,PROD0084,2026-02-15 13:06:06,432.2,9
TXN000103,CUST00371,PROD0032,2026-02-28 23:32:44,408.02,3
TXN002063,CUST00931,PROD0022,2026-02-04 03:02:56,382.32,9
TXN002064,CUST00362,PROD0038,2026-02-12 11:09:11,,-1
TXN002065,CUST00564,PROD0070,2026-02-14 08:53:43,91.88,3
TXN002066,CUST00068,PROD0094,2026-02-06 10:22:21,,1
TXN002067,CUST00526,PROD0039,2026-02-07 17:49:16,693.18,3
TXN000029,CUST99007,PROD0031,2026-02-19 01:09:47,,4
TXN002069,CUST00700,PROD0082,2026-02-21 06:29:21,12678.96,10
TXN002070,CUST00886,PROD0054,2026-02-07 12:14:07,7305.29,7
TXN002071,CUST99003,PROD0033,2026-02-18 08:58:16,162.74,1
TXN002072,CUST00490,PROD0095,2026-02-19 17:01:06,189.96,2
TXN002073,CUST00529,PROD9902,2026-02-20 03:07:22,413.87,
TXN002074,CUST00102,PROD0099,2026-02-23 03:21:53,984.91,6
TXN002075,CUST00566,PROD0042,2026-02-13 17:12:29,1269.43,5
TXN002076,CUST00314,PROD0052,2026-02-24 10:47:55,3171.69,10
TXN002077,CUST00837,PROD0065,2026-02-08 13:53:11,156753.77,9
TXN002078,CUST00545,PROD0031,2026-03-01 08:58:22,943.11,9
TXN002079,CUST00557,PROD0040,2026-02-03 04:11:38,453.28,4
TXN002080,CUST00374,PROD0024,2026-02-28 10:47:50,3550.22,7
TXN002081,CUST00697,PROD0058,2026-02-11 17:14:01,2459.53,6
TXN002082,CUST00700,PROD0050,2026-03-01 17:36:57,2470.57,9
TXN002083,CUST00676,PROD0022,2026-02-24 03:49:13,335.51,9
TXN002084,CUST00444,PROD0010,2026-02-25 21:32:40,159.09,9
TXN002085,CUST00400,PROD0095,2026-02-26 23:15:46,1006.57,10
TXN002086,CUST00108,PROD0043,2026-02-07 12:59:03,434.97,4
TXN002087,CUST00904,PROD0066,2026-02-18 23:41:35,767.78,9
TXN002088,CUST00993,PROD0051,2026-02-07 07:03:45,,10
TXN001527,CUST00292,PROD0079,2026-02-02 23:41:52,253929.52,5
TXN002090,CUST00284,PROD0006,2026-02-15 12:37:57,622.55,7
TXN002091,CUST00788,PROD0046,2026-02-11 03:44:25,120.15,5
TXN002092,CUST00338,PROD0082,2026-02-07 18:47:03,12319.24,10
TXN002093,CUST00520,PROD0087,2026-02-14 10:26:42,192.44,9
TXN002094,CUST00694,PROD0089,2026-02-23 01:28:41,2132.09,8
TXN002095,CUST00324,PROD0083,2026-02-09 00:31:32,1442.45,7
TXN002096,CUST00014,PROD0025,2026-02-16 18:37:38,424.41,9
TXN002097,CUST00986,PROD0088,2026-02-04 12:20:12,1219.04,4
TXN002098,CUST00160,PROD0089,2026-02-28 06:08:08,2097.24,8
TXN002099,CUST00249,PROD0041,2026-02-18 11:44:28,1581.03,1
TXN002100,CUST00200,PROD0040,2026-02-21 11:36:17,733.87,7
TXN002101,CUST00096,PROD0019,2026-02-14 21:46:48,411.17,7
TXN002102,CUST00154,PROD0070,2026-02-09 07:41:45,176.61,6
TXN002103,CUST00960,PROD0048,2026-02-19 10:37:21,521.4,7
TXN002104,CUST00621,PROD0040,2026-01-31 06:14:41,758.89,7
TXN002105,CUST00421,PROD0067,2026-02-24 22:47:52,1400.23,10
TXN002106,CUST00912,PROD0003,2026-02-24 21:11:09,940.21,8
TXN002107,CUST00039,PROD0060,2026-03-01 23:04:21,91.49,3
TXN002108,CUST00469,PROD0061,2026-02-01 05:58:07,1646.06,2
TXN002109,CUST00753,PROD0010,2026-02-06 19:10:36,-662.83,10
TXN002110,CUST00044,PROD0072,2026-02-25 04:32:14,1696.59,8
TXN002111,CUST00332,PROD0070,2026-02-12 14:50:10,81.34,3
TXN002112,CUST00525,PROD0011,2026-02-24 13:36:35,169.91,5
TXN002113,CUST00903,PROD0053,2026-03-01 18:26:52,14.32,1
TXN002114,CUST00264,PROD0044,2026-02-24 11:29:13,11455.46,8
TXN002115,CUST99000,PROD0090,2026-02-10 08:26:20,1990.48,8
TXN002116,CUST00513,PROD0020,2026-02-12 09:09:25,11550.03,10
TXN002117,CUST00725,PROD0049,2026-02-21 03:28:01,-108.18,-1
TXN002118,CUST00747,PROD0070,2026-02-13 00:50:12,222.82,7
TXN002119,CUST00066,PROD0075,2026-02-13 06:57:07,384.6,5
TXN002120,CUST00086,PROD0003,2026-02-27 18:38:05,1174.4,9
TXN001182,CUST00002,PROD0100,2026-02-06 21:25:31,-532.67,2
TXN002122,CUST00292,PROD0055,2026-02-12 18:23:46,2030.51,7
TXN002123,CUST00336,PROD0012,2026-02-28 18:59:00,227.37,8
TXN002124,CUST00013,PROD0020,2026-02-18 21:18:36,4506.81,4
TXN001957,CUST00923,PROD0047,2026-02-01 19:50:38,463.8,8
TXN002126,CUST00614,PROD0077,2026-02-02 23:28:47,681.42,3
TXN002127,CUST00686,PROD0008,2026-02-20 02:25:18,371974.08,4
TXN002128,CUST00193,PROD0100,2026-02-10 07:55:28,252893.98,7
TXN002129,CUST00762,PROD0049,2026-02-05 00:53:33,855.44,8
TXN002130,CUST00372,PROD0079,2026-02-06 12:33:32,482401.08,5
TXN002131,CUST00753,PROD0046,2026-02-15 08:16:21,207.63,10
TXN002132,CUST00149,PROD0095,2026-02-11 03:06:57,99.1,1
TXN002133,CUST00257,PROD0055,2026-02-01 16:39:35,1471.71,6
TXN002134,CUST00121,PROD0027,2026-02-28 21:29:46,793.24,5
TXN002135,CUST00152,PROD0054,2026-02-21 04:22:39,8120.0,8
TXN002136,CUST00168,PROD0067,2026-02-02 15:58:50,240.28,2
TXN002137,CUST00996,PROD0078,2026-02-06 17:17:28,48.57,1
TXN002138,CUST00561,PROD0088,2026-02-14 05:05:16,2294.96,8
TXN002139,CUST00637,PROD0024,2026-02-16 14:55:53,4555.7,9
TXN002140,CUST00482,PROD0036,2026-02-19 16:16:56,2249.43,5
TXN002141,CUST00140,PROD0075,2026-02-07 06:26:56,506.05,6
TXN002142,CUST00716,PROD0033,2026-02-17 07:33:38,515.3,3
TXN002143,CUST00249,PROD0086,2026-02-18 13:07:58,5017.39,6
TXN002144,CUST00889,PROD0060,2026-03-01 21:26:21,242.84,9
TXN002145,CUST00134,PROD0039,2026-02-22 07:03:13,718.32,3
TXN002146,CUST00424,PROD0021,2026-02-20 09:29:55,20209.17,7
TXN002147,CUST00557,PROD0063,2026-02-12 05:35:57,460.64,1
TXN002148,CUST00883,PROD0066,2026-02-17 12:14:22,394.35,5
TXN002149,CUST00181,PROD0010,2026-02-24 21:33:45,132.22,7
TXN002150,CUST00604,PROD0078,2026-02-13 09:11:34,147.18,3
TXN002151,CUST00158,PROD0011,2026-02-08 07:53:43,346.43,10
TXN002152,CUST00172,PROD0021,2026-01-31 00:13:55,17620.58,7
TXN002153,CUST00493,PROD0018,2026-02-16 17:44:42,8399.57,3
TXN002154,CUST00154,PROD9907,2026-02-15 17:14:53,-818.01,2
TXN002155,CUST00833,PROD0097,2026-02-09 22:23:30,2848.59,7
TXN002156,CUST00512,PROD0099,2026-02-28 01:16:21,1341.47,9
TXN002157,CUST00226,PROD0086,2026-02-03 04:10:35,-290.82,8
TXN002158,CUST00340,PROD0038,2026-01-31 13:33:38,1143.18,4
TXN002159,CUST00301,PROD0054,2026-02-14 17:34:54,6656.05,6
TXN002160,CUST00472,PROD0051,2026-02-03 10:24:38,-689.81,-5
TXN002161,CUST00234,PROD0092,2026-02-24 19:54:04,592.98,3
TXN002162,CUST00030,PROD9906,2026-02-01 05:15:43,843.45,6
TXN002163,CUST00033,PROD0004,2026-02-09 17:38:20,3577.55,2
TXN002164,CUST00030,PROD0031,2026-02-06 16:31:05,684.1,7
TXN002165,CUST00913,PROD0100,2026-02-27 01:34:43,462.46,
TXN002166,CUST00414,PROD0017,2026-02-09 20:28:31,146783.78,8
TXN002167,CUST00377,PROD0075,2026-02-08 09:22:31,474.15,6
TXN002168,CUST00665,PROD0081,2026-02-17 04:36:45,5226.63,8
TXN002169,CUST00077,PROD0080,2026-02-18 05:44:20,1680.4,6
TXN002170,CUST00661,PROD0021,2026-02-05 02:25:41,4997.19,2
TXN002171,CUST00303,PROD0041,2026-02-25 01:51:13,5351.01,3
TXN002172,CUST00526,PROD0071,2026-02-25 09:03:12,12998.73,6
TXN002173,CUST00292,PROD0037,2026-03-01 23:44:11,999.14,7
TXN000682,CUST00817,PROD0071,2026-02-01 01:23:45,6324.55,3
TXN002175,CUST00948,PROD0078,2026-01-31 08:05:08,175.38,4
TXN002176,CUST00090,PROD0015,2026-02-23 09:47:46,1299.74,5
TXN002177,CUST00703,PROD0089,2026-02-24 14:27:34,687.82,3
TXN002178,CUST00792,PROD0012,2026-02-01 22:45:13,120.52,4
TXN002179,CUST00539,PROD0007,2026-02-12 17:41:33,234.15,10
TXN002180,CUST00587,PROD0074,2026-02-02 18:02:32,307.91,4
TXN002181,CUST00453,PROD0030,2026-02-05 13:56:55,1357.92,8
TXN002182,CUST00934,PROD0002,2026-02-02 20:13:44,112.44,10
TXN002183,CUST00329,PROD0004,2026-02-26 07:46:13,1806.58,1
TXN002184,CUST00441,PROD0064,2026-02-27 08:57:33,500.97,7
TXN002185,CUST00367,PROD0084,2026-02-15 04:14:04,-804.16,4
TXN002186,CUST00688,PROD0099,2026-02-28 10:49:56,1378.36,8
TXN002187,CUST00389,PROD0027,2026-02-28 13:25:55,172.52,1
TXN002188,CUST00407,PROD0078,2026-02-22 22:08:49,374.75,8
TXN002189,CUST00801,PROD0064,2026-02-02 02:17:41,305.26,7
TXN002190,CUST00416,PROD0069,2026-02-05 15:18:18,345907.21,9
TXN002191,CUST00344,PROD0001,2026-02-03 18:31:11,720.6,6
TXN002192,CUST00761,PROD0041,2026-02-02 03:13:39,19023.61,10
TXN002193,CUST00170,PROD0031,2026-02-16 15:34:35,974.14,9
TXN002194,CUST00976,PROD0003,2026-02-28 08:44:15,1022.88,8
TXN002195,CUST00756,PROD0092,2026-02-21 03:25:14,375.23,2
TXN002196,CUST00589,PROD0052,2026-02-28 03:16:22,364.83,1
TXN002197,CUST00450,PROD0015,2026-02-07 09:45:13,482.81,2
TXN002198,CUST00881,PROD0049,2026-02-27 02:33:38,112.35,1
TXN002199,CUST00932,PROD0095,2026-02-17 16:15:24,511.43,5
TXN002200,CUST00092,PROD0004,2026-02-23 09:56:51,11507.65,6
TXN002201,CUST00030,PROD9900,2026-02-02 02:05:38,956.9,3
TXN002202,CUST00602,PROD0035,2026-02-08 04:44:06,18237.4,8
TXN002203,CUST00674,PROD0008,2026-02-11 10:53:43,201.68,1
TXN002204,CUST00088,PROD0047,2026-02-28 17:07:04,294.58,5
TXN002205,CUST00644,PROD0035,2026-02-23 23:30:52,2324.63,1
TXN002206,CUST00591,PROD0091,2026-02-26 09:51:11,1430.03,6
TXN002207,CUST00757,PROD0095,2026-02-05 22:30:53,543.25,6
TXN002208,CUST00115,PROD0096,2026-02-01 22:55:04,289.27,8
TXN002209,CUST00327,PROD0030,2026-02-19 21:07:52,615.99,4
TXN002210,CUST00499,PROD0088,2026-02-08 01:03:05,2334.34,8
TXN002211,CUST00672,PROD0052,2026-02-27 23:47:15,1880.74,5
TXN002212,CUST00716,PROD0037,2026-02-24 20:45:57,501.43,4
TXN002213,CUST00555,PROD0028,2026-02-14 05:43:34,190.81,6
TXN002214,CUST00050,PROD0054,2026-02-01 10:24:17,8426.85,8
TXN002215,CUST00067,PROD0060,2026-02-28 21:56:33,128.35,5
TXN002216,CUST00427,PROD0039,2026-01-31 12:16:16,857.7,2
TXN002217,CUST00469,PROD0039,2026-02-24 23:49:19,771.92,8
TXN002218,CUST00668,PROD0091,2026-02-24 07:31:46,1274.8,5
TXN002219,CUST00574,PROD0016,2026-02-09 04:21:15,132.91,2
TXN002220,CUST00993,PROD0022,2026-02-17 15:36:37,261.64,7
TXN002221,CUST00737,PROD0071,2026-02-23 18:41:23,15005.92,7
TXN002222,CUST00735,PROD9900,2026-02-23 21:47:30,492.54,
TXN002223,CUST00525,PROD0054,2026-01-31 22:45:48,-199.46,10
TXN002224,CUST00528,PROD0065,2026-02-21 19:09:43,132657.33,7
TXN002225,CUST00631,PROD0008,2026-02-02 15:51:18,1047.18,5
TXN002226,CUST00694,PROD0099,2026-02-10 16:10:32,1532.12,10
TXN002227,CUST00199,PROD0098,2026-02-25 04:03:11,550.39,3
TXN002228,CUST00399,PROD0033,2026-02-18 05:59:23,712.72,4
TXN000581,CUST00840,PROD0098,2026-02-28 23:24:14,1263.24,7
TXN002230,CUST00377,PROD0044,2026-02-07 17:12:30,-279.89,10
TXN002231,CUST00418,PROD0027,2026-02-23 04:31:27,854.23,5
TXN002232,CUST00790,PROD0060,2026-02-25 07:31:43,155.16,6
TXN002233,CUST00845,PROD0090,2026-02-07 01:00:34,1370.53,5
TXN000478,CUST99003,PROD0098,2026-02-23 21:07:40,1711.57,9
TXN002235,CUST00369,PROD0071,2026-02-09 00:17:29,4265.08,2
TXN002236,CUST00694,PROD0054,2026-02-11 21:24:34,362.98,0
TXN002237,CUST00148,PROD0063,2026-02-08 22:34:50,4330.34,10
TXN002238,CUST00844,PROD0083,2026-02-10 13:33:33,881.95,4
TXN002239,CUST00586,PROD0078,2026-02-15 19:58:38,368.37,9
TXN002240,CUST00097,PROD0048,2026-02-05 18:52:43,513.78,6
TXN002241,CUST00012,PROD0056,2026-02-01 23:41:33,40047.62,1
TXN002242,CUST00892,PROD0073,2026-02-11 21:34:27,19371.6,9
TXN002243,CUST00343,PROD0019,2026-02-02 15:24:10,249.59,6
TXN002244,CUST00587,PROD0054,2026-02-22 19:38:16,10628.51,10
TXN002245,CUST00425,PROD0100,2026-02-08 20:23:12,31717.55,1
TXN002246,CUST00679,PROD0060,2026-02-23 12:42:24,90.57,3
TXN002247,CUST00191,PROD0094,2026-02-23 09:58:32,9193.45,10
TXN002248,CUST00595,PROD0078,2026-03-01 09:35:33,47.89,1
TXN002249,CUST00947,PROD0100,2026-02-05 17:56:36,142485.6,4
TXN002250,CUST00496,PROD0008,2026-02-04 19:42:01,1836.09,8
TXN002251,CUST00375,PROD0072,2026-02-26 00:18:22,877.53,4
TXN002252,CUST00506,PROD0089,2026-02-22 17:28:49,269.71,1
TXN002253,CUST00587,PROD0043,2026-02-17 13:22:58,1005.86,9
TXN002254,CUST00608,PROD0097,2026-02-12 16:15:28,2155.24,5
TXN002255,CUST00042,PROD0096,2026-02-19 01:09:15,348.07,10
TXN002256,CUST00656,PROD0029,2026-02-20 07:22:16,209.21,10
TXN002257,CUST00033,PROD0065,2026-02-15 02:00:33,78591.3,4
TXN002258,CUST99004,PROD0008,2026-02-23 15:25:16,1567.3,8
TXN002259,CUST00084,PROD0015,2026-02-04 10:02:48,2515.86,10
TXN002260,CUST00728,PROD0090,2026-02-27 20:36:57,242.75,1
TXN002261,CUST00382,PROD0070,2026-02-16 22:45:42,56.05,2
TXN000039,CUST00347,PROD0062,2026-02-23 16:00:06,649.83,1
TXN002263,CUST00555,PROD0048,2026-02-12 01:24:47,174.23,2
TXN002264,CUST00641,PROD0048,2026-02-28 11:21:07,811.82,10
TXN002265,CUST00815,PROD0010,2026-02-14 00:34:00,184.49,10
TXN002266,CUST00982,PROD0092,2026-02-04 11:01:31,445.07,2
TXN002267,CUST00077,PROD0036,2026-02-11 11:10:08,2742.72,5
TXN002268,CUST00075,PROD0061,2026-02-14 11:33:35,2348.82,3
TXN002269,CUST00941,PROD0024,2026-02-01 13:50:47,546.47,1
TXN002270,CUST00966,PROD0041,2026-02-14 21:05:10,14299.86,9
TXN002271,CUST00748,PROD0086,2026-02-07 20:49:14,8469.76,10
TXN002272,CUST00896,PROD0099,2026-02-14 18:46:58,1169.94,7
TXN002273,CUST00441,PROD0089,2026-02-13 22:38:54,254.28,1
TXN002274,CUST00561,PROD0037,2026-02-18 00:22:10,428.07,3
TXN001106,CUST00281,PROD0089,2026-02-01 17:49:00,1803.62,7
TXN002276,CUST00105,PROD0100,2026-02-12 07:17:27,157761.0,5
TXN002277,CUST00832,PROD0043,2026-02-03 16:02:26,844.4,8
TXN002278,CUST00490,PROD0045,2026-02-11 20:02:31,18000.83,10
TXN002279,CUST99009,PROD0084,2026-02-15 13:11:20,449.22,9
TXN002280,CUST00354,PROD0013,2026-02-17 09:31:08,304.13,7
TXN002281,CUST00597,PROD0018,2026-02-04 21:24:08,22483.39,8
TXN002282,CUST00554,PROD0002,2026-02-05 06:19:38,56.69,5
TXN002283,CUST00348,PROD0084,2026-02-28 03:25:23,391.53,8
TXN002284,CUST00842,PROD0017,2026-02-23 02:45:09,87424.44,5
TXN002285,CUST00035,PROD9905,2026-02-06 16:53:39,116.92,7
TXN002286,CUST00792,PROD0081,2026-02-18 23:57:14,1160.04,2
TXN002287,CUST99009,PROD0080,2026-02-22 09:42:09,695.73,3
TXN002288,CUST00900,PROD0034,2026-02-01 23:14:46,331.47,5
TXN002289,CUST00552,PROD0063,2026-02-13 07:16:44,2055.55,4
TXN002290,CUST00155,PROD0039,2026-02-28 04:06:59,497.17,9
TXN002291,CUST00923,PROD0011,2026-02-13 03:41:00,325.64,10
TXN002292,CUST00532,PROD0097,2026-02-04 13:51:13,2522.44,6
TXN002293,CUST00131,PROD0099,2026-02-07 09:32:33,473.28,3
TXN002294,CUST00303,PROD0017,2026-02-09 10:12:20,158098.78,8
TXN002295,CUST00256,PROD0047,2026-02-22 17:47:33,427.57,8
TXN002296,CUST00388,PROD0069,2026-02-25 17:34:31,312574.78,9
TXN002297,CUST00074,PROD0028,2026-02-07 12:35:23,58.12,2
TXN002298,CUST00036,PROD0038,2026-02-07 02:16:50,,4
TXN002299,CUST99006,PROD0037,2026-02-18 04:37:50,936.31,7
TXN002300,CUST00071,PROD0079,2026-02-02 15:06:51,319208.47,6
TXN002301,CUST00169,PROD0079,2026-02-15 00:05:01,189393.74,4
TXN002302,CUST00757,PROD0090,2026-02-18 17:45:26,2465.59,9
TXN002303,CUST00728,PROD0017,2026-02-26 11:36:37,205908.63,10
TXN002304,CUST00925,PROD0006,2026-01-31 06:13:07,234.25,3
TXN002305,CUST00015,PROD0027,2026-02-08 03:19:46,1571.93,9
TXN002306,CUST00509,PROD0059,2026-03-01 07:25:24,-33.03,6
TXN002307,CUST00873,PROD0024,2026-02-04 21:41:34,5327.15,10
TXN002308,CUST00169,PROD0034,2026-02-05 14:08:27,261.46,4
TXN002309,CUST00660,PROD0056,2026-02-11 05:42:48,231419.31,7
TXN002310,CUST00238,PROD0026,2026-02-21 20:58:16,523.47,6
TXN002311,CUST00990,PROD0040,2026-02-02 13:22:06,-611.21,5
TXN002312,CUST00315,PROD0093,2026-02-22 12:16:40,926.66,2
TXN002313,CUST00840,PROD0081,2026-02-07 11:36:59,1277.33,2
TXN002314,CUST00874,PROD0089,2026-02-17 10:36:31,1725.52,7
TXN002315,CUST00808,PROD0010,2026-02-23 09:05:31,206.86,10
TXN002316,CUST00561,PROD0039,2026-02-24 13:50:31,682.78,4
TXN002317,CUST00373,PROD0005,2026-02-26 02:05:14,235506.14,6
TXN002318,CUST00996,PROD0080,2026-02-24 02:16:37,,2
TXN002319,CUST00100,PROD0050,2026-02-05 08:52:29,320.58,1
TXN002320,CUST00351,PROD0062,2026-02-22 16:42:59,4857.16,8
TXN002321,CUST00038,PROD0051,2026-02-26 01:51:11,1198.69,8
TXN002322,CUST00397,PROD0057,2026-02-24 08:58:23,1275.04,8
TXN002323,CUST00633,PROD0099,2026-02-01 15:29:00,1010.92,6
TXN002324,CUST00641,PROD0094,2026-02-03 13:00:52,6599.68,7
TXN002325,CUST00564,PROD0009,2026-02-28 16:21:43,998.9,4
TXN002326,CUST00943,PROD0038,2026-02-03 06:44:58,1688.44,7
TXN002327,CUST00406,PROD0085,2026-02-16 11:38:25,8733.04,5
TXN002328,CUST00839,PROD0034,2026-02-15 23:05:22,275.47,4
TXN002329,CUST00654,PROD0004,2026-02-05 11:15:28,18067.6,10
TXN002330,CUST00408,PROD0030,2026-02-09 19:16:21,598.11,4
TXN002331,CUST00992,PROD0001,2026-02-18 07:34:13,1091.87,9
TXN002332,CUST00417,PROD0039,2026-02-06 16:02:44,64.81,1
TXN002333,CUST00361,PROD9906,2026-02-23 05:51:45,156461.8,1
TXN002334,CUST00463,PROD0056,2026-02-23 06:57:18,302944.73,8
TXN002335,CUST00404,PROD0096,2026-02-28 07:13:54,112.83,3
TXN002336,CUST00344,PROD0007,2026-02-07 18:18:52,274484.82,1
TXN002337,CUST00895,PROD0015,2026-02-17 09:33:16,1966.34,8
TXN002338,CUST00855,PROD0012,2026-02-21 08:13:56,169.61,6
TXN002339,CUST00969,PROD0045,2026-02-08 20:43:11,311143.41,3
TXN002340,CUST00493,PROD0090,2026-02-12 21:07:10,926.84,4
TXN002341,CUST00193,PROD0033,2026-02-18 19:41:37,894.43,5
TXN002342,CUST00511,PROD0065,2026-02-15 00:21:58,17434.32,1
TXN002343,CUST00657,PROD0004,2026-02-03 13:17:02,15689.16,8
TXN002344,CUST00276,PROD0026,2026-02-04 00:14:16,553.13,6
TXN002345,CUST00008,PROD0034,2026-02-10 04:30:11,,10
TXN002346,CUST00890,PROD0032,2026-02-04 21:50:24,662.47,5
TXN002347,CUST00640,PROD0035,2026-02-21 08:56:02,23715.25,10
TXN000059,CUST00035,PROD0048,2026-02-16 00:54:45,225.81,3
TXN002349,CUST00854,PROD0005,2026-02-01 04:38:38,311993.49,7
TXN002350,CUST00252,PROD0052,2026-02-18 08:00:15,3355.81,10
TXN002351,CUST00824,PROD0060,2026-02-23 05:01:07,312.26,10
TXN002352,CUST00132,PROD0086,2026-02-12 04:44:02,6828.95,7
TXN002353,CUST00801,PROD0073,2026-02-22 01:58:22,11763.8,5
TXN002354,CUST00615,PROD0027,2026-02-11 16:47:09,1061.25,6
TXN002355,CUST00549,PROD0019,2026-02-02 21:12:48,140.19,3
TXN002356,CUST00517,PROD0047,2026-02-18 20:29:43,445.76,9
TXN002357,CUST00250,PROD0066,2026-02-26 18:27:46,886.17,10
TXN002358,CUST00819,PROD0091,2026-02-05 09:32:35,510.81,2
TXN002359,CUST00262,PROD0092,2026-02-20 01:15:58,1769.66,8
TXN002360,CUST00715,PROD0027,2026-02-18 10:32:32,181.72,1
TXN002361,CUST00308,PROD0058,2026-02-09 15:59:31,4461.88,10
TXN002362,CUST00459,PROD0037,2026-02-06 18:51:51,384278.23,10
TXN002363,CUST00292,PROD0040,2026-02-11 22:47:26,477.96,5
TXN002364,CUST00578,PROD0054,2026-02-08 15:07:09,11399.47,10
TXN002365,CUST00270,PROD0003,2026-02-17 09:07:50,381.73,3
TXN002366,CUST00290,PROD0015,2026-02-07 20:12:17,254.28,1
TXN002367,CUST00362,PROD0044,2026-02-01 11:59:27,3103.53,2
TXN002368,CUST00994,PROD0062,2026-02-07 13:26:32,-11.5,10
TXN000405,CUST00053,PROD0011,2026-02-14 02:23:58,256.65,8
TXN002370,CUST00238,PROD0072,2026-02-17 01:49:39,790.58,4
TXN002371,CUST00905,PROD0065,2026-02-12 11:41:43,40374.15,2
TXN002372,CUST00111,PROD0027,2026-02-24 01:10:25,182.21,1
TXN002373,CUST00585,PROD0064,2026-02-11 01:11:58,523.57,-1
TXN002374,CUST00065,PROD0079,2026-02-23 16:19:18,388088.02,8
TXN002375,CUST00525,PROD0018,2026-02-06 00:34:14,5628.73,2
TXN002376,CUST00153,PROD0053,2026-02-20 08:54:01,110.37,9
TXN002377,CUST00417,PROD0077,2026-02-04 20:20:33,309.33,9
TXN002378,CUST00398,PROD0085,2026-02-27 09:59:16,17333.21,10
TXN002379,CUST00335,PROD0056,2026-02-17 09:41:09,,5
TXN002380,CUST00813,PROD0002,2026-02-02 17:36:51,123.44,10
TXN002381,CUST00125,PROD0069,2026-02-24 04:36:50,164291.29,4
TXN002382,CUST00574,PROD0024,2026-02-01 01:14:29,3622.7,8
TXN002383,CUST00209,PROD0063,2026-01-31 09:45:56,3113.31,6
TXN002384,CUST00395,PROD0042,2026-02-08 14:42:25,1420.18,6
TXN002385,CUST00362,PROD0095,2026-02-25 12:40:47,667.66,7
TXN002386,CUST00230,PROD0005,2026-02-18 13:06:16,232830.49,6
TXN002387,CUST00090,PROD0066,2026-02-16 14:16:29,464.86,6
TXN002388,CUST00541,PROD0085,2026-03-01 10:26:23,6839.41,4
TXN002389,CUST00270,PROD0024,2026-02-03 05:45:36,4372.08,8
TXN002390,CUST00606,PROD0007,2026-02-05 08:08:13,,2
TXN002391,CUST00820,PROD0010,2026-02-06 15:02:02,57.06,3
TXN002392,CUST00854,PROD0075,2026-02-03 13:23:39,506.82,6
TXN002393,CUST00098,PROD0038,2026-02-23 10:57:32,271.76,1
TXN002394,CUST00737,PROD0029,2026-02-28 13:04:00,61.72,3
TXN002395,CUST00348,PROD0026,2026-02-03 14:07:18,328.72,4
TXN002396,CUST00289,PROD0012,2026-02-24 13:27:26,25.79,1
TXN002397,CUST00523,PROD0098,2026-02-25 08:29:20,628.25,3
TXN002398,CUST00914,PROD0008,2026-02-25 14:46:20,222.43,1
TXN002399,CUST00448,PROD0006,2026-02-16 18:00:20,150.24,2
TXN002400,CUST00465,PROD0077,2026-02-23 05:15:23,699.3,4
TXN002401,CUST00241,PROD0037,2026-02-06 18:44:20,1018.41,7
TXN002402,CUST00882,PROD0068,2026-02-22 01:09:17,352.57,5
TXN002403,CUST00114,PROD0019,2026-02-06 01:19:04,509.38,2
TXN002404,CUST00622,PROD0037,2026-02-17 11:46:15,908.82,7
TXN002405,CUST00310,PROD0090,2026-02-02 01:00:36,1201.08,5
TXN002406,CUST00656,PROD0013,2026-02-04 14:00:53,196.73,5
TXN002407,CUST00174,PROD0088,2026-02-03 07:55:13,3243.74,10
TXN002408,CUST00542,PROD0049,2026-02-10 14:23:02,235.86,2
TXN002409,CUST00782,PROD0008,2026-02-08 11:46:23,2233.14,10
TXN002410,CUST00076,PROD0028,2026-02-01 12:18:41,294.62,9
TXN002411,CUST00735,PROD0038,2026-01-31 11:52:09,1548.22,6
TXN000905,CUST00392,PROD0001,2026-02-11 08:25:11,1019.59,8
TXN002413,CUST00461,PROD0085,2026-02-03 05:26:01,10824.86,7
TXN002414,CUST00886,PROD9901,2026-03-01 19:56:50,285.55,1
TXN002415,CUST00069,PROD0007,2026-02-28 06:08:31,70.7,3
TXN002416,CUST00473,PROD0063,2026-02-02 15:50:03,4785.73,10
TXN002417,CUST00577,PROD0083,2026-02-09 23:38:58,,7
TXN002418,CUST00326,PROD0047,2026-02-17 22:51:36,525.02,10
TXN002419,CUST00995,PROD0052,2026-02-22 23:53:36,2922.07,8
TXN002420,CUST00050,PROD0014,2026-02-16 14:47:17,2027.94,9
TXN002421,CUST00002,PROD0064,2026-02-21 16:28:18,618.08,10
TXN002422,CUST00342,PROD0040,2026-02-23 17:15:23,970.85,10
TXN002423,CUST00083,PROD0008,2026-02-07 12:57:16,2115.24,10
TXN002424,CUST00986,PROD0025,2026-02-23 11:15:43,91.22,2
TXN002200,CUST00528,PROD0093,2026-02-04 15:23:14,2616.34,6
TXN002426,CUST00563,PROD0033,2026-02-14 16:07:07,521.58,3
TXN002427,CUST00463,PROD0022,2026-02-04 04:08:37,319.93,8
TXN002428,CUST00582,PROD0088,2026-02-06 14:23:53,327.58,1
TXN002429,CUST00607,PROD0059,2026-02-20 06:04:58,3271.04,5
TXN002430,CUST00079,PROD0043,2026-02-14 11:02:54,831.38,8
TXN002431,CUST00606,PROD0048,2026-02-15 20:22:26,760.36,10
TXN002432,CUST00810,PROD0001,2026-02-04 16:34:20,955.29,7
TXN002433,CUST00273,PROD0008,2026-02-04 22:04:01,1614.06,8
TXN002434,CUST00599,PROD0001,2026-02-26 16:51:04,1325.49,10
TXN002435,CUST00781,PROD0081,2026-02-11 07:23:28,3648.3,6
TXN002436,CUST00333,PROD0005,2026-02-02 06:19:29,43572.22,1
TXN002437,CUST00704,PROD0024,2026-02-20 10:58:20,,3
TXN002438,CUST00237,PROD0033,2026-02-04 12:39:45,461.59,3
TXN002439,CUST00456,PROD0038,2026-02-22 08:24:24,2522.37,10
TXN002440,CUST00052,PROD0032,2026-01-31 18:33:54,130.6,1
TXN002441,CUST00077,PROD0098,2026-02-06 02:47:11,-193.63,-1
TXN002442,CUST00043,PROD0044,2026-02-16 08:42:53,8807.19,6
TXN002443,CUST00823,PROD9908,2026-02-19 19:51:58,556.41,7
TXN002444,CUST00683,PROD0061,2026-02-12 05:36:03,2438.13,3
TXN002445,CUST00119,PROD0014,2026-02-09 09:10:36,2136.07,10
TXN002207,CUST00526,PROD0089,2026-02-07 12:57:36,2433.3,10
TXN002447,CUST00849,PROD0091,2026-03-01 03:28:19,752.97,3
TXN002448,CUST00516,PROD0067,2026-02-17 12:23:39,246.72,2
TXN002449,CUST00678,PROD0086,2026-02-19 19:06:58,4956.81,5
TXN002450,CUST00154,PROD0072,2026-02-09 00:57:06,189.51,1
TXN002451,CUST00547,PROD0031,2026-02-20 05:34:16,105.19,1
TXN002452,CUST00179,PROD0062,2026-02-03 02:40:15,,3
TXN002453,CUST00757,PROD0033,2026-02-24 07:34:27,154.74,1
TXN002454,CUST00750,PROD0082,2026-01-31 21:42:37,9850.22,8
TXN002455,CUST00054,PROD0090,2026-02-01 15:31:55,266.94,1
TXN002456,CUST00247,PROD0090,2026-02-28 11:54:04,800.3,0
TXN002457,CUST00284,PROD0045,2026-02-20 02:27:47,16322.2,9
TXN002458,CUST00695,PROD0091,2026-02-07 07:37:35,776.13,3
TXN002459,CUST00591,PROD0049,2026-02-09 06:42:40,780.13,8
TXN002460,CUST00041,PROD0084,2026-02-01 07:22:57,198.7,4
TXN002461,CUST00743,PROD0075,2026-02-11 05:43:05,508.44,6
TXN002462,CUST00876,PROD0001,2026-02-14 15:23:00,1179.87,9
TXN002463,CUST00812,PROD0026,2026-02-04 11:29:24,606.93,7
TXN001893,CUST00368,PROD0100,2026-02-03 08:35:17,169635.3,5
TXN002465,CUST00837,PROD0025,2026-02-07 01:47:20,254.81,6
TXN002466,CUST00525,PROD0013,2026-03-01 19:26:31,89.15,2
TXN002467,CUST00365,PROD0002,2026-02-02 10:46:01,97.13,8
TXN002468,CUST00430,PROD0063,2026-02-03 16:50:51,521.52,1
TXN002469,CUST00846,PROD0018,2026-02-13 02:28:04,24387.84,9
TXN002470,CUST00315,PROD0095,2026-02-08 23:20:56,196.28,2
TXN002471,CUST00776,PROD0028,2026-02-27 02:19:38,135.33,4
TXN002472,CUST00166,PROD0007,2026-02-03 13:46:49,199.61,10
TXN002473,CUST00098,PROD0003,2026-02-22 22:26:19,844.58,6
TXN002474,CUST00312,PROD0033,2026-03-01 17:05:28,1514.11,9
TXN002475,CUST00657,PROD0025,2026-02-24 02:18:36,339.85,8
TXN002476,CUST00193,PROD0086,2026-02-14 08:13:46,-638.78,5
TXN002477,CUST00068,PROD9904,2026-02-26 06:07:15,310.43,6
TXN002478,CUST01000,PROD0088,2026-02-08 04:43:14,1965.36,6
TXN002479,CUST00387,PROD0010,2026-02-07 16:51:48,184.09,9
TXN002480,CUST00503,PROD0095,2026-02-15 11:55:04,791.19,8
TXN002481,CUST00995,PROD0079,2026-02-15 20:40:51,235775.26,5
TXN002482,CUST00350,PROD0053,2026-01-31 16:51:53,96.99,8
TXN002483,CUST00511,PROD0075,2026-02-08 12:49:19,74.79,1
TXN002484,CUST00523,PROD0025,2026-01-31 18:06:49,251.13,6
TXN002485,CUST00314,PROD0099,2026-02-22 18:11:28,306625.33,10
TXN002486,CUST99000,PROD0082,2026-02-27 11:12:29,6056.12,5
TXN002487,CUST00345,PROD0087,2026-02-19 08:18:59,22.3,1
TXN002488,CUST00480,PROD0065,2026-02-02 16:34:51,53345.07,3
TXN002489,CUST00948,PROD0005,2026-02-15 04:43:42,,-5
TXN002490,CUST00304,PROD0016,2026-02-04 05:18:25,528.18,8
TXN002491,CUST00966,PROD0089,2026-02-20 17:27:26,2072.61,9
TXN002492,CUST00308,PROD0064,2026-02-28 22:16:36,979.87,8
TXN002493,CUST00015,PROD0021,2026-02-19 14:49:03,13502.33,5
TXN002494,CUST00676,PROD0068,2026-02-11 19:55:30,332.55,5
TXN002495,CUST00268,PROD0030,2026-02-13 03:51:29,1592.32,10
TXN002496,CUST00588,PROD0060,2026-03-01 09:54:33,120.15,4
TXN002497,CUST00086,PROD0046,2026-02-07 12:52:23,40.62,2
TXN002498,CUST00252,PROD0098,2026-02-15 08:12:46,1157.44,6
TXN001878,CUST00142,PROD0084,2026-02-08 04:13:07,282.51,6
TXN002500,CUST00656,PROD0049,2026-03-01 15:06:15,1048.31,10
TXN002501,CUST00348,PROD0021,2026-02-09 13:50:59,10228.61,4
TXN002502,CUST00794,PROD0016,2026-02-03 13:06:43,606.47,10
TXN002503,CUST00088,PROD0043,2026-02-19 06:28:48,625.33,6
TXN002504,CUST00062,PROD0035,2026-02-02 19:37:52,10934.39,5
TXN002505,CUST00608,PROD0045,2026-02-13 01:44:13,11672.33,6
TXN002506,CUST00508,PROD0064,2026-02-07 21:32:05,790.48,8
TXN002507,CUST00367,PROD0091,2026-02-07 15:31:31,1192.5,5
TXN002508,CUST00314,PROD0007,2026-02-28 13:00:24,200.29,9
TXN002509,CUST00469,PROD0047,2026-02-04 06:31:29,466.3,9
TXN002510,CUST00104,PROD0003,2026-02-01 08:01:29,815.49,6
TXN002511,CUST00774,PROD0074,2026-02-03 19:54:52,353.08,5
TXN002512,CUST00961,PROD0014,2026-02-07 15:18:12,1580.09,7
TXN002513,CUST00697,PROD0100,2026-02-11 09:15:43,298864.67,9
TXN002514,CUST00367,PROD0032,2026-02-16 02:50:54,650.12,5
TXN002515,CUST00767,PROD0092,2026-02-10 11:53:29,425.74,2
TXN002516,CUST00208,PROD0085,2026-02-04 04:28:46,7022.95,4
TXN002517,CUST00615,PROD0051,2026-02-02 21:58:08,276.28,2
TXN000923,CUST00285,PROD0050,2026-02-19 21:23:06,2970.26,9
TXN002519,CUST00961,PROD0017,2026-02-12 22:38:10,91280.04,5
TXN002520,CUST00736,PROD0057,2026-02-05 13:31:30,483.12,3
TXN002521,CUST00840,PROD0059,2026-02-23 23:50:08,6592.63,9
TXN002522,CUST00982,PROD0006,2026-03-01 04:24:00,252.15,3
TXN002523,CUST00535,PROD0073,2026-02-08 12:50:59,10135.98,4
TXN002524,CUST00027,PROD0001,2026-02-12 18:35:12,1049.19,8
TXN002525,CUST00215,PROD0060,2026-02-15 07:06:08,104.59,4
TXN002526,CUST00916,PROD0021,2026-02-08 22:29:42,16963.85,6
TXN002527,CUST00734,PROD9909,2026-02-28 15:09:11,755.64,8
TXN002528,CUST00999,PROD0024,2026-02-22 19:41:44,3278.79,7
TXN002529,CUST00929,PROD0080,2026-02-13 23:29:22,1450.46,6
TXN002530,CUST00565,PROD0008,2026-02-04 13:55:00,956.09,5
TXN002531,CUST00125,PROD0004,2026-02-28 14:32:40,15993.93,8
TXN002532,CUST00347,PROD0001,2026-02-11 10:36:48,839.74,6
TXN002533,CUST00423,PROD0087,2026-02-17 04:28:11,127.73,6
TXN002534,CUST00813,PROD0029,2026-02-09 17:17:48,24.14,1
TXN002535,CUST00396,PROD0025,2026-01-31 09:38:55,476.63,10
TXN002536,CUST00908,PROD0033,2026-02-28 14:35:57,1282.93,7
TXN002537,CUST00369,PROD0058,2026-02-21 19:04:48,2878.5,7
TXN002538,CUST00973,PROD0058,2026-02-10 07:41:37,4124.56,10
TXN002539,CUST00589,PROD0015,2026-02-16 23:17:22,2819.47,10
TXN002540,CUST00450,PROD0035,2026-02-15 00:18:02,24713.6,10
TXN002541,CUST00806,PROD0056,2026-02-01 22:57:37,39682.97,1
TXN002542,CUST00743,PROD0027,2026-02-19 15:07:09,1310.28,8
TXN002543,CUST00800,PROD0085,2026-02-13 18:22:50,9515.8,6
TXN002544,CUST00008,PROD0093,2026-02-02 00:56:55,3948.22,8
TXN002545,CUST00032,PROD0035,2026-02-27 07:52:40,9199.07,4
TXN002546,CUST00912,PROD0057,2026-02-02 23:51:28,152.58,1
TXN001812,CUST00102,PROD0031,2026-02-22 14:02:03,1003.93,10
TXN002548,CUST00202,PROD0057,2026-02-27 21:46:40,1075.08,7
TXN002549,CUST00367,PROD0091,2026-02-14 09:53:00,1203.87,5
TXN002550,CUST00304,PROD0064,2026-02-20 02:17:10,258.19,6
TXN002551,CUST00513,PROD0054,2026-02-23 22:16:43,2189.05,2
TXN002552,CUST00821,PROD0021,2026-02-26 10:36:50,23334.19,8
TXN002553,CUST00297,PROD0066,2026-02-21 11:26:29,698.79,8
TXN002554,CUST00666,PROD0050,2026-03-01 09:20:26,1185.82,4
TXN002555,CUST00451,PROD0063,2026-01-31 21:28:48,2801.67,6
TXN002556,CUST00404,PROD0046,2026-02-25 00:32:42,131.31,6
TXN002557,CUST00190,PROD0047,2026-02-28 09:36:39,432.75,8
TXN002558,CUST00307,PROD0019,2026-02-24 00:27:04,168067.91,9
TXN002559,CUST00539,PROD0088,2026-02-21 01:03:24,933.35,3
TXN002560,CUST00820,PROD0033,2026-02-22 01:12:05,647.58,4
TXN002561,CUST00112,PROD0066,2026-02-21 21:01:25,760.49,9
TXN002562,CUST00365,PROD0051,2026-02-26 10:04:17,1434.72,10
TXN002563,CUST00075,PROD0074,2026-02-01 17:12:41,166.34,2
TXN002564,CUST00443,PROD0032,2026-02-08 06:51:53,1354.3,10
TXN002565,CUST00670,PROD0019,2026-02-19 21:24:57,993.25,2
TXN002566,CUST00443,PROD0055,2026-01-31 19:19:40,865.93,3
TXN002567,CUST00442,PROD0047,2026-02-03 03:31:37,386.6,7
TXN002568,CUST00899,PROD9907,2026-02-03 02:38:48,679.34,10
TXN002569,CUST99008,PROD0059,2026-02-24 03:58:08,4281.81,6
TXN002570,CUST00392,PROD0040,2026-02-03 23:17:26,306.67,3
TXN002571,CUST00617,PROD0087,2026-02-18 01:33:09,69.01,3
TXN002572,CUST00241,PROD0064,2026-02-19 10:54:38,168.03,5
TXN002573,CUST00305,PROD0045,2026-02-28 15:17:23,-1815.99,-1
TXN002574,CUST00963,PROD0078,2026-02-04 14:01:08,40.98,1
TXN002575,CUST99007,PROD0072,2026-02-24 07:43:21,862.83,4
TXN002576,CUST00502,PROD0044,2026-02-21 14:25:04,10979.08,8
TXN002577,CUST00296,PROD0013,2026-02-24 12:26:27,170.59,4
TXN002578,CUST00184,PROD0007,2026-02-03 04:04:22,47.22,2
TXN002579,CUST00448,PROD0080,2026-02-02 23:34:39,1640.24,6
TXN002580,CUST00906,PROD0009,2026-02-03 04:38:55,236.18,1
TXN002581,CUST00355,PROD0073,2026-02-07 11:20:29,4300.34,2
TXN002582,CUST00690,PROD0023,2026-02-28 22:25:54,-282.87,6
TXN002583,CUST00402,PROD0033,2026-02-23 05:47:49,1113.48,7
TXN002584,CUST00008,PROD0060,2026-02-09 04:10:58,219.83,8
TXN002585,CUST00643,PROD0058,2026-01-31 17:20:42,418.07,1
TXN002586,CUST00023,PROD0008,2026-02-08 13:13:40,1308.43,6
TXN002587,CUST00339,PROD0048,2026-02-12 13:07:30,391.82,5
TXN002588,CUST00222,PROD0092,2026-02-20 12:22:41,1550.73,7
TXN002589,CUST00767,PROD0026,2026-02-19 03:29:20,548.14,6
TXN002590,CUST00747,PROD0064,2026-02-17 18:43:24,333.94,10
TXN002591,CUST00951,PROD0099,2026-01-31 07:45:14,927.83,6
TXN002592,CUST00144,PROD0073,2026-02-24 05:56:08,11931.88,5
TXN002593,CUST00465,PROD0030,2026-02-14 12:26:02,737.36,5
TXN002594,CUST00048,PROD0029,2026-02-04 15:09:11,62.95,3
TXN002595,CUST00914,PROD0025,2026-02-10 04:10:38,46.61,1
TXN002596,CUST00920,PROD0034,2026-03-01 14:51:27,659.94,10
TXN002597,CUST00218,PROD0085,2026-02-20 15:25:29,1695.78,1
TXN002598,CUST00402,PROD0040,2026-02-07 17:14:27,99.82,1
TXN002599,CUST00900,PROD0046,2026-02-01 23:01:33,218.47,10
TXN002600,CUST00387,PROD0097,2026-02-02 04:13:51,1228.68,3
TXN002601,CUST00736,PROD0053,2026-01-31 17:52:45,40.86,3
TXN002602,CUST00689,PROD0033,2026-02-09 08:56:56,482565.65,7
TXN002603,CUST00388,PROD0051,2026-02-24 16:52:35,1418.38,9
TXN002604,CUST00996,PROD0033,2026-02-01 00:48:15,1683.25,10
TXN002605,CUST00089,PROD0039,2026-02-21 01:54:35,110.48,4
TXN002606,CUST00405,PROD0025,2026-02-21 15:26:37,127.28,3
TXN002607,CUST00804,PROD0079,2026-02-12 00:05:49,135595.15,3
TXN002608,CUST00376,PROD0001,2026-02-09 04:15:37,368.14,3
TXN002609,CUST00703,PROD0009,2026-02-20 00:37:35,631.18,3
TXN002610,CUST00192,PROD0015,2026-02-24 19:22:38,-260.63,-1
TXN002611,CUST00715,PROD0001,2026-02-07 00:44:06,250.62,2
TXN002612,CUST00776,PROD0038,2026-02-02 09:33:15,1118.96,4
TXN002613,CUST00321,PROD0064,2026-02-20 13:39:07,457.67,1
TXN002614,CUST00991,PROD0005,2026-02-02 08:03:02,,9
TXN002615,CUST00207,PROD0092,2026-02-11 20:07:11,551.48,3
TXN002616,CUST00728,PROD0034,2026-02-07 02:34:14,405.16,6
TXN002617,CUST00906,PROD0029,2026-02-26 03:27:29,117.07,5
TXN002618,CUST00696,PROD0096,2026-02-05 02:25:28,70.73,2
TXN002619,CUST00755,PROD0077,2026-03-01 05:20:06,177.59,9
TXN002620,CUST00175,PROD0079,2026-02-11 09:05:30,283404.48,6
TXN002621,CUST00203,PROD0067,2026-02-21 02:03:42,1058.7,8
TXN002622,CUST00299,PROD0063,2026-02-15 01:14:50,2174.44,5
TXN001083,CUST00667,PROD0035,2026-02-08 09:53:02,22636.58,9
TXN002624,CUST00453,PROD0083,2026-02-10 14:15:59,-153.26,9
TXN002625,CUST00093,PROD0009,2026-02-03 06:16:01,832.61,4
TXN002626,CUST00031,PROD0006,2026-02-17 10:04:04,375.14,5
TXN002627,CUST00403,PROD0046,2026-02-04 14:36:27,205.81,9
TXN002628,CUST00813,PROD0008,2026-02-15 23:42:38,1005.82,5
TXN002629,CUST00592,PROD0016,2026-02-26 08:52:58,441.85,7
TXN002630,CUST00882,PROD0035,2026-02-11 12:47:01,2307.3,1
TXN002631,CUST00922,PROD0060,2026-02-05 01:08:56,125.11,4
TXN002632,CUST00517,PROD0057,2026-02-15 21:08:20,477.26,3
TXN002633,CUST00275,PROD0072,2026-02-14 07:23:45,616.94,3
TXN002634,CUST00644,PROD0090,2026-02-14 21:40:01,1195.82,5
TXN002635,CUST00201,PROD0068,2026-02-20 12:18:34,221.29,3
TXN002636,CUST00816,PROD0017,2026-02-07 07:38:04,157859.62,9
TXN002637,CUST00342,PROD0029,2026-02-03 07:54:19,143.88,7
TXN002638,CUST00799,PROD0034,2026-02-07 04:05:23,280.72,4
TXN002639,CUST00411,PROD0068,2026-02-12 13:11:56,417.13,6
TXN002640,CUST00758,PROD0084,2026-02-20 06:17:55,148.18,3
TXN002641,CUST00582,PROD0083,2026-02-20 05:48:52,2114.73,9
TXN002642,CUST00518,PROD0047,2026-02-27 05:39:07,386.92,7
TXN002643,CUST00296,PROD0077,2026-02-01 16:28:11,625.55,4
TXN002644,CUST00784,PROD0016,2026-02-18 07:54:00,418.16,6
TXN002645,CUST00226,PROD0062,2026-02-01 18:11:58,2600.37,4
TXN002646,CUST00758,PROD0010,2026-03-01 23:32:05,130.09,7
TXN002647,CUST00846,PROD0022,2026-02-20 06:47:03,74.65,2
TXN002648,CUST00399,PROD0004,2026-02-17 19:40:26,16295.5,8
TXN002649,CUST00066,PROD0063,2026-02-10 22:40:02,455.61,1
TXN002650,CUST00105,PROD0022,2026-02-19 00:08:46,121082.23,2
TXN002651,CUST00636,PROD0066,2026-02-22 20:08:07,80.54,1
TXN002652,CUST00145,PROD0060,2026-02-10 12:48:24,206.75,8
TXN002653,CUST00087,PROD0035,2026-02-25 08:25:00,9705.99,4
TXN002654,CUST00736,PROD0075,2026-02-18 05:33:45,496.72,6
TXN002655,CUST00482,PROD0028,2026-02-01 15:44:48,291144.7,3
TXN002656,CUST00548,PROD0027,2026-02-17 14:27:01,359.31,2
TXN002657,CUST00325,PROD9904,2026-02-03 07:36:03,35.16,6
TXN002658,CUST00565,PROD0080,2026-02-09 12:27:45,473.32,0
TXN002659,CUST99007,PROD0011,2026-02-04 05:05:03,161.92,5
TXN002660,CUST00937,PROD0003,2026-02-01 04:54:17,686.73,5
TXN002661,CUST00383,PROD0021,2026-02-04 08:41:15,21026.03,8
TXN002662,CUST00428,PROD0047,2026-02-05 10:29:57,282.66,5
TXN002663,CUST00339,PROD0022,2026-02-19 23:35:53,301.12,8
TXN002664,CUST00792,PROD0021,2026-02-02 15:37:48,8586.49,3
TXN002665,CUST00166,PROD0080,2026-02-17 15:16:43,2737.64,10
TXN002666,CUST00039,PROD0008,2026-02-12 08:48:05,416.6,2
TXN002667,CUST00328,PROD0089,2026-02-12 10:04:45,2351.8,10
TXN002668,CUST00073,PROD0093,2026-02-16 23:10:01,181798.04,9
TXN002669,CUST00511,PROD0025,2026-02-15 04:33:11,253.75,6
TXN002670,CUST00294,PROD0079,2026-02-27 15:05:51,379201.94,7
TXN002671,CUST00063,PROD0048,2026-02-20 09:05:33,325.92,4
TXN002672,CUST00646,PROD0026,2026-02-27 07:30:58,78.46,1
TXN002673,CUST00498,PROD0093,2026-01-31 13:31:29,4033.94,8
TXN002674,CUST00357,PROD0080,2026-02-01 01:13:16,2482.83,9
TXN002675,CUST00757,PROD0014,2026-02-01 01:08:24,2466.17,10
TXN002676,CUST00139,PROD0032,2026-02-23 20:56:05,258.91,2
TXN002677,CUST00024,PROD0033,2026-03-01 13:08:51,157.35,1
TXN002678,CUST00845,PROD0065,2026-02-14 13:10:06,127405.7,7
TXN002679,CUST00465,PROD0075,2026-02-15 07:03:11,80.81,1
TXN002680,CUST00035,PROD0095,2026-02-04 11:32:39,754.75,8
TXN002681,CUST00785,PROD0011,2026-02-11 21:56:52,160.02,5
TXN002682,CUST00597,PROD0091,2026-02-07 18:17:20,1638.1,7
TXN002683,CUST00244,PROD0001,2026-03-01 08:04:23,406.57,3
TXN002684,CUST00339,PROD0002,2026-02-04 02:32:37,81.67,8
TXN002685,CUST00463,PROD0096,2026-01-31 19:43:48,275.82,8
TXN002686,CUST00516,PROD0008,2026-02-04 22:19:42,196526.15,8
TXN002687,CUST00424,PROD0085,2026-02-20 00:47:31,4964.93,3
TXN002688,CUST00864,PROD0045,2026-02-20 20:11:45,8148.42,4
TXN002689,CUST00347,PROD0046,2026-02-08 01:27:58,193.89,9
TXN002690,CUST00374,PROD0087,2026-02-16 02:55:26,225.22,10
TXN002691,CUST00398,PROD0082,2026-03-01 10:36:56,2702.43,2
TXN002692,CUST00426,PROD0024,2026-02-25 08:58:23,4389.58,9
TXN002693,CUST00149,PROD0055,2026-02-01 18:28:54,1441.08,5
TXN002694,CUST00539,PROD0097,2026-02-03 16:40:38,1661.31,4
TXN002695,CUST00053,PROD0027,2026-02-17 18:56:53,552.32,3
TXN002696,CUST00005,PROD0018,2026-02-14 09:25:37,2925.05,1
TXN002697,CUST00846,PROD0055,2026-02-22 14:43:41,-1310.02,-5
TXN002698,CUST00198,PROD9903,2026-02-18 13:30:13,624.14,6
TXN002699,CUST00534,PROD0009,2026-03-01 09:56:00,226.17,1
TXN002177,CUST00537,PROD0057,2026-02-20 22:24:13,982.57,6
TXN002701,CUST00036,PROD0097,2026-02-25 00:15:53,468.06,1
TXN002702,CUST00518,PROD0053,2026-02-25 21:04:35,28.54,2
TXN002703,CUST00497,PROD0004,2026-02-04 06:40:25,14411.09,7
TXN002704,CUST00076,PROD0021,2026-02-16 10:37:32,2715.57,1
TXN002705,CUST00680,PROD0004,2026-02-03 07:31:23,7117.98,4
TXN002706,CUST00130,PROD0058,2026-02-07 10:26:28,-193.77,10
TXN002707,CUST00228,PROD0059,2026-02-04 02:08:44,5209.9,7
TXN002708,CUST00074,PROD0021,2026-02-04 23:38:32,26475.08,9
TXN002709,CUST00602,PROD0064,2026-02-16 08:36:05,419.79,2
TXN002710,CUST00171,PROD0091,2026-02-04 12:06:53,1481.64,6
TXN002711,CUST00980,PROD0040,2026-02-12 08:37:49,516.85,5
TXN002712,CUST00405,PROD0031,2026-01-31 17:34:54,,6
TXN002713,CUST00035,PROD0075,2026-02-02 02:44:23,527.47,7
TXN002714,CUST00997,PROD0098,2026-02-18 18:48:12,185.75,1
TXN002715,CUST00426,PROD0072,2026-02-05 10:42:14,-63.96,9
TXN002685,CUST00730,PROD0071,2026-02-26 02:10:00,20641.11,10
TXN002717,CUST00967,PROD9907,2026-02-22 09:49:16,465.4,7
TXN002718,CUST00003,PROD0085,2026-02-02 10:31:51,6143.78,4
TXN002719,CUST00207,PROD0010,2026-02-17 08:46:38,-99.03,-5
TXN002720,CUST00247,PROD0007,2026-02-05 11:33:32,41.56,2
TXN002721,CUST00821,PROD0054,2026-02-25 10:17:31,1052.94,1
TXN002722,CUST00799,PROD0016,2026-02-03 10:38:50,64.59,1
TXN002723,CUST00036,PROD0067,2026-02-13 10:16:25,503.6,4
TXN002724,CUST00238,PROD0082,2026-02-28 17:38:17,2536.85,2
TXN002725,CUST00006,PROD0002,2026-02-18 09:08:59,54.56,5
TXN002726,CUST00925,PROD0006,2026-02-23 11:38:19,83.22,1
TXN002727,CUST00579,PROD0080,2026-02-06 18:02:46,763.82,3
TXN002728,CUST00874,PROD0081,2026-02-17 05:53:46,3933.76,6
TXN002729,CUST00018,PROD0073,2026-02-10 15:35:13,11009.18,5
TXN002730,CUST00418,PROD0089,2026-02-05 18:42:13,2081.35,8
TXN002731,CUST00005,PROD0045,2026-01-31 09:35:05,3570.98,2
TXN002732,CUST00058,PROD0058,2026-02-17 14:31:04,3384.14,9
TXN002733,CUST00544,PROD0057,2026-02-19 14:17:02,1604.32,10
TXN001077,CUST99007,PROD0062,2026-02-26 19:55:41,5968.92,10
TXN002735,CUST00066,PROD0052,2026-02-20 18:53:26,1813.39,5
TXN002736,CUST00784,PROD0057,2026-02-06 09:51:19,1344.53,9
TXN002737,CUST00971,PROD0007,2026-02-07 03:52:33,40.68,2
TXN002738,CUST00256,PROD0070,2026-02-02 11:04:20,132.03,5
TXN002739,CUST00769,PROD0069,2026-03-01 19:34:12,141741.67,4
TXN002740,CUST00182,PROD0041,2026-02-13 13:03:15,8489.86,5
TXN002741,CUST00797,PROD0020,2026-02-22 09:39:56,6014.1,5
TXN002742,CUST00346,PROD0068,2026-02-09 04:25:12,68.06,1
TXN002743,CUST00895,PROD0060,2026-02-27 12:07:42,207.07,7
TXN002744,CUST00958,PROD0095,2026-02-21 15:26:46,237817.68,4
TXN002745,CUST00771,PROD0024,2026-02-16 16:06:36,1851.84,4
TXN002746,CUST00093,PROD0092,2026-02-24 22:14:08,218.15,1
TXN002747,CUST00594,PROD0094,2026-02-26 16:23:17,4352.34,5
TXN002748,CUST00945,PROD0011,2026-02-21 00:03:56,264.72,7
TXN002749,CUST00196,PROD0039,2026-02-02 19:00:19,386.5,10
TXN002750,CUST00813,PROD0092,2026-02-16 20:08:05,1307.73,6
TXN002751,CUST00396,PROD0081,2026-02-23 09:28:24,5113.7,9
TXN002748,CUST00558,PROD0067,2026-02-10 20:40:18,495.1,4
TXN001515,CUST00043,PROD0021,2026-02-06 12:57:09,2932.76,1
TXN002754,CUST00846,PROD0086,2026-02-14 09:36:05,6759.09,7
TXN002755,CUST00697,PROD0013,2026-02-28 22:44:06,184.29,4
TXN002756,CUST00372,PROD0040,2026-02-27 09:48:00,666.71,6
TXN002757,CUST00589,PROD0098,2026-02-03 03:40:00,-268.89,9
TXN002758,CUST00188,PROD0001,2026-02-20 13:37:01,972.78,8
TXN002759,CUST00931,PROD0049,2026-02-01 04:57:19,108.83,1
TXN002760,CUST00895,PROD0019,2026-01-31 02:27:22,897.94,3
TXN002761,CUST00355,PROD0033,2026-02-02 00:29:04,174.79,1
TXN002762,CUST00678,PROD0045,2026-02-09 23:01:53,14682.62,8
TXN002763,CUST00125,PROD0011,2026-02-21 14:36:48,176.8,5
TXN002764,CUST00170,PROD0098,2026-02-11 05:10:00,588.02,3
TXN002765,CUST00049,PROD0088,2026-02-18 04:07:54,2347.19,7
TXN002766,CUST00343,PROD0042,2026-02-05 01:30:47,663.28,3
TXN002767,CUST00056,PROD0089,2026-02-05 05:23:02,789.72,3
TXN002768,CUST00236,PROD0037,2026-02-20 01:48:58,512.98,4
TXN002769,CUST00159,PROD0072,2026-02-05 11:47:33,-206.5,-1
TXN002770,CUST00422,PROD0017,2026-02-11 20:02:32,20035.43,1
TXN002771,CUST00508,PROD0043,2026-02-11 00:53:20,290.31,3
TXN002772,CUST00260,PROD0061,2026-02-11 22:14:36,1650.83,2
TXN002773,CUST00728,PROD0051,2026-02-13 21:56:32,1299.57,9
TXN002774,CUST00285,PROD0052,2026-02-17 00:28:08,2590.1,7
TXN002775,CUST00152,PROD9901,2026-02-12 00:12:27,841.79,4
TXN002776,CUST00967,PROD0037,2026-03-01 09:13:37,409662.26,6
TXN002777,CUST00136,PROD0056,2026-02-16 17:18:35,137019.73,4
TXN002778,CUST00323,PROD0083,2026-02-12 02:15:21,1636.7,7
TXN002779,CUST00628,PROD0027,2026-02-10 11:15:38,1350.3,7
TXN002780,CUST00573,PROD0031,2026-02-20 22:55:01,536.94,5
TXN002781,CUST00279,PROD0026,2026-02-08 20:28:54,389.97,5
TXN002782,CUST00070,PROD0047,2026-02-03 12:55:21,456.85,8
TXN001317,CUST00257,PROD0061,2026-02-23 12:34:57,9320.49,10
TXN002565,CUST00509,PROD0041,2026-02-16 19:40:17,1623.02,1
TXN002785,CUST00677,PROD0059,2026-02-08 14:51:04,4476.77,7
TXN002786,CUST00238,PROD0040,2026-02-05 02:07:02,649.32,6
TXN002787,CUST00964,PROD0042,2026-02-04 15:44:10,510.68,2
TXN002788,CUST00503,PROD0080,2026-02-09 17:32:23,784.64,3
TXN002789,CUST00654,PROD0013,2026-02-06 22:22:43,262.75,6
TXN002790,CUST00220,PROD0054,2026-02-23 03:33:20,274083.44,7
TXN002791,CUST00868,PROD0096,2026-02-20 00:00:03,174.76,5
TXN002792,CUST00126,PROD0055,2026-02-20 01:28:49,2247.08,8
TXN002793,CUST00678,PROD0096,2026-02-04 09:09:29,177.43,5
TXN002794,CUST00918,PROD0015,2026-02-04 20:58:38,1113.19,4
TXN002795,CUST00751,PROD0066,2026-02-01 14:53:35,308.83,4
TXN002796,CUST00193,PROD0096,2026-02-07 04:22:41,35.56,1
TXN002797,CUST00732,PROD0099,2026-02-09 03:30:18,147.14,1
TXN002798,CUST00048,PROD0026,2026-02-01 03:26:43,725.19,8
TXN000548,CUST00903,PROD0091,2026-02-06 22:29:06,957.89,4
TXN002800,CUST00714,PROD0073,2026-02-06 19:58:01,9356.4,4
TXN002801,CUST00139,PROD0022,2026-02-02 14:02:09,212.55,5
TXN002802,CUST00327,PROD0054,2026-02-21 15:08:21,5659.01,5
TXN002803,CUST00699,PROD0080,2026-03-01 12:44:58,1510.72,6
TXN002804,CUST00719,PROD0061,2026-02-22 02:55:08,848.43,1
TXN002805,CUST00294,PROD0042,2026-02-22 23:40:11,490.82,2
TXN002806,CUST00171,PROD0065,2026-02-06 13:58:04,18181.93,1
TXN002807,CUST00341,PROD0024,2026-02-26 07:24:49,4529.22,9
TXN002808,CUST00382,PROD0015,2026-02-19 03:01:28,-1178.32,-5
TXN002809,CUST00969,PROD0072,2026-02-17 17:31:56,972.85,5
TXN002810,CUST00872,PROD0070,2026-02-11 13:41:11,187.67,6
TXN002811,CUST00036,PROD0024,2026-02-19 21:22:04,4274.58,8
TXN002812,CUST00078,PROD0026,2026-02-14 16:16:37,182.2,2
TXN002813,CUST00827,PROD0068,2026-02-09 00:42:04,548.13,8
TXN002814,CUST00407,PROD0049,2026-02-27 10:09:44,802.05,7
TXN002815,CUST00268,PROD0100,2026-02-15 01:47:43,32097.62,1
TXN002816,CUST00631,PROD0035,2026-02-28 17:38:56,12698.48,5
TXN002817,CUST00886,PROD0094,2026-02-01 03:51:08,8568.7,9
TXN002634,CUST00019,PROD0070,2026-02-04 18:38:55,200.66,
TXN002819,CUST00349,PROD0071,2026-02-03 23:07:44,2160.94,1
TXN002820,CUST00738,PROD0056,2026-02-04 18:37:02,67064.41,2
TXN002821,CUST00429,PROD0018,2026-02-09 02:10:58,14241.6,5
TXN002822,CUST00118,PROD0088,2026-02-06 23:22:36,1250.84,4
TXN002823,CUST00844,PROD0034,2026-02-11 22:46:20,202.08,3
TXN002824,CUST00864,PROD0056,2026-02-18 13:43:22,72808.53,2
TXN002825,CUST00099,PROD0037,2026-02-11 19:22:54,566.57,4
TXN002826,CUST00278,PROD0068,2026-02-17 04:56:46,785.85,10
TXN002827,CUST00024,PROD0019,2026-02-21 23:35:58,107.75,5
TXN002828,CUST00373,PROD0100,2026-02-18 15:16:20,-677.09,2
TXN002829,CUST00531,PROD0035,2026-02-09 08:53:09,18815.96,8
TXN002830,CUST00016,PROD0050,2026-02-18 12:39:12,2998.79,10
TXN002831,CUST00425,PROD0011,2026-02-04 05:30:21,182.96,5
TXN002832,CUST00989,PROD0061,2026-02-03 17:52:47,943.01,1
TXN002833,CUST00527,PROD9907,2026-02-14 02:43:01,27.55,10
TXN002834,CUST00586,PROD0059,2026-02-22 11:42:13,3148.89,5
TXN002835,CUST00754,PROD0068,2026-02-16 21:47:27,717.93,10
TXN002836,CUST00482,PROD0082,2026-02-25 01:45:59,1251.94,1
TXN002837,CUST00572,PROD0003,2026-02-04 02:41:34,1069.28,8
TXN002838,CUST00955,PROD0018,2026-02-19 06:37:14,8634.12,3
TXN002839,CUST00186,PROD0033,2026-02-18 14:43:21,367.4,2
TXN002840,CUST00948,PROD0040,2026-02-16 01:14:45,973.53,9
TXN002841,CUST00518,PROD0023,2026-02-04 00:48:47,1055.52,5
TXN002842,CUST00253,PROD0065,2026-02-04 19:19:28,20914.8,1
TXN002843,CUST00182,PROD0031,2026-02-25 20:40:03,594.08,6
TXN002844,CUST00607,PROD0053,2026-02-06 14:41:28,26.37,2
TXN002845,CUST00765,PROD0029,2026-02-02 18:20:39,139.39,6
TXN002846,CUST00344,PROD0023,2026-02-22 20:21:40,2054.02,10
TXN002847,CUST00202,PROD0075,2026-02-17 11:18:49,823.1,10
TXN002848,CUST00647,PROD0018,2026-03-01 01:35:45,2541.58,1
TXN002849,CUST00427,PROD0051,2026-02-24 10:05:20,1471.74,10
TXN002850,CUST00717,PROD0013,2026-02-09 22:50:42,352465.38,1
TXN002851,CUST00188,PROD0085,2026-02-24 15:54:43,8620.04,5
TXN002852,CUST00676,PROD0039,2026-02-03 16:12:54,470.1,6
TXN002853,CUST00669,PROD0033,2026-02-23 07:20:14,1362.12,8
TXN002854,CUST00740,PROD0017,2026-02-17 10:34:54,18041.93,1
TXN002855,CUST00095,PROD0061,2026-01-31 15:04:40,-211.52,3
TXN002856,CUST00404,PROD0091,2026-02-16 19:48:31,1316.23,5
TXN002857,CUST00769,PROD0038,2026-02-05 07:23:24,1000.22,4
TXN002858,CUST00953,PROD0074,2026-02-18 22:09:56,667.9,9
TXN002859,CUST00486,PROD0098,2026-02-27 23:03:42,1676.25,9
TXN002860,CUST00971,PROD0096,2026-02-08 02:11:43,181.78,5
TXN002861,CUST00243,PROD0074,2026-02-17 05:55:58,540.81,7
TXN002862,CUST00066,PROD0044,2026-02-17 12:13:01,10774.43,7
TXN002863,CUST00696,PROD0034,2026-02-28 14:32:29,72.47,1
TXN002864,CUST00373,PROD0097,2026-02-23 22:46:30,1638.67,4
TXN002865,CUST00784,PROD0041,2026-02-11 23:34:25,13364.79,8
TXN002866,CUST00038,PROD0024,2026-02-07 18:58:38,5175.39,10
TXN002867,CUST00490,PROD9902,2026-02-11 07:13:49,514.22,2
TXN002868,CUST00431,PROD9901,2026-02-22 13:48:34,92.76,5
TXN002869,CUST00070,PROD0023,2026-02-07 20:41:23,1888.28,10
TXN002870,CUST00374,PROD0077,2026-02-24 04:14:44,495.34,3
TXN001276,CUST00803,PROD0099,2026-02-25 17:49:55,1534.27,10
TXN002872,CUST00540,PROD0014,2026-02-18 23:57:12,2522.06,10
TXN002873,CUST00515,PROD0035,2026-02-16 08:43:23,17695.98,8
TXN002874,CUST00126,PROD0046,2026-02-06 21:03:33,191.97,9
TXN002875,CUST00027,PROD0044,2026-02-12 03:41:00,1458.68,1
TXN002876,CUST00499,PROD0034,2026-02-21 15:27:05,585.17,8
TXN002877,CUST00394,PROD0038,2026-02-17 10:15:59,1389.59,5
TXN002878,CUST00976,PROD0019,2026-02-25 22:27:58,351.48,9
TXN002879,CUST00212,PROD0082,2026-02-14 07:18:20,3613.52,3
TXN002880,CUST00134,PROD0004,2026-02-10 15:55:58,12865.95,7
TXN002881,CUST01000,PROD0049,2026-03-01 18:34:48,594.39,6
TXN002882,CUST00738,PROD0056,2026-02-18 06:39:28,315065.17,9
TXN002883,CUST00355,PROD0047,2026-02-15 03:15:07,515.27,10
TXN002884,CUST00400,PROD0056,2026-02-22 18:20:11,172759.17,5
TXN002885,CUST00228,PROD0066,2026-02-15 14:23:24,154.91,2
TXN002886,CUST00532,PROD0048,2026-02-14 18:55:42,336.82,4
TXN002887,CUST00062,PROD0002,2026-02-19 09:22:47,42.98,4
TXN002888,CUST00586,PROD0039,2026-01-31 05:18:26,613.97,8
TXN002889,CUST00057,PROD0098,2026-02-16 10:15:12,845.53,4
TXN002890,CUST00600,PROD0003,2026-02-11 12:51:10,261.14,2
TXN002891,CUST00334,PROD0065,2026-02-09 17:09:49,166927.73,8
TXN002892,CUST00481,PROD0075,2026-02-09 16:46:15,586.07,7
TXN002893,CUST00334,PROD0002,2026-02-04 01:43:41,62.54,6
TXN002894,CUST00917,PROD0099,2026-02-06 00:43:05,692.84,0
TXN002895,CUST00460,PROD0045,2026-02-20 12:15:01,9547.6,5
TXN002896,CUST00328,PROD0071,2026-02-03 23:50:28,12667.3,6
TXN002897,CUST00687,PROD0065,2026-02-08 16:19:00,122133.82,6
TXN002898,CUST00347,PROD0062,2026-02-25 13:33:13,3816.45,6
TXN001153,CUST00873,PROD0078,2026-02-16 14:11:04,381.4,9
TXN002900,CUST00954,PROD0067,2026-01-31 10:14:28,1297.85,9
TXN002901,CUST00087,PROD0014,2026-02-14 07:00:55,932.09,4
TXN002902,CUST00573,PROD0065,2026-02-23 13:49:59,38634.57,2
TXN002903,CUST00048,PROD0061,2026-02-14 11:59:22,7300.97,8
TXN002904,CUST00004,PROD0096,2026-02-05 20:42:56,-960.9,3
TXN001640,CUST00826,PROD0058,2026-02-25 06:21:31,2262.61,6
TXN000811,CUST00017,PROD0011,2026-02-18 01:50:29,170.37,5
TXN002907,CUST00785,PROD0015,2026-02-27 10:40:23,1652.66,7
TXN002908,CUST00365,PROD0006,2026-02-02 09:21:35,734.24,9
TXN002909,CUST00638,PROD0084,2026-02-17 09:38:50,213.88,4
TXN002910,CUST00519,PROD0087,2026-02-22 20:25:13,145.18,7
TXN002911,CUST00939,PROD0063,2026-02-28 16:46:14,1026.86,2
TXN002912,CUST00663,PROD0079,2026-02-09 22:26:25,-965.13,10
TXN002913,CUST00924,PROD0098,2026-02-12 23:26:31,143796.69,6
TXN002914,CUST00968,PROD0010,2026-02-14 00:37:32,148.55,7
TXN002915,CUST00236,PROD0070,2026-02-20 12:38:06,255.67,9
TXN002916,CUST00395,PROD0048,2026-02-15 07:07:09,324.11,4
TXN002917,CUST00789,PROD0097,2026-02-01 18:22:59,4275.82,10
TXN002918,CUST00664,PROD0058,2026-02-26 14:57:14,762.1,2
TXN002919,CUST00177,PROD0011,2026-02-21 08:28:05,220.67,6
TXN002920,CUST00291,PROD0088,2026-02-08 16:47:40,2422.56,7
TXN002921,CUST00860,PROD0015,2026-02-03 07:59:46,2345.23,9
TXN002922,CUST00194,PROD0025,2026-02-15 07:38:25,134.63,3
TXN002923,CUST00498,PROD0087,2026-02-26 09:27:16,,5
TXN002924,CUST00195,PROD0037,2026-02-25 10:22:21,1196.27,9
TXN002925,CUST00547,PROD0016,2026-02-02 22:23:22,69.03,1
TXN002926,CUST00792,PROD0062,2026-02-19 00:23:25,5257.35,9
TXN002927,CUST00714,PROD9902,2026-02-14 02:09:25,660.01,5
TXN002928,CUST00108,PROD0032,2026-02-25 13:30:10,532.22,4
TXN002929,CUST00299,PROD0079,2026-02-19 16:50:32,482403.07,10
TXN002930,CUST00469,PROD0075,2026-02-08 04:36:18,798.24,10
TXN002931,CUST00161,PROD0094,2026-02-05 12:26:32,191964.69,10
TXN002932,CUST00215,PROD0005,2026-02-23 02:25:07,166443.48,4
TXN002933,CUST00938,PROD0088,2026-02-12 07:12:12,2039.02,6
TXN002934,CUST99006,PROD0070,2026-02-03 00:10:15,266.98,9
TXN002935,CUST00756,PROD0083,2026-02-02 11:12:04,1039.88,5
TXN002936,CUST00369,PROD0034,2026-02-04 02:55:20,,2
TXN002937,CUST00513,PROD0024,2026-02-22 22:24:22,3768.31,7
TXN002938,CUST00319,PROD0064,2026-02-12 20:38:08,993.2,6
TXN002939,CUST00437,PROD0013,2026-02-04 07:21:02,114.24,3
TXN002940,CUST00629,PROD0064,2026-01-31 20:01:25,568.69,10
TXN002941,CUST00189,PROD0055,2026-02-13 12:26:59,2538.68,9
TXN002942,CUST00956,PROD0038,2026-02-28 14:14:30,242.89,1
TXN002943,CUST00019,PROD0002,2026-02-10 04:01:58,78.33,7
TXN002944,CUST00959,PROD0037,2026-02-13 10:57:41,1241.36,9
TXN002945,CUST00234,PROD0043,2026-02-24 04:38:50,321.93,3
TXN002946,CUST00039,PROD0076,2026-02-08 21:15:35,118.02,5
TXN002947,CUST00412,PROD0047,2026-02-10 08:29:34,439.04,8
TXN002948,CUST00439,PROD0053,2026-02-10 16:15:30,81.18,6
TXN002949,CUST00558,PROD0064,2026-02-18 01:00:55,63.67,8
TXN002950,CUST00149,PROD0010,2026-02-04 07:49:23,,9
TXN002951,CUST00826,PROD0087,2026-02-16 18:26:16,99.73,
TXN002952,CUST00944,PROD0042,2026-02-24 00:54:59,753.87,3
TXN002953,CUST00762,PROD0098,2026-02-17 12:53:59,419.6,2
TXN002954,CUST00008,PROD0011,2026-02-07 14:07:38,165.87,5
TXN002955,CUST00682,PROD0047,2026-03-01 17:04:38,,1
TXN002956,CUST00423,PROD0030,2026-02-09 11:10:51,622.16,4
TXN002957,CUST00271,PROD0084,2026-03-01 04:45:11,504.67,9
TXN002958,CUST00761,PROD0022,2026-02-20 18:10:12,341.67,8
TXN002959,CUST00088,PROD0025,2026-02-25 04:45:31,450.39,10
TXN002960,CUST00168,PROD0016,2026-02-19 16:29:58,560.81,9
TXN002961,CUST00102,PROD0014,2026-02-19 03:05:04,1229.23,5
TXN002962,CUST00313,PROD0057,2026-02-23 02:58:43,1337.01,8
TXN002963,CUST00588,PROD0001,2026-02-08 13:25:38,772.49,6
TXN002964,CUST00008,PROD0084,2026-02-04 02:59:31,96.06,2
TXN002965,CUST00689,PROD0028,2026-02-12 07:54:05,279.53,9
TXN002495,CUST00482,PROD0046,2026-02-03 13:16:00,228.35,10
TXN002967,CUST00877,PROD0052,2026-02-06 01:45:57,2981.45,9
TXN002968,CUST00211,PROD0089,2026-02-24 09:42:45,544.75,2
TXN002969,CUST00406,PROD0019,2026-02-21 16:09:08,883.48,1
TXN002970,CUST00082,PROD0066,2026-02-21 12:03:14,879.4,10
TXN002971,CUST00942,PROD0051,2026-02-19 04:04:54,761.72,5
TXN002972,CUST00771,PROD0075,2026-02-04 10:00:27,447.68,6
TXN002973,CUST00951,PROD0029,2026-02-09 21:18:41,80.56,4
TXN002974,CUST00701,PROD0062,2026-02-12 13:36:53,3385.67,6
TXN002975,CUST00015,PROD0090,2026-02-08 10:40:54,1195.26,5
TXN002976,CUST00671,PROD0078,2026-02-14 07:27:48,47.11,1
TXN002977,CUST00857,PROD0086,2026-02-04 22:30:51,-436.5,1
TXN002978,CUST00336,PROD0072,2026-02-11 22:28:17,1939.23,10
TXN002979,CUST00034,PROD0062,2026-01-31 18:09:32,2996.83,5
TXN002980,CUST00759,PROD0078,2026-02-09 05:18:04,85.24,2
TXN002981,CUST00945,PROD0049,2026-02-24 23:31:32,,10
TXN002982,CUST00764,PROD0051,2026-02-13 06:05:48,295.51,2
TXN002983,CUST00846,PROD0027,2026-02-22 02:11:21,433292.25,8
TXN002984,CUST00127,PROD0089,2026-02-15 22:07:16,1290.01,5
TXN002985,CUST00667,PROD0090,2026-02-14 08:11:58,-747.37,5
TXN002986,CUST00379,PROD0059,2026-02-27 19:45:39,4027.74,6
TXN002987,CUST00868,PROD0029,2026-02-02 20:51:58,-115.7,-5
TXN002988,CUST00991,PROD0029,2026-02-17 09:42:50,83.01,4
TXN002989,CUST00433,PROD0010,2026-02-25 18:09:05,35.88,2
TXN002990,CUST00031,PROD0025,2026-02-18 21:02:11,317.3,7
TXN002991,CUST00750,PROD0022,2026-02-23 04:52:46,167.31,4
TXN002992,CUST00330,PROD0061,2026-02-28 23:36:19,241303.94,2
TXN002993,CUST00633,PROD0029,2026-02-26 13:52:47,60.35,3
TXN002994,CUST00458,PROD0014,2026-02-10 07:04:59,2103.57,9
TXN002995,CUST00554,PROD9907,2026-02-09 08:41:28,795.04,4
TXN002996,CUST00589,PROD0022,2026-02-20 11:20:19,193055.89,8
TXN002997,CUST00532,PROD0027,2026-01-31 08:35:46,-444.6,2
TXN002998,CUST00826,PROD0094,2026-01-31 17:17:31,8424.2,9
TXN002999,CUST00072,PROD0055,2026-02-05 09:06:20,252530.86,4
TXN003000,CUST00661,PROD0090,2026-02-17 06:48:57,526.33,2
TXN003001,CUST00987,PROD0044,2026-02-06 07:01:38,5396.58,4
TXN003002,CUST00638,PROD0060,2026-03-01 06:31:36,,4
TXN003003,CUST00141,PROD0002,2026-02-20 11:33:08,35.9,3
TXN003004,CUST00131,PROD0072,2026-02-21 15:15:09,1163.76,6
TXN003005,CUST00025,PROD0029,2026-02-17 14:39:40,24.13,1
TXN003006,CUST00354,PROD0085,2026-02-10 00:54:14,,6
TXN003007,CUST00619,PROD0054,2026-02-12 23:16:17,6923.74,6
TXN003008,CUST00082,PROD0058,2026-02-21 09:11:02,2016.19,5
TXN003009,CUST00379,PROD0086,2026-02-19 13:30:51,832.79,1
TXN003010,CUST00324,PROD0077,2026-02-08 07:02:59,631.39,2
TXN003011,CUST00756,PROD0007,2026-02-17 20:30:01,108.78,5
TXN003012,CUST01000,PROD0006,2026-02-01 09:02:01,587.79,7
TXN003013,CUST00303,PROD0069,2026-02-04 14:22:10,38118.37,1
TXN003014,CUST00436,PROD0057,2026-02-16 01:05:12,1137.16,8
TXN003015,CUST00914,PROD0050,2026-02-18 05:43:42,2628.92,9
TXN001753,CUST00963,PROD0010,2026-02-05 15:16:04,105.05,5
TXN003017,CUST00900,PROD0099,2026-02-03 03:40:02,599.89,4
TXN003018,CUST00060,PROD0040,2026-02-17 03:26:32,496.36,5
TXN003019,CUST00622,PROD0024,2026-02-21 21:19:05,4719.47,9
TXN003020,CUST00815,PROD0057,2026-02-09 04:17:47,789.17,5
TXN003021,CUST00469,PROD0042,2026-02-11 02:45:54,1229.48,5
TXN003022,CUST00589,PROD0050,2026-02-19 17:16:57,3060.4,10
TXN003023,CUST00574,PROD9907,2026-02-05 07:30:25,576.45,8
TXN003024,CUST00047,PROD0036,2026-02-02 04:22:07,4806.24,9
TXN003025,CUST00446,PROD0056,2026-02-16 22:25:48,342069.97,10
TXN003026,CUST00260,PROD0074,2026-02-08 20:39:13,577.88,7
TXN000779,CUST00878,PROD0074,2026-02-26 00:40:23,573.91,7
TXN003028,CUST00426,PROD0085,2026-02-20 08:50:28,12931.82,8
TXN003029,CUST00868,PROD0008,2026-02-25 11:47:01,1301.39,6
TXN000509,CUST00900,PROD0059,2026-02-04 10:08:23,2650.59,4
TXN003031,CUST00345,PROD0091,2026-02-08 20:30:24,1771.69,7
TXN003032,CUST99005,PROD0073,2026-02-01 10:13:49,475.45,0
TXN003033,CUST00794,PROD0050,2026-02-11 10:43:32,2458.34,8
TXN003034,CUST00078,PROD0083,2026-02-16 12:01:15,1623.81,7
TXN003035,CUST00208,PROD0034,2026-02-12 05:41:57,330.13,5
TXN003036,CUST00822,PROD0046,2026-02-22 15:31:55,183.81,9
TXN003037,CUST00067,PROD0050,2026-02-23 21:27:37,2262.33,8
TXN001789,CUST00358,PROD0061,2026-02-13 01:30:39,3141.65,4
TXN003039,CUST00515,PROD0095,2026-02-11 00:09:13,820.71,8
TXN003040,CUST00777,PROD0080,2026-02-20 03:35:00,1947.94,7
TXN003041,CUST00711,PROD0039,2026-02-16 08:02:15,993.56,2
TXN003042,CUST00937,PROD0045,2026-02-26 02:41:09,8383.34,4
TXN003043,CUST00618,PROD0056,2026-02-08 13:41:37,155423.83,4
TXN003044,CUST00494,PROD0087,2026-02-06 09:56:10,110.69,5
TXN003045,CUST00797,PROD0095,2026-02-22 00:52:46,791.65,8
TXN003046,CUST00834,PROD0021,2026-02-18 01:53:21,7582.55,3
TXN003047,CUST00313,PROD0090,2026-02-13 07:44:29,2263.55,9
TXN003048,CUST00901,PROD0073,2026-02-03 08:55:38,6954.49,3
TXN003049,CUST00510,PROD0050,2026-01-31 19:05:03,2556.68,8
TXN003050,CUST00981,PROD0041,2026-02-24 23:18:06,12674.01,8
TXN002962,CUST00295,PROD0059,2026-02-04 03:36:04,3444.79,5
TXN003052,CUST00374,PROD0013,2026-02-20 19:25:14,,6
TXN003053,CUST00925,PROD0011,2026-03-01 03:46:20,228.56,6
TXN003054,CUST00059,PROD0093,2026-02-07 22:04:42,2610.2,5
TXN003055,CUST00822,PROD0030,2026-03-01 05:06:45,1334.91,8
TXN003056,CUST00046,PROD0001,2026-02-26 21:56:18,992.51,7
TXN003057,CUST00886,PROD0093,2026-02-08 08:00:00,2048.09,4
TXN003058,CUST00055,PROD0084,2026-02-19 02:17:15,46.78,1
TXN003059,CUST00032,PROD0005,2026-02-20 10:03:05,165636.93,4
TXN003060,CUST00916,PROD0081,2026-02-16 01:53:09,6323.57,10
TXN003061,CUST00775,PROD0063,2026-02-10 13:26:03,2309.59,5
TXN003062,CUST00009,PROD0022,2026-02-24 09:25:55,42.7,1
TXN003063,CUST00113,PROD0098,2026-02-14 10:54:16,1610.5,9
TXN003064,CUST00848,PROD0049,2026-02-28 11:35:01,1041.8,10
TXN003065,CUST00175,PROD0095,2026-02-12 12:54:20,505.01,5
TXN003066,CUST00141,PROD0034,2026-02-05 04:47:25,70.23,1
TXN003067,CUST00127,PROD0086,2026-02-13 21:26:49,6877.94,7
TXN003068,CUST00261,PROD0093,2026-02-11 21:32:07,482.57,1
TXN003069,CUST99006,PROD0034,2026-02-22 13:23:36,287.92,4
TXN003070,CUST00049,PROD0016,2026-02-02 14:50:05,58.23,1
TXN003071,CUST00776,PROD0091,2026-02-06 17:56:00,187.23,0
TXN003072,CUST00468,PROD0068,2026-02-09 13:58:30,75.67,1
TXN003073,CUST00848,PROD0098,2026-02-22 09:37:55,,4
TXN003074,CUST00114,PROD0058,2026-02-24 23:23:39,1646.89,4
TXN003075,CUST00056,PROD0087,2026-02-11 03:10:43,141.6,6
TXN003076,CUST00792,PROD0095,2026-02-02 17:55:34,294.76,3
TXN003077,CUST00222,PROD0096,2026-03-01 17:34:02,-930.14,8
TXN003078,CUST00408,PROD0059,2026-02-28 07:57:23,6401.98,10
TXN003079,CUST00388,PROD0056,2026-02-07 13:09:36,235165.54,6
TXN003080,CUST00056,PROD0047,2026-02-22 12:32:31,151.78,3
TXN003081,CUST00825,PROD0003,2026-02-17 19:17:01,1100.05,9
TXN003082,CUST00573,PROD0013,2026-02-03 17:58:12,230.25,5
TXN003083,CUST00331,PROD0066,2026-02-20 07:54:45,-994.18,10
TXN003084,CUST00666,PROD0001,2026-02-07 17:38:44,1048.54,8
TXN003085,CUST00382,PROD0001,2026-02-20 09:29:56,135.79,1
TXN003086,CUST00482,PROD9907,2026-02-09 16:36:01,997.81,8
TXN002720,CUST00646,PROD0016,2026-02-01 19:34:59,549.54,8
TXN003088,CUST99004,PROD0040,2026-03-01 12:10:32,603.31,6
TXN003089,CUST99002,PROD0047,2026-02-27 10:53:23,107.47,2
TXN003090,CUST00523,PROD0098,2026-02-05 11:00:46,806.2,4
TXN003091,CUST00090,PROD0046,2026-02-06 02:52:18,19.97,1
TXN003092,CUST00282,PROD0048,2026-02-27 10:27:37,328.76,4
TXN003093,CUST00793,PROD0074,2026-02-01 18:16:28,616.51,8
TXN003094,CUST00872,PROD0007,2026-02-17 01:23:26,23.5,1
TXN003095,CUST00211,PROD0039,2026-02-10 02:08:41,395.48,2
TXN003096,CUST00305,PROD0055,2026-02-18 21:44:12,1391.67,5
TXN003097,CUST00382,PROD0071,2026-02-05 03:23:02,19881.33,10
TXN003098,CUST00952,PROD0069,2026-02-15 19:35:37,271703.43,7
TXN003099,CUST00288,PROD0027,2026-02-22 07:44:33,633.99,4
TXN003100,CUST00744,PROD0020,2026-02-14 00:16:00,6732.35,5
TXN003101,CUST00311,PROD0064,2026-02-09 04:24:02,609.92,8
TXN003102,CUST00516,PROD0027,2026-02-14 06:33:03,1485.34,9
TXN003103,CUST00031,PROD0075,2026-02-12 05:18:29,704.19,8
TXN003104,CUST99008,PROD0084,2026-02-03 13:53:12,459.77,9
TXN003105,CUST00558,PROD0050,2026-03-01 00:24:49,2289.49,7
TXN003106,CUST00499,PROD0040,2026-02-06 05:23:10,469.42,5
TXN003107,CUST00461,PROD0021,2026-02-09 09:06:42,20530.25,8
TXN003108,CUST00218,PROD0093,2026-03-01 19:34:58,2373.16,5
TXN003109,CUST00818,PROD0069,2026-02-22 06:16:26,223169.45,6
TXN003110,CUST00062,PROD0028,2026-02-27 21:32:44,199.9,7
TXN003111,CUST00592,PROD0088,2026-02-20 07:40:01,,9
TXN003112,CUST00178,PROD0083,2026-02-05 10:45:59,1886.98,8
TXN003113,CUST00295,PROD0011,2026-02-19 10:31:34,65.65,2
TXN003114,CUST00997,PROD0062,2026-02-08 10:24:08,5814.78,10
TXN003115,CUST01000,PROD0058,2026-02-22 23:51:02,3759.04,10
TXN003116,CUST99007,PROD0092,2026-01-31 12:16:57,412.22,
TXN003117,CUST00630,PROD0066,2026-02-08 10:53:27,271.55,3
TXN003118,CUST00808,PROD0059,2026-02-24 19:11:36,5471.22,8
TXN003119,CUST00683,PROD0041,2026-02-05 08:06:14,14085.92,8
TXN003120,CUST00243,PROD0026,2026-02-03 17:42:48,647.14,7
TXN003121,CUST00432,PROD0053,2026-02-01 13:05:03,92.99,7
TXN003122,CUST00503,PROD0011,2026-02-07 09:53:49,237.87,7
TXN003123,CUST00748,PROD0055,2026-02-16 09:54:24,256.45,1
TXN003124,CUST00878,PROD0007,2026-02-10 03:27:25,240.03,10
TXN003125,CUST00056,PROD0067,2026-02-02 08:54:25,1084.64,8
TXN003126,CUST00934,PROD0024,2026-02-03 22:08:21,4437.61,9
TXN003127,CUST00512,PROD0026,2026-02-24 03:26:25,631.3,7
TXN003128,CUST00684,PROD0009,2026-02-02 03:52:31,,5
TXN003129,CUST00023,PROD0023,2026-02-25 14:26:58,791.82,4
TXN003130,CUST00940,PROD0088,2026-01-31 11:03:54,1305.06,4
TXN003131,CUST00422,PROD9908,2026-02-18 22:36:56,365.56,9
TXN003132,CUST00946,PROD0095,2026-02-24 01:16:46,593.34,6
TXN003133,CUST00939,PROD0030,2026-02-28 03:25:59,,4
TXN003134,CUST00138,PROD0064,2026-02-15 22:17:18,975.51,5
TXN003135,CUST00696,PROD0055,2026-01-31 15:44:41,266.51,1
TXN003136,CUST00652,PROD0093,2026-02-21 19:30:09,3967.19,9
TXN003137,CUST00643,PROD0085,2026-02-02 02:01:02,12666.36,8
TXN003138,CUST00254,PROD0082,2026-02-21 04:07:08,8930.06,7
TXN003139,CUST00942,PROD0024,2026-02-20 16:37:04,-2281.77,-5
TXN003140,CUST00762,PROD0034,2026-02-08 11:57:24,136.87,2
TXN003141,CUST00058,PROD0060,2026-02-07 00:32:49,116.11,4
TXN003142,CUST00331,PROD0070,2026-02-06 20:58:17,,10
TXN003143,CUST00746,PROD0020,2026-02-13 05:04:40,2312.77,2
TXN003144,CUST00328,PROD0099,2026-02-14 17:32:37,1260.46,8
TXN003145,CUST00026,PROD0083,2026-02-06 00:40:25,1506.1,7
TXN003146,CUST00895,PROD0026,2026-02-25 13:21:28,720.01,8
TXN003147,CUST00811,PROD0083,2026-02-22 14:38:59,1919.85,8
TXN003148,CUST00446,PROD0025,2026-02-17 18:51:06,242.02,5
TXN003149,CUST00230,PROD0047,2026-02-15 22:56:36,165.64,3
TXN003150,CUST00361,PROD0078,2026-02-06 18:20:10,238.2,5
TXN003151,CUST00370,PROD0095,2026-02-22 06:13:04,683.71,8
TXN003152,CUST00837,PROD0050,2026-02-01 02:39:53,620.56,2
TXN003153,CUST00822,PROD0006,2026-02-24 15:33:27,871.36,10
TXN003154,CUST00890,PROD0008,2026-02-05 00:22:07,1157.9,6
TXN003155,CUST00098,PROD0001,2026-02-19 06:56:31,947.35,7
TXN003156,CUST00848,PROD0091,2026-02-02 15:18:43,1847.13,7
TXN003157,CUST00200,PROD0096,2026-02-01 11:10:42,146.81,4
TXN003158,CUST00198,PROD0040,2026-02-02 20:19:16,528.63,5
TXN003159,CUST00324,PROD0074,2026-02-05 20:24:11,-425.31,4
TXN003160,CUST00681,PROD0046,2026-02-15 07:42:40,,6
TXN003161,CUST00113,PROD0020,2026-02-18 02:41:58,1250.61,1
TXN003162,CUST00489,PROD0014,2026-02-21 08:53:47,1591.91,7
TXN003163,CUST00386,PROD0012,2026-02-06 10:03:45,126.52,5
TXN003164,CUST00351,PROD0089,2026-02-20 14:23:26,1627.16,7
TXN003165,CUST00492,PROD0011,2026-02-05 01:21:00,222.17,6
TXN003166,CUST00627,PROD0055,2026-02-05 22:11:07,2288.79,8
TXN003167,CUST00343,PROD0060,2026-02-22 00:20:13,155.41,5
TXN003168,CUST00913,PROD0020,2026-02-11 06:03:59,8663.35,7
TXN003169,CUST00408,PROD0078,2026-02-28 07:27:54,41.27,1
TXN003170,CUST00656,PROD0061,2026-02-15 19:27:43,8587.27,10
TXN003171,CUST00690,PROD0060,2026-02-21 19:26:52,85.72,3
TXN000316,CUST00555,PROD0092,2026-02-14 14:54:36,1816.72,9
TXN003173,CUST00759,PROD0088,2026-02-16 05:28:16,1016.8,3
TXN003174,CUST00451,PROD0042,2026-02-21 15:52:21,,6
TXN003175,CUST00780,PROD0028,2026-02-17 14:54:09,62.0,2
TXN003176,CUST00284,PROD9902,2026-01-31 17:11:18,831.56,7
TXN003177,CUST00657,PROD0011,2026-02-16 10:03:36,108.13,3
TXN003178,CUST00655,PROD0069,2026-02-27 07:07:56,392149.22,10
TXN003179,CUST00595,PROD0004,2026-02-21 14:38:03,9974.66,5
TXN003180,CUST00337,PROD0098,2026-02-22 19:16:58,1874.65,9
TXN003181,CUST00703,PROD0069,2026-02-10 01:01:39,-577.26,7
TXN003182,CUST00316,PROD0055,2026-02-01 20:27:55,555.79,2
TXN003183,CUST00994,PROD9907,2026-02-28 17:01:21,681.56,6
TXN003184,CUST00497,PROD0076,2026-02-07 10:44:30,22.58,1
TXN003185,CUST00886,PROD0058,2026-02-18 18:35:38,1277.42,3
TXN003186,CUST00983,PROD0035,2026-02-11 11:55:32,7093.55,3
TXN003187,CUST00882,PROD0030,2026-02-23 08:59:39,487.78,3
TXN003188,CUST00592,PROD0087,2026-02-24 13:32:11,138.56,6
TXN003189,CUST00056,PROD0082,2026-03-01 03:07:20,7915.61,6
TXN003190,CUST00998,PROD0080,2026-02-12 11:23:51,750.54,3
TXN003191,CUST00507,PROD0060,2026-02-19 05:52:20,118.57,4
TXN003192,CUST00358,PROD0062,2026-02-04 18:56:27,-802.72,7
TXN000510,CUST00708,PROD0042,2026-02-06 16:02:57,1980.39,9
TXN003194,CUST00532,PROD0047,2026-02-06 11:33:28,535.59,10
TXN003195,CUST00078,PROD0047,2026-02-02 16:29:46,54.5,1
TXN003196,CUST00148,PROD0091,2026-02-08 02:26:29,260.91,1
TXN003197,CUST00026,PROD0028,2026-02-03 09:49:06,170.02,5
TXN003198,CUST00558,PROD0087,2026-02-16 06:47:31,176.86,8
TXN003199,CUST00707,PROD0043,2026-02-22 16:11:34,871.95,9
TXN003200,CUST00229,PROD0079,2026-02-17 10:28:44,207769.19,4
TXN003201,CUST00117,PROD0042,2026-01-31 12:09:10,2304.49,9
TXN003202,CUST00693,PROD0017,2026-02-11 18:43:46,76068.8,4
TXN003203,CUST00938,PROD0073,2026-02-11 20:12:38,14515.67,6
TXN003204,CUST00156,PROD0010,2026-02-17 04:37:33,,7
TXN003205,CUST00383,PROD0014,2026-02-05 01:15:26,238.68,1
TXN003206,CUST00181,PROD0005,2026-02-08 18:24:39,123162.87,3
TXN003207,CUST00843,PROD9908,2026-02-01 16:48:48,100.84,7
TXN003208,CUST00290,PROD0023,2026-01-31 06:45:25,1393.5,7
TXN003209,CUST00268,PROD0035,2026-02-23 15:08:49,9721.65,4
TXN003210,CUST00427,PROD0072,2026-02-04 07:49:04,425.88,2
TXN003211,CUST00716,PROD0099,2026-02-11 15:36:31,1034.13,7
TXN003212,CUST00984,PROD0068,2026-02-02 23:30:17,786.29,10
TXN003213,CUST00396,PROD0089,2026-02-15 09:24:00,679.46,3
TXN003214,CUST00770,PROD9902,2026-02-07 07:55:08,874.16,6
TXN003215,CUST00171,PROD0028,2026-03-01 08:07:24,253.39,8
TXN003216,CUST99005,PROD0006,2026-03-01 02:29:38,240.78,3
TXN003217,CUST00557,PROD0010,2026-02-23 21:28:02,209.72,10
TXN003218,CUST00077,PROD0097,2026-02-21 12:39:24,157131.12,4
TXN003219,CUST00290,PROD0090,2026-02-07 18:35:00,978.47,4
TXN003220,CUST00028,PROD0052,2026-02-07 05:26:08,702.0,2
TXN003221,CUST00251,PROD0047,2026-02-08 02:51:46,97.98,2
TXN003222,CUST00886,PROD0076,2026-02-03 04:18:00,49.92,2
TXN003223,CUST00245,PROD0007,2026-02-22 12:14:42,135.08,6
TXN003224,CUST00020,PROD0004,2026-02-04 17:19:06,-286.64,7
TXN003225,CUST00372,PROD9900,2026-02-22 18:16:49,719.44,6
TXN003226,CUST00398,PROD0037,2026-02-09 05:03:06,,10
TXN003227,CUST99006,PROD0014,2026-02-10 16:35:59,1495.88,7
TXN003228,CUST00468,PROD0016,2026-01-31 23:37:59,459.83,8
TXN003229,CUST00664,PROD0019,2026-02-08 20:58:32,677.13,5
TXN003230,CUST00762,PROD0072,2026-02-03 20:31:50,478280.31,1
TXN003231,CUST00233,PROD0087,2026-02-19 07:18:31,103.21,5
TXN003232,CUST00481,PROD0075,2026-01-31 14:18:21,366.51,5
TXN003233,CUST00149,PROD0003,2026-02-16 23:37:22,563.02,4
TXN003234,CUST00143,PROD0027,2026-02-16 20:05:02,,10
TXN003235,CUST00332,PROD0067,2026-02-26 08:45:27,1035.68,8
TXN003236,CUST00061,PROD0002,2026-02-24 05:23:10,42.72,4
TXN003237,CUST00192,PROD0074,2026-02-18 09:59:04,360.99,5
TXN003238,CUST00360,PROD0035,2026-02-12 05:35:07,23824.12,10
TXN003239,CUST00106,PROD0098,2026-02-01 17:10:51,1237.38,6
TXN003240,CUST00292,PROD0093,2026-02-16 15:24:16,2613.17,6
TXN003241,CUST00763,PROD0084,2026-02-02 09:15:50,507.09,10
TXN002595,CUST00175,PROD0016,2026-03-01 04:33:22,136.25,2
TXN003243,CUST00012,PROD0087,2026-02-02 23:34:48,205.5,10
TXN003244,CUST00542,PROD0045,2026-02-24 16:54:13,1750.47,1
TXN003245,CUST00016,PROD0070,2026-02-22 01:14:35,,5
TXN003246,CUST00476,PROD0076,2026-02-25 22:44:55,52.65,2
TXN003247,CUST00036,PROD0063,2026-02-20 09:22:59,524.63,1
TXN003248,CUST00523,PROD0056,2026-02-14 06:35:41,70276.91,2
TXN003249,CUST00435,PROD0077,2026-01-31 14:39:10,718.84,3
TXN003250,CUST00971,PROD0097,2026-02-28 06:43:55,848.59,2
TXN003251,CUST00826,PROD0034,2026-02-27 21:14:19,548.38,8
TXN003252,CUST00455,PROD0089,2026-02-12 02:41:40,253.98,1
TXN003253,CUST00008,PROD0035,2026-02-24 07:27:47,11069.29,5
TXN003254,CUST00078,PROD0034,2026-02-23 09:04:12,608.53,8
TXN003255,CUST00112,PROD0037,2026-02-15 12:59:57,1074.4,8
TXN003256,CUST00353,PROD0036,2026-02-03 10:59:22,3801.5,7
TXN003257,CUST00798,PROD0069,2026-02-19 18:11:25,358849.5,8
TXN003258,CUST00128,PROD0086,2026-02-18 15:32:47,1626.89,2
TXN003259,CUST00695,PROD0034,2026-02-01 02:32:43,230.67,3
TXN003260,CUST00175,PROD0060,2026-02-23 08:44:24,253.2,9
TXN003261,CUST00200,PROD0067,2026-02-27 06:28:58,414.13,3
TXN003041,CUST99003,PROD9908,2026-02-04 23:14:17,262.52,2
TXN003263,CUST00575,PROD0053,2026-02-12 03:13:56,98.0,8
TXN003264,CUST00572,PROD0010,2026-02-18 11:57:13,55.88,3
TXN003265,CUST00408,PROD0053,2026-02-28 20:15:15,26.39,2
TXN003266,CUST00505,PROD0002,2026-02-14 05:26:58,54.34,5
TXN001568,CUST00493,PROD0023,2026-02-13 16:42:15,890.51,4
TXN003268,CUST00060,PROD0020,2026-02-04 05:50:28,10846.35,9
TXN003269,CUST00793,PROD0067,2026-02-06 04:15:49,1055.34,8
TXN003270,CUST00349,PROD0087,2026-02-03 05:14:03,211776.08,7
TXN002150,CUST00080,PROD0072,2026-02-01 00:16:18,633.55,3
TXN003272,CUST00315,PROD0052,2026-02-24 06:52:28,3377.09,9
TXN003273,CUST00463,PROD0053,2026-03-01 22:26:48,77.38,6
TXN003274,CUST00437,PROD0061,2026-02-20 02:44:26,4269.35,5
TXN003275,CUST00253,PROD0048,2026-02-16 02:57:55,494.02,6
TXN003276,CUST00577,PROD0079,2026-02-21 10:32:14,445562.19,9
TXN003277,CUST00320,PROD0073,2026-02-01 05:12:48,15651.06,7
TXN002296,CUST00400,PROD0008,2026-02-25 03:30:51,2142.58,10
TXN003279,CUST00778,PROD0001,2026-02-22 14:46:26,-165.97,3
TXN003280,CUST00093,PROD0056,2026-02-10 17:00:32,219871.59,6
TXN003281,CUST00846,PROD0001,2026-02-02 15:54:46,474.06,4
TXN003282,CUST00171,PROD0047,2026-02-11 09:11:22,107.04,2
TXN003283,CUST00534,PROD0082,2026-02-25 17:04:00,10565.22,8
TXN003284,CUST00346,PROD0062,2026-02-23 16:45:40,2757.25,5
TXN002946,CUST00848,PROD0087,2026-02-02 02:42:21,47.17,2
TXN003286,CUST00384,PROD0060,2026-02-07 18:05:32,122.68,4
TXN003287,CUST00463,PROD0043,2026-02-02 11:16:25,797.65,7
TXN003288,CUST00242,PROD0070,2026-02-24 20:19:38,185.37,7
TXN003289,CUST00744,PROD0015,2026-02-13 14:48:20,236.25,1
TXN003290,CUST00314,PROD0034,2026-02-19 03:08:51,155.52,2
TXN003291,CUST00078,PROD0078,2026-02-23 00:38:41,231.73,5
TXN003292,CUST00515,PROD0043,2026-02-03 14:38:39,101.27,1
TXN003293,CUST00497,PROD0032,2026-02-28 12:41:13,757.88,6
TXN003294,CUST00241,PROD0007,2026-02-20 03:15:25,180.15,8
TXN003295,CUST00660,PROD0017,2026-02-06 04:17:55,148007.87,8
TXN003296,CUST00597,PROD0017,2026-03-01 19:19:21,19263.71,1
TXN003297,CUST00209,PROD0095,2026-02-13 04:24:53,619.75,7
TXN003298,CUST00785,PROD0055,2026-02-03 16:38:37,263.91,1
TXN003299,CUST00978,PROD0070,2026-02-07 07:20:37,278.28,10
TXN003300,CUST00191,PROD0058,2026-02-25 11:19:17,1134.9,3
TXN003301,CUST00665,PROD0061,2026-02-21 01:29:20,8256.13,10
TXN003302,CUST00490,PROD0072,2026-02-01 00:14:20,2170.81,10
TXN003303,CUST00548,PROD0059,2026-03-01 23:30:22,2621.89,4
TXN003304,CUST00331,PROD0058,2026-02-03 19:59:30,2204.02,5
TXN003305,CUST00797,PROD0067,2026-02-17 05:26:26,1121.1,9
TXN003306,CUST00213,PROD0016,2026-02-22 00:12:09,455.22,7
TXN003307,CUST00259,PROD0047,2026-02-04 08:36:31,354.58,6
TXN003308,CUST00989,PROD0044,2026-02-20 03:08:06,10231.44,7
TXN003309,CUST00885,PROD0032,2026-02-01 08:58:32,136.83,1
TXN003310,CUST00880,PROD0004,2026-02-20 20:22:25,-72.62,10
TXN003311,CUST00324,PROD0039,2026-03-01 08:57:07,698.24,8
TXN003312,CUST00428,PROD0012,2026-02-09 05:30:28,266.57,10
TXN003313,CUST00962,PROD0040,2026-02-01 04:01:05,566.97,5
TXN003314,CUST00735,PROD0023,2026-02-01 18:53:53,1128.11,6
TXN003315,CUST00065,PROD0063,2026-02-01 07:42:11,2944.86,6
TXN003316,CUST00920,PROD0055,2026-02-06 02:08:52,256.22,1
TXN003317,CUST00178,PROD0039,2026-02-08 01:04:55,515.03,9
TXN003318,CUST00696,PROD0043,2026-02-23 10:56:52,330.6,3
TXN003319,CUST00685,PROD0096,2026-02-09 00:31:44,77.69,2
TXN003320,CUST00228,PROD0010,2026-02-22 23:48:16,156.97,8
TXN003321,CUST99008,PROD0018,2026-02-08 08:03:48,15556.67,6
TXN003322,CUST00024,PROD0083,2026-02-16 03:06:39,1352.67,6
TXN003323,CUST00002,PROD0041,2026-02-12 08:24:19,18571.24,10
TXN003324,CUST99005,PROD0003,2026-02-28 18:10:49,563.8,4
TXN003325,CUST00249,PROD9905,2026-02-08 06:37:01,765.93,4
TXN003326,CUST00638,PROD0050,2026-02-25 00:57:21,1895.92,6
TXN003327,CUST00518,PROD0064,2026-02-18 12:50:22,984.36,8
TXN003328,CUST00595,PROD0027,2026-02-27 00:37:43,1566.11,9
TXN003329,CUST00805,PROD0002,2026-02-08 18:21:30,94.98,9
TXN003330,CUST00617,PROD0047,2026-02-09 20:37:54,499.87,9
TXN003331,CUST00772,PROD0054,2026-02-24 21:20:43,,8
TXN003332,CUST00102,PROD0082,2026-02-13 14:22:33,8053.58,6
TXN003333,CUST00350,PROD0085,2026-01-31 04:02:16,18567.22,10
TXN003334,CUST00409,PROD0069,2026-02-21 15:31:12,35675.94,1
TXN003335,CUST00699,PROD0082,2026-02-26 18:30:05,-932.43,10
TXN003336,CUST00185,PROD0084,2026-02-27 23:25:39,233.85,5
TXN003337,CUST00426,PROD0036,2026-02-14 02:01:31,1965.76,4
TXN003338,CUST00026,PROD0014,2026-02-08 06:00:41,228.99,0
TXN003339,CUST00583,PROD0008,2026-02-03 15:18:04,1414.48,7
TXN003340,CUST00025,PROD0019,2026-02-12 21:15:06,307.69,3
TXN003341,CUST00288,PROD0005,2026-02-17 01:50:25,353199.93,8
TXN003342,CUST00169,PROD0016,2026-02-12 03:02:03,,10
TXN003343,CUST00830,PROD0069,2026-02-06 01:46:06,293528.29,8
TXN003344,CUST00439,PROD0070,2026-02-09 11:29:48,,10
TXN003345,CUST00409,PROD0094,2026-02-19 20:37:48,5110.96,5
TXN003346,CUST00598,PROD0092,2026-02-10 18:53:40,1744.51,8
TXN003347,CUST00023,PROD0037,2026-02-19 06:12:16,126.01,1
TXN003348,CUST00003,PROD0051,2026-02-05 14:22:21,888.84,6
TXN003349,CUST00092,PROD0027,2026-02-13 04:21:05,480.63,3
TXN003350,CUST00168,PROD0023,2026-02-17 07:43:15,2018.59,9
TXN003351,CUST00997,PROD0082,2026-02-09 00:34:56,8163.48,7
TXN003352,CUST00312,PROD0030,2026-02-28 12:20:43,1151.23,8
TXN003353,CUST00529,PROD0073,2026-02-13 03:54:42,17771.63,7
TXN003354,CUST00955,PROD0026,2026-02-03 20:28:07,691.89,8
TXN003355,CUST00430,PROD0040,2026-02-26 09:30:56,1052.18,10
TXN003356,CUST00191,PROD0041,2026-02-15 14:59:24,17347.27,10
TXN003357,CUST00587,PROD0050,2026-02-09 12:02:14,1095.89,4
TXN003358,CUST00904,PROD0092,2026-02-09 01:43:28,374.58,2
TXN003359,CUST00684,PROD0029,2026-02-25 07:03:41,175.65,8
TXN003360,CUST00988,PROD0091,2026-02-18 21:43:40,934.63,4
TXN003361,CUST00700,PROD0088,2026-01-31 00:27:11,2968.9,9
TXN003362,CUST00811,PROD0004,2026-01-31 18:34:03,4111.81,2
TXN003363,CUST00418,PROD0056,2026-02-13 01:44:59,318950.62,8
TXN003364,CUST00302,PROD0034,2026-02-26 22:27:29,138.82,2
TXN001730,CUST00309,PROD0082,2026-02-23 04:25:33,355357.42,5
TXN003366,CUST00574,PROD0006,2026-02-12 09:22:16,265.8,3
TXN003367,CUST00192,PROD0013,2026-02-25 21:49:53,320.27,8
TXN003368,CUST00453,PROD0096,2026-02-21 08:58:29,104.65,3
TXN003369,CUST00340,PROD0015,2026-02-16 18:11:04,542.34,2
TXN003370,CUST00336,PROD0059,2026-03-01 22:40:53,661.63,1
TXN003371,CUST00023,PROD0054,2026-02-20 17:29:33,3928.88,4
TXN003372,CUST00792,PROD0045,2026-02-10 09:34:11,5567.57,3
TXN003373,CUST00550,PROD0002,2026-02-08 06:56:23,59.85,5
TXN003374,CUST00269,PROD0083,2026-02-05 18:41:06,470.65,2
TXN003375,CUST00909,PROD0022,2026-02-03 18:32:52,272.08,6
TXN003376,CUST00138,PROD0010,2026-02-25 14:31:44,113.85,6
TXN003377,CUST00854,PROD0088,2026-02-15 09:17:31,,5
TXN003378,CUST00030,PROD0097,2026-02-12 19:46:10,404.11,1
TXN003379,CUST00570,PROD0005,2026-02-25 22:36:15,209812.98,5
TXN003380,CUST00538,PROD9902,2026-02-22 17:56:24,-986.62,3
TXN003381,CUST00539,PROD0066,2026-03-01 00:44:15,-393.38,-5
TXN003382,CUST00754,PROD0021,2026-02-04 23:41:54,2453.74,1
TXN003383,CUST00556,PROD0098,2026-02-16 18:47:10,757.57,4
TXN003384,CUST00376,PROD0045,2026-02-02 22:04:37,2007.84,1
TXN003385,CUST00635,PROD0089,2026-02-10 09:54:52,2349.01,9
TXN003386,CUST00721,PROD0026,2026-02-12 18:49:57,791.0,9
TXN003387,CUST00625,PROD0100,2026-02-06 07:15:23,342679.43,9
TXN003388,CUST00269,PROD0028,2026-02-09 16:52:38,212.8,7
TXN003389,CUST00375,PROD0090,2026-02-09 04:37:26,2763.81,10
TXN003390,CUST00958,PROD0009,2026-02-16 14:36:20,695.85,3
TXN003391,CUST00749,PROD0036,2026-02-19 08:59:34,923.09,2
TXN003392,CUST00346,PROD0039,2026-02-12 23:30:17,182.57,1
TXN003393,CUST00530,PROD0045,2026-02-06 17:53:01,16525.71,8
TXN003394,CUST00365,PROD0003,2026-02-27 18:57:31,571.01,4
TXN003395,CUST00674,PROD0017,2026-02-19 11:52:57,102047.6,6
TXN003396,CUST00838,PROD0002,2026-03-01 03:21:44,24.06,2
TXN003397,CUST00636,PROD0088,2026-02-20 15:43:02,-1543.4,-5
TXN003398,CUST00316,PROD0100,2026-02-16 01:39:23,297430.93,8
TXN003399,CUST00470,PROD0007,2026-02-08 17:13:21,182.36,9
TXN003400,CUST00734,PROD0054,2026-02-22 08:41:29,2262.78,2
TXN003401,CUST00161,PROD0041,2026-02-05 18:30:56,6869.74,4
TXN003402,CUST00192,PROD0062,2026-02-17 11:28:23,3713.1,6
TXN003403,CUST00369,PROD0055,2026-02-05 12:17:32,880.06,3
TXN003404,CUST00053,PROD0044,2026-02-18 08:25:41,5684.9,4
TXN003405,CUST00642,PROD0037,2026-02-20 14:00:18,707.05,5
TXN003406,CUST00042,PROD0043,2026-02-09 03:54:04,1043.21,10
TXN003407,CUST00671,PROD0042,2026-02-11 08:10:11,526.27,2
TXN003408,CUST00684,PROD0060,2026-02-06 02:05:33,700.16,
TXN003409,CUST00199,PROD0034,2026-02-12 19:00:55,477.72,6
TXN003410,CUST00789,PROD0033,2026-02-10 06:40:19,1215.35,7
TXN003411,CUST00401,PROD0012,2026-02-07 16:42:30,197.7,7
TXN003412,CUST00084,PROD0054,2026-02-09 10:10:46,8632.65,8
TXN000091,CUST00067,PROD0054,2026-03-01 11:20:44,5767.81,5
TXN003414,CUST00949,PROD0048,2026-02-12 14:27:36,771.95,10
TXN003415,CUST00508,PROD0058,2026-02-02 06:06:50,1529.19,4
TXN003416,CUST00268,PROD0092,2026-02-24 06:11:51,1755.75,9
TXN003417,CUST00940,PROD0050,2026-02-24 22:29:17,1849.51,6
TXN003418,CUST00138,PROD0008,2026-02-25 06:06:29,192.6,1
TXN003419,CUST00874,PROD0030,2026-02-03 09:17:13,,7
TXN003420,CUST00525,PROD0027,2026-02-22 23:23:25,1243.3,7
TXN003421,CUST00176,PROD0013,2026-02-18 23:46:56,154.4,4
TXN003422,CUST00391,PROD0047,2026-02-28 08:46:47,246.13,5
TXN003423,CUST00740,PROD0043,2026-02-20 20:30:09,541.23,5
TXN003424,CUST00243,PROD0052,2026-02-01 02:07:14,374.27,1
TXN003425,CUST00650,PROD0035,2026-02-28 16:31:02,17922.22,7
TXN003426,CUST00973,PROD0031,2026-02-13 11:37:35,308.68,3
TXN003427,CUST00810,PROD0072,2026-02-28 01:55:22,1723.62,8
TXN003428,CUST00472,PROD0095,2026-02-25 12:40:24,,-5
TXN003429,CUST00241,PROD0059,2026-02-04 10:00:21,4957.82,7
TXN003430,CUST00040,PROD0042,2026-02-12 12:55:37,680.48,3
TXN003431,CUST99006,PROD0009,2026-02-11 03:55:02,2384.68,10
TXN003432,CUST00349,PROD0098,2026-02-08 02:54:19,542.03,3
TXN003433,CUST00148,PROD0071,2026-02-16 21:54:58,3841.93,2
TXN003434,CUST00140,PROD0095,2026-02-10 04:10:18,291.8,3
TXN002268,CUST00459,PROD0078,2026-02-24 17:42:43,190.74,4
TXN003436,CUST00239,PROD0098,2026-02-24 19:20:24,1484.76,8
TXN003437,CUST00418,PROD0049,2026-02-20 01:57:49,1171.99,10
TXN003438,CUST00282,PROD9903,2026-03-01 20:29:02,382.95,7
TXN003439,CUST00932,PROD0043,2026-02-16 15:53:46,218.83,2
TXN003440,CUST00299,PROD0077,2026-02-08 17:36:30,190.48,8
TXN003441,CUST00160,PROD0056,2026-02-24 19:10:10,102775.63,3
TXN003442,CUST00513,PROD0042,2026-02-24 23:10:13,219.35,1
TXN003443,CUST00942,PROD0006,2026-02-01 23:43:06,444.53,5
TXN003444,CUST00258,PROD0050,2026-02-15 21:01:33,3268.87,10
TXN003445,CUST00287,PROD0021,2026-02-07 19:44:12,20442.36,8
TXN003446,CUST00745,PROD0030,2026-02-23 22:33:28,1636.58,10
TXN003447,CUST00349,PROD0005,2026-02-11 20:47:17,327132.58,8
TXN003448,CUST00931,PROD0029,2026-02-24 23:44:43,23.99,1
TXN003449,CUST00833,PROD0039,2026-02-17 21:29:18,276.19,6
TXN003450,CUST00662,PROD0047,2026-02-28 17:40:49,173.42,3
TXN003451,CUST00765,PROD0017,2026-02-08 21:23:51,86657.57,5
TXN003452,CUST00896,PROD0095,2026-02-16 05:41:19,276.0,3
TXN003453,CUST00663,PROD0034,2026-02-28 23:20:36,616.87,8
TXN003454,CUST00785,PROD0026,2026-02-07 04:01:27,313.85,4
TXN003455,CUST00061,PROD0099,2026-02-03 06:30:04,806.92,5
TXN003456,CUST00422,PROD0084,2026-01-31 00:39:58,280.34,6
TXN003457,CUST00373,PROD0099,2026-02-17 08:37:28,1464.35,9
TXN003458,CUST00168,PROD0081,2026-01-31 07:02:29,551.78,1
TXN003459,CUST00139,PROD0038,2026-02-13 00:23:25,1388.31,5
TXN003460,CUST00669,PROD9904,2026-02-21 18:04:52,690.84,1
TXN003461,CUST00940,PROD0004,2026-02-20 18:38:13,94.74,0
TXN003462,CUST00688,PROD0088,2026-02-23 02:01:51,316.82,1
TXN003463,CUST00397,PROD0099,2026-02-16 14:51:22,765.36,5
TXN003464,CUST00581,PROD0035,2026-02-06 04:59:29,7047.81,3
TXN003465,CUST00126,PROD0091,2026-02-16 05:55:46,499.03,2
TXN003466,CUST00108,PROD0054,2026-02-19 00:40:16,7919.32,8
TXN003467,CUST00205,PROD0010,2026-02-24 04:00:28,18.91,1
TXN003468,CUST00949,PROD0067,2026-02-16 23:50:02,970.24,7
TXN003469,CUST00040,PROD0002,2026-01-31 18:47:41,45.74,4
TXN003470,CUST00858,PROD0008,2026-03-01 19:39:43,629.59,3
TXN003471,CUST00602,PROD0090,2026-02-02 20:11:33,1283.68,5
TXN003472,CUST00820,PROD0082,2026-02-23 09:45:21,3504.22,3
TXN003473,CUST00444,PROD0051,2026-02-03 13:57:17,304.96,2
TXN003474,CUST00716,PROD0019,2026-02-03 08:12:01,241.24,8
TXN003475,CUST00069,PROD9900,2026-02-13 22:57:08,636.72,1
TXN003476,CUST00908,PROD0096,2026-02-05 03:22:29,37.66,1
TXN003477,CUST00397,PROD0003,2026-02-27 14:52:58,760.96,6
TXN003478,CUST00903,PROD0054,2026-02-11 13:49:07,-760.63,1
TXN003479,CUST00489,PROD0062,2026-02-23 13:01:49,2602.06,4
TXN003480,CUST00046,PROD0090,2026-02-17 20:31:27,-1141.31,-5
TXN001559,CUST00055,PROD0006,2026-02-16 20:39:11,795.16,10
TXN003482,CUST00442,PROD0040,2026-02-04 02:37:36,204.15,2
TXN003483,CUST00716,PROD0082,2026-02-05 18:39:02,2501.62,2
TXN003484,CUST00626,PROD0027,2026-02-16 15:33:16,696.75,4
TXN003485,CUST00713,PROD0016,2026-02-05 15:27:28,67.26,1
TXN003486,CUST00348,PROD0026,2026-02-06 03:21:52,234.63,3
TXN003487,CUST00404,PROD0026,2026-02-11 01:13:27,832.24,9
TXN003488,CUST00209,PROD0042,2026-02-27 10:15:16,1797.16,8
TXN001505,CUST00470,PROD0098,2026-02-03 22:01:13,368.74,2
TXN003490,CUST00515,PROD0031,2026-02-21 03:52:49,295626.71,10
TXN003491,CUST00087,PROD0064,2026-02-01 12:16:19,594.08,10
TXN003492,CUST00909,PROD0010,2026-02-16 20:09:08,145.34,8
TXN003493,CUST00800,PROD0005,2026-02-24 23:24:01,129690.09,3
TXN003494,CUST00146,PROD0091,2026-02-13 18:20:24,1749.47,7
TXN003495,CUST00685,PROD0036,2026-02-18 06:56:38,4309.45,9
TXN003496,CUST00655,PROD0033,2026-02-22 23:45:54,1405.86,8
TXN002567,CUST00449,PROD0100,2026-02-06 14:38:19,143596.92,4
TXN003498,CUST00014,PROD0076,2026-02-24 20:31:34,144.81,6
TXN003499,CUST00072,PROD0021,2026-02-26 13:31:25,22468.22,9
TXN003500,CUST00895,PROD0080,2026-02-15 16:43:10,750.37,3
TXN003501,CUST00036,PROD0033,2026-02-07 20:58:02,771.68,5
TXN003502,CUST00409,PROD0026,2026-02-06 08:24:24,82.36,1
TXN003503,CUST00141,PROD0052,2026-02-04 10:14:11,1503.39,4
TXN002383,CUST00616,PROD0014,2026-02-10 01:50:18,1696.08,8
TXN003505,CUST00653,PROD0031,2026-01-31 08:51:20,1035.6,10
TXN003506,CUST00090,PROD0026,2026-02-05 15:35:33,638.37,8
TXN003507,CUST00937,PROD0068,2026-02-02 04:02:52,456.04,6
TXN003508,CUST00458,PROD0043,2026-02-19 00:02:49,638.64,6
TXN003509,CUST00062,PROD0051,2026-02-02 14:13:13,287.92,2
TXN003510,CUST00849,PROD0056,2026-02-06 07:09:39,255715.0,7
TXN003511,CUST00161,PROD0034,2026-02-09 07:26:19,143.44,2
TXN003512,CUST00208,PROD0050,2026-02-27 08:55:58,554.7,2
TXN003513,CUST00744,PROD0094,2026-02-11 04:20:26,4051.48,4
TXN003514,CUST00130,PROD0032,2026-02-09 17:30:30,773.94,6
TXN003515,CUST00290,PROD0025,2026-02-15 08:42:56,-44.36,-1
TXN003516,CUST00791,PROD0044,2026-02-24 18:14:58,11052.34,8
TXN003517,CUST00265,PROD9904,2026-02-11 20:32:48,623.97,10
TXN003518,CUST00306,PROD0022,2026-02-24 21:03:54,314.92,8
TXN003519,CUST00343,PROD0026,2026-02-10 21:49:45,88.56,1
TXN003520,CUST00622,PROD0058,2026-02-28 08:54:15,2672.75,6
TXN003521,CUST00362,PROD0067,2026-02-22 08:41:41,,4
TXN003522,CUST00679,PROD0092,2026-02-22 17:20:19,625.13,3
TXN003523,CUST00909,PROD0001,2026-02-20 22:27:32,1325.32,10
TXN003524,CUST00205,PROD0033,2026-02-08 05:31:10,1380.11,8
TXN003525,CUST00550,PROD0053,2026-02-26 12:10:04,48.21,4
TXN003526,CUST00203,PROD0003,2026-02-07 20:13:57,274.1,2
TXN003527,CUST00765,PROD0051,2026-02-10 23:34:33,947.04,7
TXN003528,CUST00185,PROD0073,2026-02-09 20:11:08,16587.0,7
TXN003529,CUST00467,PROD0057,2026-02-27 20:17:33,921.06,6
TXN003530,CUST00980,PROD0020,2026-02-10 16:03:01,5247.09,4
TXN003531,CUST00132,PROD0062,2026-02-03 03:04:22,6000.45,9
TXN003532,CUST00342,PROD0012,2026-02-04 19:00:28,215.47,7
TXN003533,CUST00120,PROD0051,2026-02-01 09:20:15,561.61,4
TXN003534,CUST00985,PROD0032,2026-02-07 23:47:46,292.95,2
TXN003535,CUST00788,PROD0009,2026-02-20 18:37:42,2262.8,10
TXN003536,CUST00492,PROD9906,2026-02-12 21:46:08,273.1,4
TXN003537,CUST00241,PROD0025,2026-02-04 12:55:30,384.02,9
TXN003538,CUST00648,PROD0039,2026-02-08 09:46:19,-596.2,9
TXN003539,CUST00780,PROD0018,2026-02-09 00:24:52,2715.3,1
TXN003540,CUST00144,PROD0012,2026-02-10 05:17:28,108.87,4
TXN003541,CUST00555,PROD0008,2026-02-11 18:47:13,690.54,3
TXN003542,CUST00607,PROD0025,2026-02-11 19:56:53,412123.44,2
TXN003543,CUST00502,PROD0011,2026-02-16 17:48:03,221.86,7
TXN003544,CUST00007,PROD0042,2026-02-08 22:17:55,227.74,1
TXN003545,CUST00217,PROD0054,2026-03-01 11:31:16,2271.45,2
TXN003546,CUST00635,PROD0084,2026-02-09 19:08:36,416.1,8
TXN003547,CUST00637,PROD0007,2026-02-10 02:15:24,183.43,8
TXN003548,CUST00847,PROD0074,2026-02-20 17:40:13,81.97,1
TXN003549,CUST00533,PROD9901,2026-02-19 21:13:47,306.39,10
TXN003550,CUST00671,PROD0078,2026-02-14 06:08:03,204.48,0
TXN003551,CUST00998,PROD0046,2026-02-22 05:50:49,160.69,7
TXN003552,CUST00880,PROD0089,2026-02-03 17:01:55,2365.98,10
TXN003553,CUST00365,PROD0013,2026-02-08 12:36:46,221.12,5
TXN003554,CUST00689,PROD0038,2026-02-26 02:58:40,1431.47,6
TXN003555,CUST00076,PROD0099,2026-02-17 15:28:43,1026.14,6
TXN003556,CUST01000,PROD0092,2026-02-28 08:44:12,-207.11,3
TXN003557,CUST00553,PROD0042,2026-02-14 16:50:12,2055.69,9
TXN003558,CUST00158,PROD0071,2026-02-04 17:26:36,9459.56,5
TXN003559,CUST00565,PROD0025,2026-02-21 00:46:37,-942.71,2
TXN003560,CUST00396,PROD0005,2026-03-01 01:17:32,218400.51,5
TXN003561,CUST00197,PROD0065,2026-01-31 03:00:55,92579.63,5
TXN003562,CUST00150,PROD0047,2026-02-16 02:17:17,168.48,3
TXN003563,CUST00457,PROD0008,2026-02-10 06:42:08,674.68,3
TXN003564,CUST00872,PROD0030,2026-02-24 08:48:45,1015.12,7
TXN003565,CUST00135,PROD0053,2026-02-07 18:19:33,,1
TXN003566,CUST00225,PROD0003,2026-02-26 13:29:37,762.34,6
TXN003567,CUST00227,PROD0083,2026-02-04 06:24:32,1182.45,5
TXN003568,CUST00768,PROD0085,2026-02-10 20:03:20,15462.07,9
TXN003569,CUST00629,PROD0079,2026-02-05 23:17:10,91890.46,2
TXN003570,CUST00088,PROD0065,2026-02-14 05:29:18,37383.64,2
TXN003571,CUST00359,PROD0074,2026-02-13 23:53:47,439.08,6
TXN003572,CUST00377,PROD0055,2026-02-21 07:40:20,515.13,2
TXN003573,CUST00949,PROD0022,2026-02-11 17:03:42,123.03,3
TXN003574,CUST00109,PROD0032,2026-02-06 08:09:02,743.86,6
TXN003575,CUST00372,PROD0049,2026-02-25 23:23:14,98.47,1
TXN002797,CUST00068,PROD0039,2026-02-03 09:11:05,876.18,8
TXN000860,CUST00931,PROD0095,2026-02-25 15:30:01,283.99,3
TXN003578,CUST00485,PROD0095,2026-02-13 14:44:11,855.88,10
TXN003579,CUST99007,PROD0038,2026-02-10 19:24:28,2147.45,8
TXN003580,CUST00454,PROD0014,2026-02-10 09:31:20,1277.47,6
TXN003581,CUST00852,PROD0002,2026-02-06 09:09:08,63.82,6
TXN003582,CUST00783,PROD0039,2026-02-22 06:07:26,863.96,2
TXN003583,CUST00695,PROD0053,2026-02-11 15:02:31,133.5,10
TXN003584,CUST00121,PROD0070,2026-02-01 14:08:15,113.35,4
TXN003585,CUST00187,PROD0017,2026-02-23 12:55:11,98136.69,5
TXN003586,CUST00595,PROD0058,2026-02-27 08:29:41,2250.96,6
TXN003587,CUST00068,PROD0064,2026-02-13 08:40:19,267.84,1
TXN003588,CUST00283,PROD0030,2026-02-15 19:52:13,1103.42,7
TXN003589,CUST00470,PROD0069,2026-02-13 02:26:04,287835.1,8
TXN003590,CUST00428,PROD0067,2026-02-06 09:23:44,540.55,4
TXN003591,CUST00823,PROD0014,2026-02-19 13:31:20,442.7,2
TXN003592,CUST00352,PROD0077,2026-02-15 20:51:01,894.5,10
TXN003593,CUST00647,PROD0044,2026-02-23 00:01:04,2639.12,2
TXN003594,CUST00180,PROD0024,2026-02-11 20:35:22,1444.65,3
TXN003595,CUST00335,PROD0014,2026-02-14 15:18:40,1590.41,7
TXN003596,CUST00767,PROD0057,2026-02-20 04:32:47,,3
TXN003597,CUST00004,PROD0074,2026-02-17 01:29:10,245.28,3
TXN003598,CUST00473,PROD0080,2026-02-16 14:14:28,239.84,1
TXN003599,CUST00400,PROD0080,2026-02-23 05:03:23,-106.42,7
TXN003600,CUST00344,PROD0067,2026-02-21 08:42:22,842.44,7
TXN003601,CUST00035,PROD0087,2026-02-24 01:34:36,169.54,7
TXN003602,CUST00191,PROD0047,2026-02-26 22:53:29,506.06,10
TXN003603,CUST00536,PROD0030,2026-02-27 08:43:50,426.71,3
TXN003604,CUST00702,PROD0059,2026-02-15 05:10:09,3732.52,5
TXN003605,CUST00752,PROD0038,2026-02-24 17:46:25,2200.96,8
TXN003606,CUST00462,PROD0065,2026-02-05 16:03:07,79590.85,4
TXN003607,CUST00543,PROD0022,2026-02-25 06:29:31,187.31,5
TXN003608,CUST00271,PROD0088,2026-02-10 12:35:16,1644.26,5
TXN003609,CUST00762,PROD0081,2026-02-20 04:29:37,5616.17,10
TXN003610,CUST00080,PROD0079,2026-02-03 23:48:02,353299.38,7
TXN003611,CUST00665,PROD0034,2026-02-20 02:37:47,328.42,5
TXN003612,CUST00947,PROD0043,2026-03-01 06:20:26,291.33,3
TXN003613,CUST00275,PROD0051,2026-03-01 09:34:48,884.87,6
TXN003614,CUST00403,PROD0023,2026-02-02 05:43:25,411.13,2
TXN003615,CUST00618,PROD0088,2026-02-15 05:50:37,2930.78,10
TXN003616,CUST00947,PROD0070,2026-02-21 02:35:28,232.33,8
TXN003617,CUST00164,PROD0047,2026-02-03 16:57:52,186516.11,4
TXN003618,CUST00834,PROD0061,2026-02-13 06:25:54,5578.39,6
TXN003619,CUST00660,PROD0070,2026-03-01 15:37:23,293815.71,4
TXN003049,CUST00675,PROD0036,2026-02-14 00:39:09,1832.6,4
TXN003621,CUST00824,PROD0058,2026-02-03 05:31:52,4070.59,10
TXN003622,CUST00286,PROD0042,2026-02-21 05:31:52,764.66,3
TXN003623,CUST00894,PROD0028,2026-02-25 09:01:43,300.62,9
TXN003624,CUST00932,PROD0010,2026-02-08 16:01:37,17.89,1
TXN000208,CUST00741,PROD0019,2026-02-21 09:21:53,395.81,8
TXN003626,CUST00721,PROD0062,2026-02-24 05:57:09,3538.83,6
TXN003627,CUST00886,PROD0100,2026-02-02 05:36:59,179885.41,5
TXN003628,CUST00800,PROD0055,2026-03-01 17:25:11,1441.45,5
TXN003629,CUST00437,PROD0001,2026-02-06 10:52:29,407.07,3
TXN003630,CUST01000,PROD0066,2026-02-27 06:58:57,85.77,1
TXN003631,CUST00270,PROD0043,2026-01-31 11:55:03,444.05,4
TXN003632,CUST00065,PROD0059,2026-02-01 23:55:26,4380.49,6
TXN003633,CUST00389,PROD0053,2026-02-11 14:25:03,37.89,3
TXN003634,CUST00356,PROD0038,2026-02-22 14:42:00,986.88,4
TXN003635,CUST00160,PROD0016,2026-02-14 14:30:48,340.6,5
TXN003636,CUST00662,PROD0092,2026-02-04 18:53:30,1943.92,9
TXN003637,CUST00264,PROD0014,2026-02-15 10:06:02,2422.69,10
TXN003638,CUST00211,PROD0061,2026-02-26 00:19:20,5368.14,6
TXN003639,CUST00726,PROD0029,2026-02-27 22:28:04,48.48,2
TXN003640,CUST00457,PROD0090,2026-02-18 08:55:13,2179.71,9
TXN003641,CUST00586,PROD0089,2026-02-08 04:02:25,802.83,3
TXN003642,CUST00705,PROD0066,2026-01-31 09:22:29,833.82,9
TXN003643,CUST00527,PROD0055,2026-02-06 05:23:18,1018.11,4
TXN003644,CUST00223,PROD0056,2026-02-26 07:26:29,271937.69,7
TXN003645,CUST00464,PROD0062,2026-02-05 21:50:44,4454.73,7
TXN003646,CUST00771,PROD0048,2026-02-22 02:11:06,796.76,9
TXN003647,CUST00789,PROD0077,2026-02-16 14:09:54,203.42,2
TXN003648,CUST00661,PROD0057,2026-02-12 20:28:20,1523.34,9
TXN002680,CUST00623,PROD0082,2026-02-18 11:15:56,-608.91,6
TXN003650,CUST00607,PROD0035,2026-02-28 07:38:55,16119.01,7
TXN003651,CUST00596,PROD0034,2026-02-25 11:59:42,750.18,10
TXN003652,CUST00662,PROD0065,2026-02-05 16:11:12,75608.43,4
TXN003653,CUST00881,PROD0046,2026-02-12 22:43:42,238.64,10
TXN003654,CUST00371,PROD0051,2026-02-07 21:36:09,679.91,5
TXN003655,CUST00100,PROD0015,2026-02-04 13:23:55,1717.83,6
TXN003656,CUST00827,PROD0086,2026-02-11 16:39:21,2562.47,3
TXN003657,CUST00749,PROD0020,2026-02-13 10:20:44,2651.12,2
TXN003658,CUST00088,PROD0073,2026-02-07 03:16:10,15418.38,6
TXN000290,CUST00399,PROD0019,2026-02-12 11:31:16,747.15,1
TXN003660,CUST00477,PROD0003,2026-02-23 11:16:58,860.53,7
TXN003661,CUST00675,PROD0074,2026-02-04 19:31:20,78.41,1
TXN003662,CUST00101,PROD0037,2026-03-01 15:10:52,496.34,4
TXN003663,CUST00730,PROD0064,2026-02-28 16:09:36,97.16,1
TXN003664,CUST00005,PROD0089,2026-02-18 01:04:50,1319.88,5
TXN003665,CUST00057,PROD0048,2026-02-19 04:15:30,,10
TXN003666,CUST00354,PROD0099,2026-02-20 10:24:59,741.67,5
TXN003667,CUST00921,PROD0072,2026-02-12 09:56:46,1134.52,6
TXN003668,CUST00055,PROD0038,2026-02-27 06:02:07,252.0,1
TXN003669,CUST00596,PROD0047,2026-02-09 23:36:15,269.61,5
TXN003670,CUST00200,PROD0092,2026-02-08 20:14:59,220.65,1
TXN003671,CUST00838,PROD0013,2026-02-09 17:10:05,42.58,1
TXN003672,CUST00951,PROD0082,2026-02-08 16:07:43,1139.84,1
TXN003673,CUST00555,PROD0052,2026-02-11 21:30:58,-335.76,-1
TXN003674,CUST00802,PROD0040,2026-02-21 21:04:57,411.08,4
TXN003675,CUST00607,PROD0090,2026-02-17 05:19:51,-275.73,-1
TXN003676,CUST00487,PROD0080,2026-02-27 08:20:00,2635.83,10
TXN003677,CUST00534,PROD0079,2026-02-22 19:21:15,,2
TXN003678,CUST00226,PROD0067,2026-02-24 14:24:20,615.67,5
TXN003679,CUST00534,PROD0091,2026-02-24 07:35:23,469131.88,6
TXN003680,CUST00316,PROD0040,2026-02-14 19:09:00,110.5,1
TXN003681,CUST00015,PROD0087,2026-02-25 05:06:46,164.82,8
TXN003682,CUST00643,PROD0068,2026-02-22 18:04:01,268.72,4
TXN003683,CUST00135,PROD0009,2026-02-28 04:58:48,1941.84,8
TXN003684,CUST00993,PROD0056,2026-02-23 14:03:41,376024.12,10
TXN003685,CUST00816,PROD0045,2026-02-26 14:24:27,18863.12,9
TXN003686,CUST00102,PROD0028,2026-02-20 11:36:56,274.59,9
TXN003687,CUST00164,PROD0022,2026-02-10 23:20:54,444.5,10
TXN003688,CUST00374,PROD0098,2026-02-15 13:54:12,1633.57,9
TXN003689,CUST00789,PROD0070,2026-02-16 09:31:27,174.48,6
TXN003690,CUST00575,PROD0047,2026-02-03 01:25:29,523.18,10
TXN003691,CUST00006,PROD0018,2026-02-02 10:26:32,13034.93,5
TXN003692,CUST00048,PROD0070,2026-02-28 09:44:25,27.47,1
TXN003693,CUST00188,PROD0005,2026-02-07 09:06:26,335027.28,8
TXN003694,CUST00078,PROD0023,2026-02-26 05:49:49,,9
TXN003695,CUST00289,PROD0049,2026-02-01 04:57:31,695.09,6
TXN003696,CUST00874,PROD0012,2026-02-19 21:06:08,170.69,6
TXN003697,CUST00321,PROD0081,2026-02-02 07:21:32,3101.11,5
TXN003698,CUST00444,PROD0029,2026-02-18 20:41:38,69.0,3
TXN003699,CUST00008,PROD0006,2026-02-27 17:05:31,757.63,10
TXN003700,CUST00245,PROD0004,2026-02-11 17:39:45,400541.23,1
TXN003701,CUST00671,PROD0084,2026-02-21 01:01:54,480.49,10
TXN003702,CUST00367,PROD0035,2026-02-24 02:01:45,2476.88,1
TXN003703,CUST00643,PROD0053,2026-02-19 08:36:02,107.26,9
TXN003704,CUST00909,PROD0007,2026-02-11 06:29:23,188.92,8
TXN003705,CUST00389,PROD0004,2026-02-02 21:25:05,13939.23,7
TXN003706,CUST00555,PROD0072,2026-02-23 12:54:38,1318.24,6
TXN003707,CUST00710,PROD0080,2026-02-02 04:56:08,532.39,2
TXN003708,CUST00446,PROD0068,2026-02-09 05:31:27,77.51,1
TXN003709,CUST00639,PROD0034,2026-02-18 18:45:49,136.37,2
TXN003710,CUST00200,PROD0082,2026-02-08 13:12:13,11917.8,10
TXN003711,CUST00554,PROD0091,2026-02-13 15:55:00,2277.3,9
TXN003712,CUST00739,PROD0061,2026-02-10 10:56:42,3242.61,4
TXN003713,CUST00013,PROD0098,2026-02-05 03:09:31,1944.94,10
TXN003714,CUST00042,PROD0093,2026-02-27 06:43:11,448.29,1
TXN003715,CUST00301,PROD0092,2026-02-22 10:07:38,1864.7,9
TXN003716,CUST00036,PROD0019,2026-02-08 10:39:37,282.24,-1
TXN003717,CUST00128,PROD0100,2026-02-09 07:54:40,131217.65,4
TXN002705,CUST00757,PROD0074,2026-02-24 10:45:51,589.76,8
TXN003719,CUST00168,PROD0007,2026-02-27 20:56:21,225.63,10
TXN003720,CUST00414,PROD0012,2026-02-17 14:00:40,77.68,3
TXN003721,CUST99006,PROD0093,2026-02-09 20:21:42,3094.64,7
TXN003722,CUST00341,PROD0013,2026-02-26 07:17:16,322.46,7
TXN003723,CUST00605,PROD0073,2026-02-27 16:18:32,25381.42,10
TXN003724,CUST00450,PROD0038,2026-02-15 04:42:57,1273.76,5
TXN003725,CUST00857,PROD0030,2026-02-11 08:37:00,1051.37,7
TXN003726,CUST00372,PROD0067,2026-02-27 09:47:20,395.68,3
TXN003727,CUST00389,PROD0003,2026-02-01 17:39:14,705.21,5
TXN003728,CUST00962,PROD0029,2026-02-05 13:44:38,182.68,8
TXN003729,CUST00136,PROD0057,2026-02-06 03:23:16,447.64,3
TXN003730,CUST00734,PROD0068,2026-02-08 06:17:48,399.27,5
TXN003731,CUST00023,PROD0009,2026-02-10 15:22:13,224.39,1
TXN003732,CUST00947,PROD0085,2026-02-09 17:57:31,6229.15,4
TXN000033,CUST00194,PROD0059,2026-02-18 11:43:59,1942.91,3
TXN003734,CUST00820,PROD0099,2026-02-18 03:46:03,983.54,6
TXN003735,CUST00096,PROD0013,2026-02-04 19:39:17,85.01,2
TXN003736,CUST00003,PROD0025,2026-02-23 21:58:37,254.12,6
TXN003737,CUST00730,PROD0077,2026-02-15 04:40:00,298.13,10
TXN003738,CUST00642,PROD0005,2026-02-02 00:39:41,308373.88,8
TXN003739,CUST00674,PROD0086,2026-02-14 05:19:16,3912.52,4
TXN003740,CUST00933,PROD0047,2026-02-14 19:51:34,344.48,7
TXN003741,CUST00516,PROD0085,2026-02-24 15:48:10,9315.29,5
TXN003742,CUST00644,PROD0046,2026-02-25 17:13:05,215.35,10
TXN003743,CUST00937,PROD0014,2026-02-01 17:03:03,1150.65,5
TXN003744,CUST00887,PROD0013,2026-02-17 04:21:53,,2
TXN000208,CUST00421,PROD0045,2026-02-14 09:15:37,14794.73,8
TXN003746,CUST00837,PROD0096,2026-02-07 17:17:51,343.44,9
TXN003747,CUST00607,PROD0069,2026-02-24 06:26:12,276873.76,8
TXN003748,CUST00957,PROD0027,2026-02-05 23:05:03,412931.8,3
TXN003749,CUST00693,PROD0020,2026-02-11 05:20:18,9054.6,7
TXN003750,CUST00832,PROD0078,2026-02-27 09:23:22,43.38,1
TXN003751,CUST00289,PROD0027,2026-02-15 05:16:27,1209.32,7
TXN003752,CUST00505,PROD0057,2026-02-11 00:17:51,890.98,6
TXN003753,CUST00369,PROD0055,2026-02-21 04:23:18,2403.37,9
TXN003754,CUST00671,PROD0006,2026-02-07 20:12:18,696.56,9
TXN003755,CUST00357,PROD0044,2026-02-22 18:38:23,2968.03,2
TXN003756,CUST00188,PROD0012,2026-02-18 00:43:47,234.04,8
TXN003757,CUST00544,PROD0031,2026-02-19 16:45:47,658.07,6
TXN003758,CUST00649,PROD0048,2026-02-05 19:28:36,633.68,8
TXN003759,CUST00060,PROD0039,2026-02-23 12:33:10,979.76,6
TXN003760,CUST00064,PROD0058,2026-02-13 20:55:27,3140.31,8
TXN003761,CUST00543,PROD9906,2026-02-15 16:43:49,847.65,10
TXN003762,CUST00696,PROD0021,2026-02-04 09:26:30,26311.66,10
TXN003763,CUST00021,PROD0093,2026-02-25 23:50:39,2695.22,6
TXN003764,CUST00868,PROD0058,2026-02-28 11:13:52,3916.0,10
TXN003765,CUST00320,PROD0036,2026-02-04 03:39:30,4565.5,10
TXN003766,CUST00336,PROD0002,2026-02-17 18:49:46,92.4,9
TXN003767,CUST00195,PROD0097,2026-02-22 22:31:01,871.87,2
TXN003768,CUST00819,PROD0061,2026-02-23 20:06:26,2600.76,3
TXN003769,CUST00023,PROD9906,2026-02-09 19:58:41,-310.97,8
TXN003770,CUST00706,PROD0049,2026-02-06 02:34:00,102.31,1
TXN003771,CUST99000,PROD0013,2026-03-01 04:48:08,89.52,2
TXN003772,CUST00043,PROD0096,2026-02-28 03:59:53,324.56,9
TXN003773,CUST00115,PROD9906,2026-01-31 14:27:39,212645.71,8
TXN003774,CUST00963,PROD0055,2026-02-22 05:35:09,1695.74,6
TXN003775,CUST00960,PROD0081,2026-02-17 03:27:28,1304.79,2
TXN003776,CUST00875,PROD0077,2026-02-17 10:20:02,718.84,5
TXN003777,CUST00812,PROD0042,2026-02-03 08:40:33,2120.52,8
TXN002309,CUST00146,PROD0084,2026-02-05 04:26:13,303.91,6
TXN003779,CUST00510,PROD0088,2026-02-23 04:00:09,641.2,
TXN002268,CUST00426,PROD0094,2026-02-04 14:17:19,2830.01,3
TXN003781,CUST00064,PROD0039,2026-02-10 13:14:02,760.07,7
TXN003782,CUST00033,PROD0091,2026-02-10 13:41:19,2214.83,10
TXN003783,CUST00425,PROD0077,2026-02-19 08:53:20,350.73,5
TXN003784,CUST00252,PROD0082,2026-02-15 03:22:12,10268.1,8
TXN003785,CUST00476,PROD0019,2026-01-31 05:51:29,736.3,7
TXN003786,CUST00882,PROD0077,2026-02-05 09:27:44,732.24,5
TXN003787,CUST00103,PROD0030,2026-02-17 13:20:48,1470.74,10
TXN003788,CUST00221,PROD0032,2026-02-20 10:46:15,1032.45,7
TXN003789,CUST00987,PROD0054,2026-02-03 11:49:30,5420.96,5
TXN003790,CUST00862,PROD0071,2026-03-01 03:12:14,16960.01,8
TXN003791,CUST00494,PROD0013,2026-01-31 09:56:05,77.41,2
TXN003792,CUST00071,PROD0079,2026-02-21 05:35:04,435958.81,9
TXN001856,CUST00207,PROD0058,2026-02-01 20:23:01,3507.25,8
TXN003794,CUST00241,PROD0084,2026-02-10 17:53:05,460.81,10
TXN003795,CUST00142,PROD0087,2026-02-17 10:25:36,179.75,8
TXN003796,CUST00392,PROD0022,2026-02-02 12:51:28,159.09,4
TXN003797,CUST00348,PROD0077,2026-02-13 15:05:17,142.69,3
TXN003798,CUST00687,PROD0033,2026-02-06 12:56:07,738.6,4
TXN003799,CUST00423,PROD0091,2026-02-06 04:44:34,1420.84,6
TXN003800,CUST00253,PROD0075,2026-02-20 15:56:21,777.81,9
TXN003801,CUST00622,PROD0073,2026-02-12 18:34:11,10615.09,5
TXN003802,CUST00126,PROD0015,2026-02-20 20:37:39,517.02,2
TXN003803,CUST00214,PROD0084,2026-02-28 23:22:28,503.04,9
TXN003804,CUST00804,PROD0073,2026-02-19 07:59:59,2530.32,1
TXN003805,CUST00965,PROD0043,2026-02-02 21:11:55,771.94,7
TXN003806,CUST00180,PROD0021,2026-02-20 11:33:46,2849.81,1
TXN003807,CUST00125,PROD0086,2026-02-23 11:35:12,4170.55,5
TXN003808,CUST00317,PROD0071,2026-02-14 17:30:04,4466.06,2
TXN003809,CUST00686,PROD0075,2026-02-27 01:58:22,445.97,5
TXN003810,CUST00931,PROD0079,2026-02-16 08:12:43,88884.19,2
TXN003811,CUST00563,PROD0069,2026-02-08 23:45:30,108718.4,3
TXN003812,CUST00451,PROD0007,2026-02-07 18:28:55,135.37,6
TXN003813,CUST00132,PROD0070,2026-02-19 23:25:33,154.86,5
TXN003814,CUST00418,PROD0041,2026-02-17 20:45:34,1610.36,1
TXN003815,CUST00710,PROD0002,2026-02-07 07:48:26,45.37,4
TXN003816,CUST00675,PROD0046,2026-02-17 02:12:44,181.62,8
TXN003817,CUST00687,PROD0038,2026-02-08 10:17:19,,4
TXN003818,CUST00346,PROD0098,2026-02-01 14:47:31,1047.94,5
TXN003819,CUST00811,PROD0013,2026-02-13 06:06:25,133.19,3
TXN003820,CUST00202,PROD0059,2026-02-06 11:29:44,5351.29,7
TXN003821,CUST00345,PROD0093,2026-02-17 13:27:02,4803.35,10
TXN003822,CUST00084,PROD0054,2026-02-13 19:26:23,3992.57,4
TXN003823,CUST00727,PROD0024,2026-02-08 08:00:43,2378.71,5
TXN003824,CUST00807,PROD0007,2026-03-01 00:56:04,,3
TXN003825,CUST00648,PROD0071,2026-02-26 18:13:45,6228.69,3
TXN003826,CUST00862,PROD0079,2026-02-12 15:56:38,347355.33,7
TXN003827,CUST00468,PROD0002,2026-02-26 16:02:33,83.1,8
TXN003828,CUST00802,PROD0017,2026-02-08 16:39:14,36866.85,2
TXN003829,CUST00083,PROD0063,2026-02-23 02:13:05,3529.73,8
TXN003830,CUST00813,PROD0087,2026-02-16 05:50:51,229.38,10
TXN003831,CUST00900,PROD0056,2026-02-05 13:40:49,238416.6,7
TXN003832,CUST00548,PROD0053,2026-02-24 17:05:55,50.81,4
TXN003833,CUST00013,PROD0040,2026-02-11 13:54:40,870.91,8
TXN003834,CUST00726,PROD0019,2026-02-26 16:54:56,662.93,8
TXN003835,CUST00338,PROD0066,2026-02-12 15:30:17,491.0,6
TXN003836,CUST00389,PROD0070,2026-02-07 21:26:20,305.26,10
TXN003837,CUST00301,PROD0063,2026-02-27 07:19:05,1986.78,4
TXN003838,CUST00270,PROD0012,2026-03-01 13:23:49,92.33,3
TXN003839,CUST00392,PROD0098,2026-02-24 22:49:02,1674.62,8
TXN003840,CUST00452,PROD0063,2026-02-15 08:19:54,4647.4,9
TXN003841,CUST00533,PROD0091,2026-02-28 00:13:42,1179.05,5
TXN003842,CUST00754,PROD0063,2026-02-23 21:46:58,471.94,1
TXN003843,CUST00720,PROD0065,2026-01-31 08:30:32,152429.14,8
TXN003844,CUST00359,PROD0081,2026-02-07 23:31:39,3343.84,6
TXN003845,CUST00470,PROD0078,2026-02-03 09:26:04,465.43,10
TXN003846,CUST00654,PROD0046,2026-02-26 00:34:55,91.71,4
TXN003847,CUST00878,PROD0085,2026-02-10 18:33:19,1842.65,1
TXN003848,CUST00051,PROD0018,2026-02-21 03:06:17,2604.86,1
TXN003849,CUST00222,PROD0073,2026-02-20 19:23:30,9511.44,4
TXN003850,CUST00032,PROD0081,2026-02-08 18:10:48,4575.82,8
TXN003851,CUST00408,PROD0089,2026-02-05 18:28:26,796.15,3
TXN003852,CUST00414,PROD0036,2026-02-06 07:54:07,2048.31,4
TXN003853,CUST00843,PROD0074,2026-02-02 18:45:55,138.41,2
TXN003854,CUST00945,PROD0007,2026-02-05 00:55:11,167.63,8
TXN003855,CUST00741,PROD0010,2026-02-23 09:52:40,36.27,2
TXN003856,CUST00893,PROD0021,2026-02-02 02:48:30,23131.47,8
TXN003857,CUST00145,PROD0083,2026-02-10 05:06:02,1769.45,8
TXN003858,CUST00915,PROD0062,2026-02-05 10:01:46,5682.3,10
TXN003859,CUST00745,PROD0076,2026-02-17 02:39:57,138.08,6
TXN003860,CUST00053,PROD0041,2026-01-31 22:34:57,16993.48,9
TXN003861,CUST00714,PROD0060,2026-02-26 21:56:29,53.54,2
TXN003862,CUST00807,PROD0049,2026-02-06 23:30:00,275422.19,8
TXN003863,CUST00314,PROD0057,2026-02-13 09:12:00,154.89,1
TXN003864,CUST00802,PROD0055,2026-02-01 10:53:36,2701.62,10
TXN003865,CUST00853,PROD0084,2026-02-13 15:44:17,156488.8,4
TXN003866,CUST00514,PROD0083,2026-02-08 06:30:23,1679.95,8
TXN003867,CUST00396,PROD0028,2026-03-01 18:09:16,-494.74,7
TXN003868,CUST00241,PROD9901,2026-02-25 05:26:25,762.77,4
TXN003869,CUST00323,PROD0095,2026-02-09 20:28:14,920.2,10
TXN003870,CUST00504,PROD0001,2026-02-23 17:09:51,1062.15,9
TXN003871,CUST00792,PROD0068,2026-02-08 13:17:07,713.13,10
TXN003872,CUST00895,PROD0082,2026-02-22 19:49:12,5317.32,4
TXN003873,CUST00737,PROD0067,2026-02-11 16:09:22,1038.92,8
TXN003874,CUST00388,PROD0096,2026-02-25 07:21:02,337.08,10
TXN003875,CUST00751,PROD0018,2026-02-26 18:38:33,23587.8,9
TXN003876,CUST00952,PROD0077,2026-01-31 19:46:22,162.72,7
TXN003877,CUST00548,PROD0008,2026-02-15 12:28:29,1665.89,8
TXN003878,CUST00719,PROD0010,2026-02-12 02:38:02,196.15,10
TXN003879,CUST00234,PROD0047,2026-02-23 22:31:17,370.07,7
TXN003880,CUST00156,PROD0072,2026-02-07 15:31:12,410.19,2
TXN003881,CUST00773,PROD0028,2026-02-25 18:19:01,186.8,6
TXN003882,CUST00357,PROD0019,2026-02-04 12:42:44,,1
TXN003883,CUST00724,PROD0030,2026-02-13 20:45:44,,1
TXN003884,CUST00524,PROD0088,2026-01-31 22:36:10,1518.12,5
TXN000706,CUST00274,PROD0040,2026-02-13 14:47:14,1107.61,10
TXN003886,CUST00391,PROD0080,2026-02-11 12:06:45,2114.39,8
TXN003887,CUST00145,PROD0040,2026-02-02 12:46:43,564.66,6
TXN003888,CUST99007,PROD0095,2026-02-28 15:53:26,923.0,10
TXN003889,CUST00709,PROD0041,2026-02-26 08:22:15,11252.61,7
TXN003890,CUST00073,PROD0005,2026-02-14 10:55:00,292470.79,7
TXN003891,CUST00543,PROD0045,2026-01-31 18:14:55,5531.75,3
TXN003892,CUST00188,PROD0017,2026-02-26 09:47:34,96268.23,5
TXN003893,CUST00672,PROD0058,2026-02-17 18:38:12,409.24,1
TXN003894,CUST00494,PROD9906,2026-02-10 11:45:04,904.42,0
TXN003895,CUST00144,PROD0063,2026-02-20 01:45:51,1047.95,2
TXN003896,CUST00616,PROD0068,2026-02-25 02:17:20,593.13,8
TXN003897,CUST00407,PROD0074,2026-02-22 00:49:41,380.39,5
TXN003898,CUST00054,PROD0025,2026-02-06 03:36:06,318.62,7
TXN003899,CUST00432,PROD0079,2026-01-31 17:04:35,234140.92,5
TXN003900,CUST00362,PROD0059,2026-02-27 19:49:11,696.46,1
TXN003901,CUST00345,PROD0020,2026-02-22 00:54:50,1120.24,1
TXN003902,CUST00642,PROD0014,2026-02-18 00:54:06,907.17,4
TXN003903,CUST00857,PROD0047,2026-03-01 11:39:01,319.82,6
TXN003904,CUST00218,PROD0061,2026-02-11 22:15:37,8619.41,10
TXN003905,CUST00043,PROD0042,2026-02-02 04:05:44,2571.74,10
TXN000086,CUST00467,PROD0035,2026-02-14 02:58:48,11019.17,5
TXN003907,CUST00648,PROD0017,2026-02-16 20:26:48,77172.48,4
TXN003908,CUST00972,PROD0032,2026-03-01 19:57:34,670.91,5
TXN003909,CUST00213,PROD0028,2026-02-04 06:47:56,243.92,8
TXN003910,CUST00930,PROD0053,2026-02-05 17:02:47,244123.39,6
TXN003911,CUST00221,PROD0042,2026-02-14 11:55:57,502.39,2
TXN003912,CUST00996,PROD0070,2026-02-26 17:40:03,246.78,8
TXN003913,CUST00110,PROD0068,2026-02-13 03:22:42,143.13,2
TXN003914,CUST00350,PROD0059,2026-02-27 01:00:55,4083.0,6
TXN003915,CUST00298,PROD0041,2026-02-08 10:15:49,12176.96,7
TXN003916,CUST00911,PROD0077,2026-02-28 05:42:14,111.26,3
TXN003917,CUST00440,PROD0066,2026-02-02 09:39:41,551.49,7
TXN003918,CUST00730,PROD0008,2026-02-08 11:48:13,1316.61,6
TXN003919,CUST00835,PROD0057,2026-02-01 00:10:31,1357.41,8
TXN003920,CUST00175,PROD0030,2026-02-05 19:56:51,1301.15,8
TXN003921,CUST00903,PROD0067,2026-02-12 10:42:33,675.76,5
TXN003922,CUST00208,PROD0002,2026-02-13 14:19:28,91.18,8
TXN003923,CUST00356,PROD0057,2026-02-14 18:36:51,1136.29,7
TXN003924,CUST00089,PROD0077,2026-02-19 08:21:20,138.07,3
TXN003925,CUST00561,PROD0009,2026-02-16 02:42:28,1530.77,7
TXN003926,CUST00505,PROD0045,2026-02-03 05:01:06,14765.44,7
TXN003927,CUST00306,PROD0045,2026-02-01 15:14:12,16010.78,9
TXN003928,CUST00519,PROD0080,2026-03-01 15:07:36,498.63,2
TXN003929,CUST00287,PROD0089,2026-02-09 11:20:34,2250.99,9
TXN003930,CUST00610,PROD0093,2026-02-27 16:03:34,4592.07,9
TXN003931,CUST00480,PROD0026,2026-02-09 00:52:38,717.91,8
TXN003932,CUST00004,PROD0085,2026-03-01 12:42:00,3395.52,2
TXN003933,CUST00217,PROD0023,2026-02-14 20:52:24,576.53,3
TXN003934,CUST00437,PROD0042,2026-02-28 08:53:13,1542.48,7
TXN003935,CUST00336,PROD0022,2026-02-16 21:58:23,174.05,4
TXN003936,CUST00577,PROD0025,2026-02-05 09:53:23,259.56,6
TXN003937,CUST00844,PROD0004,2026-02-10 17:39:45,-685.75,8
TXN003938,CUST00298,PROD0009,2026-02-10 19:54:05,1449.55,7
TXN003939,CUST00715,PROD0037,2026-02-01 05:27:02,417.25,3
TXN003940,CUST00209,PROD0060,2026-02-10 19:12:34,183.92,6
TXN003941,CUST00334,PROD0062,2026-02-21 15:20:11,5954.5,10
TXN003942,CUST00796,PROD0087,2026-02-01 19:42:21,87.28,4
TXN003943,CUST00216,PROD0001,2026-02-27 05:08:40,565.71,4
TXN003944,CUST00657,PROD0034,2026-02-24 02:19:18,300.0,4
TXN003945,CUST00465,PROD0065,2026-02-13 22:40:14,159751.1,9
TXN003946,CUST00221,PROD0025,2026-02-19 22:15:59,135.03,3
TXN003947,CUST00389,PROD0003,2026-02-04 13:34:46,1208.59,10
TXN003948,CUST00986,PROD0100,2026-02-19 13:57:06,802.81,
TXN003949,CUST00912,PROD0018,2026-02-23 18:21:23,5357.33,2
TXN003950,CUST00364,PROD0013,2026-02-21 04:59:10,184.77,4
TXN003951,CUST00328,PROD0061,2026-02-26 10:41:02,1752.33,2
TXN003952,CUST00830,PROD0011,2026-02-08 03:40:22,67.03,2
TXN003953,CUST00703,PROD0044,2026-02-18 08:26:39,5941.8,4
TXN003954,CUST00343,PROD0044,2026-02-15 02:36:29,5439.3,4
TXN003955,CUST00962,PROD0061,2026-02-16 20:49:10,839.02,1
TXN003956,CUST00598,PROD0080,2026-02-10 19:34:27,512.72,2
TXN003957,CUST00583,PROD0073,2026-02-11 19:36:13,4336.98,2
TXN003958,CUST00576,PROD0088,2026-02-15 08:24:07,572.31,2
TXN003959,CUST00002,PROD0042,2026-02-13 12:57:13,1808.47,8
TXN003960,CUST00794,PROD0078,2026-02-17 13:27:32,421.91,9
TXN003961,CUST00166,PROD0008,2026-02-07 21:44:25,452.84,2
TXN003962,CUST00413,PROD0088,2026-02-04 09:47:12,1954.22,6
TXN003963,CUST00678,PROD0060,2026-02-19 18:26:02,259.05,9
TXN003964,CUST00340,PROD0039,2026-02-23 08:57:10,175.4,5
TXN003965,CUST00891,PROD0071,2026-02-16 01:27:08,1910.96,1
TXN003966,CUST00669,PROD0093,2026-02-06 23:53:39,3013.91,6
TXN003967,CUST00062,PROD0002,2026-02-08 02:45:15,98.29,8
TXN003968,CUST00803,PROD0010,2026-02-01 05:10:51,162.82,8
TXN003969,CUST00183,PROD0028,2026-02-10 23:25:00,86.19,3
TXN003970,CUST00142,PROD0031,2026-01-31 18:44:44,722.12,7
TXN003971,CUST00443,PROD0023,2026-03-01 18:06:35,451.33,2
TXN003972,CUST00266,PROD0100,2026-02-05 17:02:38,37209.7,1
TXN003973,CUST99006,PROD0046,2026-02-02 03:53:53,228.32,10
TXN003974,CUST00139,PROD0045,2026-02-01 06:15:31,2092.81,1
TXN003975,CUST00944,PROD0059,2026-02-24 11:12:29,1972.64,3
TXN003976,CUST99002,PROD0049,2026-02-11 13:17:28,197.13,2
TXN003977,CUST00425,PROD0079,2026-02-20 17:48:50,139171.65,3
TXN003978,CUST00019,PROD0079,2026-03-01 06:41:41,525476.12,10
TXN003979,CUST00840,PROD0056,2026-02-14 02:13:25,140088.56,4
TXN003980,CUST00655,PROD0018,2026-02-01 10:43:13,25607.98,9
TXN003981,CUST00582,PROD0033,2026-02-10 13:22:28,1490.1,9
TXN003982,CUST00001,PROD0050,2026-02-20 00:27:18,1267.15,4
TXN003983,CUST00160,PROD0059,2026-02-13 06:00:56,,6
TXN003984,CUST00650,PROD0025,2026-02-09 08:36:07,49.15,1
TXN003985,CUST00951,PROD0039,2026-02-24 14:59:09,947.13,3
TXN003986,CUST00208,PROD0054,2026-02-13 20:49:30,7317.19,7
TXN003987,CUST00611,PROD0091,2026-02-23 00:57:50,997.8,4
TXN003988,CUST00737,PROD0018,2026-02-04 03:53:28,607.0,0
TXN003989,CUST00618,PROD0013,2026-02-02 17:22:07,367.9,8
TXN003990,CUST00558,PROD0042,2026-02-07 04:25:01,2385.5,9
TXN003991,CUST00414,PROD0100,2026-02-27 00:36:58,65053.13,2
TXN003992,CUST00346,PROD0058,2026-02-13 19:02:58,-431.55,6
TXN003993,CUST00495,PROD0094,2026-02-05 23:04:05,-157.03,3
TXN003994,CUST00983,PROD0074,2026-02-03 10:44:55,248.76,3
TXN003995,CUST00047,PROD0032,2026-02-18 23:35:09,1228.05,10
TXN003996,CUST00642,PROD0080,2026-02-11 15:48:47,1050.12,4
TXN003997,CUST00400,PROD0069,2026-02-03 05:15:25,-183173.28,-5
TXN003998,CUST00418,PROD0039,2026-02-21 21:16:50,899.41,6
TXN003999,CUST00541,PROD0087,2026-02-08 17:40:19,231.33,10
TXN004000,CUST00605,PROD0009,2026-02-23 00:48:00,841.11,4
TXN004001,CUST00723,PROD0097,2026-02-27 22:40:28,100521.03,4
TXN004002,CUST00983,PROD0037,2026-02-20 07:54:55,273.39,2
TXN004003,CUST00146,PROD0036,2026-02-09 08:48:59,3295.21,7
TXN004004,CUST00184,PROD0008,2026-02-13 23:33:49,417.7,2
TXN004005,CUST00201,PROD0095,2026-02-19 15:45:42,87.1,1
TXN004006,CUST00616,PROD0092,2026-02-19 04:23:59,1944.01,9
TXN004007,CUST00076,PROD0016,2026-02-16 09:50:49,472.22,7
TXN004008,CUST00702,PROD0008,2026-02-04 03:49:03,2128.18,10
TXN004009,CUST00883,PROD0016,2026-02-03 03:35:23,121.68,2
TXN004010,CUST00764,PROD0044,2026-02-09 18:25:32,,10
TXN004011,CUST00551,PROD0018,2026-02-07 07:21:27,5232.47,2
TXN004012,CUST00575,PROD0060,2026-02-13 20:35:35,226.25,8
TXN004013,CUST00631,PROD0069,2026-02-22 09:31:42,38624.32,1
TXN004014,CUST00486,PROD0001,2026-02-09 17:01:11,404.0,3
TXN004015,CUST00177,PROD0012,2026-02-03 23:19:47,142.44,5
TXN004016,CUST00151,PROD0073,2026-02-16 07:19:37,2387.72,1
TXN004017,CUST00624,PROD0036,2026-02-18 00:03:16,3074.08,6
TXN004018,CUST00399,PROD0010,2026-02-14 00:24:44,143.69,7
TXN004019,CUST00707,PROD0018,2026-02-04 20:01:59,21477.38,8
TXN004020,CUST00109,PROD0074,2026-02-17 19:08:14,370.31,5
TXN004021,CUST00511,PROD0022,2026-02-27 07:49:36,149.71,4
TXN004022,CUST00008,PROD0035,2026-02-11 21:58:18,17503.29,8
TXN004023,CUST00450,PROD0050,2026-02-16 16:58:24,2561.25,8
TXN004024,CUST00863,PROD0033,2026-02-06 23:59:48,927.19,5
TXN004025,CUST00918,PROD0054,2026-02-19 12:22:24,5138.08,5
TXN004026,CUST00470,PROD0015,2026-02-27 03:08:02,236.15,1
TXN004027,CUST00581,PROD0048,2026-02-11 13:31:40,232.17,3
TXN004028,CUST00354,PROD0011,2026-02-18 00:45:45,142.68,4
TXN004029,CUST00549,PROD0067,2026-02-16 02:32:27,1068.42,9
TXN004030,CUST00149,PROD0078,2026-02-02 21:53:31,185.54,4
TXN002463,CUST00923,PROD0073,2026-02-03 06:00:36,815.11,
TXN004032,CUST00854,PROD0085,2026-02-11 21:53:01,8185.94,5
TXN002978,CUST00562,PROD0087,2026-02-06 19:02:39,23.28,1
TXN004034,CUST00198,PROD0009,2026-02-05 19:48:36,2015.53,9
TXN004035,CUST00193,PROD0053,2026-02-11 13:05:26,91.52,7
TXN004036,CUST00469,PROD0077,2026-02-16 22:59:43,692.05,5
TXN004037,CUST00279,PROD0081,2026-02-10 14:59:34,1261.64,2
TXN004038,CUST00815,PROD0061,2026-02-28 11:02:50,6701.57,8
TXN004039,CUST00843,PROD0070,2026-02-06 23:55:46,258.86,9
TXN004040,CUST00885,PROD0029,2026-02-01 18:07:58,191.98,9
TXN004041,CUST00173,PROD0031,2026-02-21 19:52:42,528.02,5
TXN004042,CUST00077,PROD0040,2026-03-01 09:24:11,989.21,9
TXN004043,CUST00190,PROD0085,2026-02-24 15:58:14,410627.41,9
TXN004044,CUST00823,PROD0098,2026-02-24 02:47:02,1897.24,10
TXN004045,CUST00822,PROD0025,2026-02-28 15:36:59,614.73,
TXN004046,CUST00812,PROD0065,2026-02-02 08:25:28,,8
TXN004047,CUST00771,PROD0092,2026-02-03 11:25:46,1116.73,6
TXN004048,CUST00610,PROD0068,2026-03-01 11:29:48,659.77,10
TXN004049,CUST00305,PROD0045,2026-02-16 12:43:15,11623.49,6
TXN004050,CUST00418,PROD0003,2026-02-24 03:28:20,394.75,3
TXN000986,CUST00121,PROD0083,2026-02-14 22:25:44,1655.24,8
TXN004052,CUST00623,PROD0100,2026-02-25 07:41:29,277271.12,8
TXN004053,CUST00398,PROD0042,2026-02-23 05:17:07,1247.48,5
TXN004054,CUST00564,PROD0063,2026-02-15 11:30:55,2312.69,5
TXN004055,CUST00404,PROD0047,2026-02-27 22:37:11,435.94,8
TXN004056,CUST00685,PROD0047,2026-02-27 12:22:09,469.81,9
TXN004057,CUST00544,PROD0034,2026-02-09 02:17:18,573.22,8
TXN004058,CUST00457,PROD0010,2026-03-01 06:04:33,64.11,3
TXN004059,CUST00684,PROD0067,2026-02-08 12:28:42,593.45,5
TXN004060,CUST00841,PROD0061,2026-02-12 09:25:11,1704.88,2
TXN004061,CUST00879,PROD0015,2026-02-18 07:05:08,524.94,2
TXN004062,CUST00862,PROD0007,2026-02-12 23:53:46,215.15,9
TXN004063,CUST00828,PROD0014,2026-02-14 00:51:49,2102.17,10
TXN004064,CUST00343,PROD0022,2026-02-24 12:19:04,201.54,5
TXN004065,CUST00754,PROD0092,2026-02-14 17:28:50,821.73,4
TXN004066,CUST00185,PROD0060,2026-02-07 03:05:13,269.25,9
TXN004067,CUST00738,PROD0069,2026-02-21 14:43:20,213659.51,6
TXN004068,CUST00574,PROD0078,2026-02-27 06:08:42,84.73,2
TXN004069,CUST00269,PROD0032,2026-02-18 18:32:41,-706.28,-5
TXN004070,CUST00801,PROD0041,2026-02-13 08:48:21,13832.85,8
TXN004071,CUST00307,PROD0079,2026-02-13 08:22:36,481889.39,10
TXN004072,CUST00305,PROD0026,2026-02-28 13:09:59,429.67,5
TXN004073,CUST00567,PROD0035,2026-02-21 09:24:58,9666.39,4
TXN004074,CUST00044,PROD0023,2026-02-15 09:37:15,188.62,1
TXN004075,CUST00770,PROD0084,2026-02-26 04:41:43,92.51,2
TXN004076,CUST00398,PROD0022,2026-02-22 15:00:00,338.37,8
TXN004077,CUST00163,PROD0056,2026-03-01 15:15:18,271965.97,8
TXN004078,CUST00545,PROD0035,2026-02-09 07:04:49,9406.17,4
TXN004079,CUST00264,PROD0092,2026-02-16 15:15:03,1877.47,9
TXN004080,CUST00350,PROD0079,2026-02-16 17:09:08,106246.75,2
TXN004081,CUST00375,PROD0065,2026-02-10 16:12:47,,4
TXN004082,CUST00131,PROD0099,2026-02-19 14:01:42,164.38,1
TXN004083,CUST00837,PROD0039,2026-02-21 22:52:21,443.73,8
TXN004084,CUST00383,PROD0089,2026-02-16 16:53:31,262.76,1
TXN004085,CUST00440,PROD0074,2026-02-21 13:33:18,322.43,4
TXN002526,CUST00696,PROD0092,2026-02-14 04:24:12,1626.47,8
TXN004087,CUST00314,PROD0096,2026-03-01 05:15:35,114.07,3
TXN002119,CUST00425,PROD0100,2026-02-07 20:19:36,33523.83,1
TXN004089,CUST99001,PROD0052,2026-02-08 20:52:17,1405.36,4
TXN004090,CUST00912,PROD0016,2026-02-01 16:30:00,59.49,1
TXN004091,CUST00135,PROD0006,2026-02-12 18:15:36,112129.03,7
TXN004092,CUST00120,PROD0002,2026-02-02 02:18:30,32.7,3
TXN004093,CUST00788,PROD0063,2026-02-23 18:02:50,2885.4,6
TXN004094,CUST00735,PROD0005,2026-02-24 14:58:12,37172.34,1
TXN004095,CUST00349,PROD9903,2026-02-25 23:29:50,355.98,1
TXN004096,CUST00091,PROD0055,2026-02-10 08:49:49,1619.79,6
TXN004097,CUST00651,PROD0094,2026-02-07 08:26:39,1793.5,2
TXN003070,CUST00014,PROD0015,2026-02-23 14:16:12,1374.21,5
TXN004099,CUST00196,PROD0019,2026-02-19 23:42:43,772.9,4
TXN004100,CUST00892,PROD0093,2026-02-22 08:21:02,2331.51,5
TXN004101,CUST00835,PROD0006,2026-02-07 20:03:02,-378.82,-5
TXN004102,CUST00750,PROD0078,2026-02-05 07:39:13,181.5,4
TXN004103,CUST00994,PROD0087,2026-02-17 07:05:20,121.32,6
TXN003937,CUST00791,PROD0043,2026-02-26 22:13:07,450.68,4
TXN004105,CUST00551,PROD0033,2026-02-17 17:59:40,313.45,2
TXN004106,CUST00928,PROD0014,2026-02-12 09:11:39,1606.63,7
TXN004107,CUST00983,PROD0058,2026-02-22 07:53:55,389.22,1
TXN004108,CUST00695,PROD0063,2026-02-27 05:30:36,445.93,1
TXN004109,CUST00429,PROD0094,2026-02-10 19:45:39,6539.08,7
TXN004110,CUST00626,PROD0050,2026-02-17 03:05:52,2919.39,9
TXN004111,CUST00321,PROD0039,2026-02-22 11:35:51,206.22,10
TXN004112,CUST00269,PROD0018,2026-02-13 20:37:26,5514.72,2
TXN004113,CUST00443,PROD0041,2026-02-08 08:51:37,7883.75,5
TXN004114,CUST00913,PROD0086,2026-02-25 10:49:21,3847.81,4
TXN004115,CUST00725,PROD0059,2026-02-18 12:40:15,3726.89,5
TXN004116,CUST00239,PROD0072,2026-01-31 17:15:58,1984.66,10
TXN004117,CUST00607,PROD0057,2026-02-13 06:18:03,567.32,4
TXN004118,CUST00486,PROD0063,2026-02-15 21:06:07,-2588.77,-5
TXN004119,CUST00511,PROD0059,2026-02-05 08:06:30,1252.64,2
TXN004120,CUST00016,PROD0012,2026-02-22 07:03:53,85.13,3
TXN001229,CUST99001,PROD0032,2026-02-03 20:36:10,1229.28,9
TXN004122,CUST00151,PROD0032,2026-02-09 14:45:26,874.29,6
TXN004123,CUST00575,PROD0013,2026-02-18 22:40:34,162.23,4
TXN004124,CUST00906,PROD0081,2026-02-11 03:18:32,1241.91,2
TXN002926,CUST00229,PROD0017,2026-02-03 23:24:22,198434.56,10
TXN004126,CUST00139,PROD0053,2026-02-08 19:37:07,137.41,10
TXN004127,CUST00691,PROD0065,2026-02-04 20:27:44,110396.27,6
TXN004128,CUST00861,PROD0057,2026-02-08 10:38:58,1279.94,8
TXN004129,CUST00041,PROD0041,2026-02-28 23:52:26,6928.57,4
TXN004130,CUST00245,PROD0099,2026-02-20 22:05:59,464.78,3
TXN004131,CUST00252,PROD0070,2026-02-01 11:16:53,191.89,6
TXN004132,CUST00255,PROD0082,2026-02-19 16:51:28,12559.4,10
TXN003692,CUST00795,PROD0021,2026-02-11 21:52:22,19826.1,8
TXN004134,CUST00834,PROD0057,2026-02-10 23:37:46,-872.6,10
TXN004135,CUST00792,PROD0080,2026-02-27 18:52:31,,8
TXN004136,CUST00555,PROD0063,2026-02-26 03:45:28,1381.14,3
TXN004137,CUST00207,PROD0093,2026-02-02 01:39:16,1514.78,3
TXN004138,CUST00012,PROD0049,2026-02-24 17:42:31,463.67,4
TXN004139,CUST00065,PROD0080,2026-02-27 16:29:07,262.97,1
TXN004140,CUST00912,PROD0011,2026-01-31 16:55:38,32.16,1
TXN004141,CUST00034,PROD0025,2026-01-31 09:24:06,98.11,2
TXN004142,CUST00934,PROD0053,2026-02-03 11:23:19,42.84,3
TXN004143,CUST00425,PROD0097,2026-02-20 23:39:05,179924.41,7
TXN004144,CUST00341,PROD9907,2026-01-31 09:16:13,135053.61,6
TXN004145,CUST00021,PROD0084,2026-02-16 19:27:54,434.55,8
TXN004146,CUST00816,PROD0036,2026-02-02 08:35:59,4710.41,10
TXN004147,CUST00685,PROD0045,2026-02-06 02:53:33,13843.45,7
TXN004148,CUST00373,PROD0027,2026-02-25 14:05:03,1644.42,10
TXN004149,CUST00797,PROD0097,2026-02-22 16:16:48,446.22,1
TXN004150,CUST99000,PROD0013,2026-02-17 06:15:36,133.58,3
TXN004151,CUST00226,PROD0071,2026-02-16 11:31:47,4236.72,2
TXN004152,CUST00762,PROD0066,2026-02-05 23:58:49,88.89,1
TXN004153,CUST00946,PROD0080,2026-02-24 08:23:07,2378.66,10
TXN004154,CUST00504,PROD0011,2026-02-26 15:09:39,109.02,3
TXN004155,CUST00215,PROD0011,2026-02-01 11:15:22,328.01,9
TXN004156,CUST00649,PROD0035,2026-02-07 22:01:36,10697.96,5
TXN004157,CUST00545,PROD0069,2026-02-24 02:34:41,203212.22,5
TXN004158,CUST00613,PROD0028,2026-02-13 13:54:41,261.58,8
TXN004159,CUST00142,PROD0056,2026-02-23 14:55:35,247142.38,7
TXN004160,CUST00140,PROD0100,2026-02-14 17:17:30,36196.45,1
TXN004161,CUST00280,PROD0001,2026-02-18 14:37:19,136.0,1
TXN004162,CUST00648,PROD0039,2026-02-03 08:42:34,951.04,5
TXN004163,CUST00772,PROD0090,2026-02-10 14:30:20,1332.35,5
TXN004164,CUST00029,PROD0055,2026-02-24 11:50:45,307.75,0
TXN004165,CUST00128,PROD0037,2026-02-12 15:10:18,1307.15,10
TXN004166,CUST00702,PROD0031,2026-03-01 10:48:27,91.51,1
TXN004167,CUST00657,PROD0001,2026-02-10 16:32:57,121.02,1
TXN004168,CUST00821,PROD0099,2026-02-25 06:40:22,1321.66,8
TXN004169,CUST00134,PROD0075,2026-03-01 05:20:05,264.18,3
TXN004170,CUST00475,PROD0074,2026-02-03 16:57:33,722.48,10
TXN004171,CUST00035,PROD0022,2026-02-20 01:35:00,-767.03,8
TXN004172,CUST00051,PROD0070,2026-02-19 04:18:24,-150.58,-5
TXN004173,CUST00367,PROD0024,2026-02-25 20:55:32,349276.8,7
TXN004174,CUST00288,PROD0014,2026-02-05 14:07:23,251.18,1
TXN004175,CUST00129,PROD0079,2026-02-08 21:49:01,148315.72,3
TXN004176,CUST00304,PROD0018,2026-02-11 21:44:28,18003.25,7
TXN004177,CUST00189,PROD0094,2026-02-03 18:44:48,10072.99,10
TXN004178,CUST00596,PROD0086,2026-02-02 20:31:03,1855.76,2
TXN004179,CUST00376,PROD0052,2026-02-03 07:57:22,650.25,2
TXN000776,CUST00089,PROD0069,2026-02-06 17:41:27,77523.32,2
TXN004181,CUST00113,PROD0039,2026-02-25 03:07:54,344.62,9
TXN004182,CUST00118,PROD0093,2026-02-07 12:20:42,987.21,2
TXN004183,CUST00286,PROD0028,2026-02-04 14:57:16,28.57,1
TXN004184,CUST00919,PROD0072,2026-02-24 05:17:53,658.63,3
TXN004185,CUST00083,PROD0078,2026-02-09 21:32:07,383.08,8
TXN004186,CUST00002,PROD0031,2026-02-17 18:35:57,382.92,4
TXN004187,CUST00999,PROD0079,2026-02-21 01:33:02,-413.45,2
TXN004188,CUST00193,PROD0025,2026-02-27 12:30:37,122.24,3
TXN004189,CUST00725,PROD0045,2026-03-01 10:36:52,1752.59,1
TXN004190,CUST00113,PROD0014,2026-02-15 19:24:23,1258.1,6
TXN004191,CUST00511,PROD0035,2026-02-18 22:22:45,25020.84,10
TXN004192,CUST00735,PROD0073,2026-02-22 08:58:29,4606.2,2
TXN004193,CUST00008,PROD0081,2026-02-06 17:55:24,2413.51,4
TXN004194,CUST00503,PROD0068,2026-02-26 14:47:27,220.73,3
TXN004195,CUST00855,PROD0015,2026-02-24 23:28:29,1552.43,6
TXN004196,CUST00130,PROD0060,2026-02-16 22:50:01,84.57,3
TXN004197,CUST00189,PROD0039,2026-02-02 11:34:19,359.33,8
TXN004198,CUST00588,PROD0079,2026-03-01 02:53:42,44652.16,1
TXN004199,CUST00319,PROD0055,2026-02-24 20:47:59,579.21,2
TXN004200,CUST00974,PROD0028,2026-02-04 18:56:50,32.86,1
TXN004201,CUST00868,PROD0039,2026-02-24 00:53:15,18.96,6
TXN004202,CUST00036,PROD0017,2026-02-21 11:48:03,145169.63,8
TXN004203,CUST00753,PROD0014,2026-02-11 04:09:29,1753.96,7
TXN004204,CUST00926,PROD0011,2026-02-15 20:28:11,226.17,6
TXN004205,CUST00101,PROD0084,2026-02-04 08:08:52,55.83,1
TXN004206,CUST00662,PROD0017,2026-02-09 20:58:03,102467.06,6
TXN004207,CUST00409,PROD0040,2026-03-01 14:06:34,570.07,6
TXN004208,CUST00226,PROD0054,2026-02-24 23:35:56,3995.93,4
TXN004209,CUST00244,PROD0073,2026-02-25 03:22:09,23549.7,10
TXN004210,CUST00199,PROD0027,2026-02-07 01:13:08,1300.98,7
TXN004211,CUST99008,PROD0011,2026-02-03 22:52:57,222.61,6
TXN004212,CUST00971,PROD0048,2026-02-26 05:06:34,302.66,4
TXN004213,CUST00924,PROD0090,2026-02-07 10:40:23,1855.07,7
TXN004214,CUST00421,PROD0014,2026-02-26 15:07:47,1014.07,4
TXN004215,CUST00992,PROD0049,2026-02-18 19:46:11,103.37,1
TXN004216,CUST00983,PROD0052,2026-02-17 09:14:13,1436.52,4
TXN004217,CUST00638,PROD0081,2026-02-06 05:58:04,3399.55,6
TXN004218,CUST99009,PROD0075,2026-02-23 23:03:26,583.46,7
TXN004219,CUST00746,PROD0064,2026-01-31 22:55:15,40.57,2
TXN004220,CUST00037,PROD0043,2026-02-24 20:59:02,625.93,6
TXN004221,CUST00022,PROD0077,2026-02-18 06:30:43,534.01,3
TXN004222,CUST00756,PROD0022,2026-02-19 06:11:19,371.53,9
TXN004223,CUST00743,PROD0046,2026-02-15 15:50:25,96.75,4
TXN004224,CUST00434,PROD0010,2026-02-24 20:49:18,81.63,4
TXN004225,CUST00972,PROD0005,2026-02-06 16:16:43,342261.08,9
TXN004226,CUST00273,PROD0082,2026-02-11 09:17:29,6604.45,5
TXN004227,CUST00893,PROD0039,2026-02-19 02:44:16,590.56,6
TXN004228,CUST00057,PROD0029,2026-02-23 18:05:17,192.11,9
TXN004229,CUST00136,PROD0077,2026-02-18 10:16:23,780.5,3
TXN004230,CUST00859,PROD0053,2026-02-04 14:28:40,54.41,4
TXN004231,CUST00627,PROD0028,2026-02-21 12:35:25,236.28,8
TXN004232,CUST00780,PROD0082,2026-02-11 06:35:59,13049.11,10
TXN004233,CUST00014,PROD0080,2026-02-13 09:34:40,,6
TXN002438,CUST00097,PROD0034,2026-02-16 04:29:32,551.61,7
TXN004235,CUST00348,PROD0092,2026-02-24 09:14:52,437.65,2
TXN004236,CUST00360,PROD0035,2026-02-11 19:28:21,2447.02,1
TXN004237,CUST00333,PROD0001,2026-02-27 04:41:09,1331.85,10
TXN004238,CUST00210,PROD0007,2026-02-18 19:15:03,218.18,9
TXN004239,CUST00190,PROD0006,2026-02-24 22:59:19,667.68,8
TXN004240,CUST00838,PROD0068,2026-02-23 22:35:10,465.62,7
TXN004241,CUST00613,PROD0085,2026-02-14 15:14:20,8241.02,5
TXN004242,CUST00019,PROD0019,2026-02-27 06:23:21,259.96,1
TXN004243,CUST00265,PROD0075,2026-02-22 14:03:27,440.55,6
TXN004244,CUST00180,PROD0010,2026-02-10 23:16:58,152.08,8
TXN004245,CUST00104,PROD0095,2026-02-06 20:58:49,816.38,9
TXN000662,CUST00611,PROD0048,2026-03-01 11:33:52,634.63,7
TXN004247,CUST00591,PROD0075,2026-02-25 23:52:34,785.54,9
TXN004248,CUST00101,PROD0081,2026-02-08 10:49:56,1754.45,3
TXN004249,CUST00677,PROD0055,2026-02-26 08:55:48,298641.1,4
TXN004250,CUST00047,PROD0085,2026-02-01 20:54:22,18247.65,10
TXN004251,CUST00233,PROD0057,2026-02-14 23:35:32,157.52,1
TXN004252,CUST00026,PROD0034,2026-02-24 09:35:48,381.65,5
TXN004253,CUST00007,PROD0097,2026-01-31 16:29:31,2741.81,6
TXN004254,CUST00165,PROD0015,2026-01-31 20:12:29,2642.18,10
TXN004255,CUST99007,PROD0089,2026-02-22 07:00:49,2524.54,10
TXN004256,CUST00671,PROD0074,2026-02-24 16:19:08,508.66,7
TXN004257,CUST00456,PROD0053,2026-02-06 12:48:28,89.73,7
TXN004258,CUST00723,PROD0052,2026-02-04 16:23:37,957.88,3
TXN004259,CUST00561,PROD0053,2026-02-09 07:17:46,-147.97,3
TXN004260,CUST00586,PROD0009,2026-02-21 02:03:05,676.4,3
TXN004261,CUST00574,PROD0041,2026-02-08 15:36:27,16118.48,10
TXN004262,CUST00757,PROD0033,2026-02-19 22:34:09,1236.69,8
TXN004263,CUST00473,PROD0047,2026-02-15 08:46:12,279.96,5
TXN004264,CUST00177,PROD0014,2026-02-09 10:52:50,1502.2,7
TXN004265,CUST00716,PROD0059,2026-02-25 04:50:48,1372.71,2
TXN000769,CUST00247,PROD0039,2026-02-05 23:17:22,56.33,8
TXN004267,CUST00021,PROD0066,2026-02-06 10:24:44,730.82,9
TXN002483,CUST00205,PROD0017,2026-02-08 12:35:58,97447.65,5
TXN004269,CUST00999,PROD0008,2026-02-21 09:29:20,791.14,4
TXN004270,CUST99006,PROD0070,2026-02-05 04:15:43,168916.74,1
TXN004271,CUST00494,PROD0071,2026-02-25 20:17:27,11569.68,6
TXN004272,CUST00527,PROD0052,2026-02-10 00:13:50,3363.68,9
TXN004273,CUST00171,PROD0029,2026-02-20 08:08:17,158.0,7
TXN004274,CUST00261,PROD0075,2026-02-09 19:17:34,252.56,3
TXN004275,CUST00962,PROD0055,2026-02-05 12:07:38,1969.75,8
TXN004276,CUST00960,PROD0015,2026-02-22 20:14:28,1467.35,6
TXN004277,CUST00366,PROD0033,2026-02-15 04:09:30,184.75,1
TXN004278,CUST00505,PROD0099,2026-02-21 05:58:11,1431.61,10
TXN004279,CUST00826,PROD0007,2026-02-13 06:50:28,95.34,4
TXN004280,CUST00675,PROD9908,2026-02-22 00:40:29,762.85,7
TXN004281,CUST00532,PROD0063,2026-02-27 23:46:58,3695.43,8
TXN004282,CUST00785,PROD0005,2026-02-24 07:34:46,422478.86,10
TXN004283,CUST00297,PROD0059,2026-02-17 03:39:10,6757.45,9
TXN004284,CUST00159,PROD0005,2026-02-01 18:51:39,121346.81,3
TXN004285,CUST00734,PROD0058,2026-02-25 01:05:30,426.17,1
TXN004286,CUST00471,PROD0062,2026-02-22 11:07:02,4660.03,8
TXN004287,CUST00521,PROD0006,2026-02-04 22:31:07,700.63,8
TXN004288,CUST00019,PROD0037,2026-02-05 18:54:08,221058.26,1
TXN004289,CUST00328,PROD0088,2026-03-01 06:39:40,1137.98,4
TXN004290,CUST00108,PROD0032,2026-02-15 23:14:06,1423.55,10
TXN004291,CUST00642,PROD0094,2026-02-12 03:49:39,5556.81,6
TXN004292,CUST00598,PROD0062,2026-02-13 01:39:37,5685.68,9
TXN004293,CUST00896,PROD0081,2026-02-28 13:11:01,4603.35,7
TXN004294,CUST00556,PROD0050,2026-02-11 02:58:36,379407.67,9
TXN004295,CUST00280,PROD0076,2026-02-27 03:34:22,48.67,2
TXN004296,CUST00910,PROD0002,2026-02-06 03:32:47,84.01,8
TXN004297,CUST00657,PROD0024,2026-02-14 22:58:53,928.51,2
TXN004298,CUST00956,PROD0019,2026-02-22 02:55:07,389.87,4
TXN004299,CUST00428,PROD0097,2026-02-18 18:28:08,3657.34,8
TXN004300,CUST00720,PROD0051,2026-01-31 23:21:40,740.37,5
TXN004301,CUST00708,PROD0056,2026-02-04 20:38:32,250213.25,7
TXN004302,CUST00096,PROD0062,2026-02-05 06:24:49,-662.49,-1
TXN004303,CUST00088,PROD0003,2026-02-28 15:54:44,554.59,4
TXN004304,CUST00419,PROD0082,2026-02-21 02:37:34,1204.06,1
TXN004305,CUST00204,PROD0087,2026-02-25 05:30:55,115.45,5
TXN004306,CUST00290,PROD0021,2026-02-15 16:58:31,8677.33,3
TXN004307,CUST00836,PROD0040,2026-03-01 13:59:25,790.53,8
TXN004308,CUST00385,PROD0061,2026-02-16 19:34:55,6435.86,8
TXN004309,CUST00920,PROD0027,2026-01-31 00:34:31,1316.61,8
TXN004310,CUST00085,PROD0052,2026-02-23 10:51:58,2847.06,9
TXN004311,CUST00176,PROD0042,2026-02-05 23:06:38,1532.79,6
TXN004312,CUST00499,PROD0070,2026-02-24 16:16:01,60.49,2
TXN004313,CUST00191,PROD0009,2026-02-12 05:32:48,668.75,3
TXN004314,CUST00677,PROD0027,2026-03-01 06:06:31,945.83,5
TXN004315,CUST00499,PROD0088,2026-02-12 08:33:07,630.17,2
TXN004316,CUST00103,PROD0042,2026-02-27 19:09:00,1174.98,5
TXN004317,CUST00929,PROD0006,2026-02-18 12:34:18,525.87,6
TXN004318,CUST00901,PROD0060,2026-02-18 05:35:28,305.84,10
TXN004319,CUST00747,PROD0042,2026-02-28 04:58:11,1000.41,4
TXN004320,CUST00487,PROD0035,2026-02-01 09:43:49,13277.25,6
TXN002070,CUST00339,PROD0055,2026-02-14 14:09:15,2171.16,8
TXN004322,CUST00083,PROD0070,2026-03-01 12:27:11,237.87,8
TXN004323,CUST00040,PROD0060,2026-02-06 04:10:39,51.49,2
TXN004324,CUST00684,PROD0039,2026-02-21 00:43:45,388.51,2
TXN001214,CUST00288,PROD0010,2026-02-09 08:36:11,173.01,9
TXN004326,CUST00608,PROD0046,2026-02-01 02:05:42,113.84,5
TXN004327,CUST00948,PROD0006,2026-02-18 17:16:25,,8
TXN004328,CUST00235,PROD0090,2026-02-26 15:23:38,1841.8,8
TXN004329,CUST00844,PROD0051,2026-02-23 20:04:48,1066.5,8
TXN004330,CUST00541,PROD0078,2026-02-10 15:23:21,273.5,6
TXN004331,CUST00524,PROD0055,2026-02-07 13:32:40,1894.38,7
TXN004332,CUST00457,PROD0039,2026-02-07 15:12:50,767.06,8
TXN004333,CUST00917,PROD0088,2026-02-15 00:25:02,1895.37,6
TXN004334,CUST00383,PROD0037,2026-02-05 23:14:59,1180.66,8
TXN004335,CUST00437,PROD0061,2026-02-15 01:58:05,4859.15,6
TXN004336,CUST00579,PROD0070,2026-02-28 11:08:28,-674.27,10
TXN004337,CUST00285,PROD0053,2026-02-28 12:43:25,124.53,10
TXN004338,CUST00552,PROD0067,2026-02-23 23:51:14,245.04,2
TXN004339,CUST00954,PROD0022,2026-02-13 20:11:47,266.1,0
TXN004340,CUST00788,PROD0073,2026-03-01 00:09:54,,2
TXN004254,CUST00409,PROD0012,2026-02-15 17:00:32,201.69,7
TXN004342,CUST00401,PROD0019,2026-02-14 22:31:49,765.53,1
TXN004343,CUST00064,PROD0020,2026-02-25 18:07:23,7584.54,6
TXN004344,CUST00075,PROD0060,2026-02-02 12:47:25,209.64,7
TXN004345,CUST00113,PROD0007,2026-02-05 15:56:43,169.12,8
TXN004346,CUST00304,PROD0049,2026-02-21 18:07:31,116.87,1
TXN004347,CUST00210,PROD0041,2026-02-02 21:14:17,11666.21,7
TXN004348,CUST00990,PROD0058,2026-02-18 03:19:06,3646.26,9
TXN004349,CUST00941,PROD0079,2026-02-07 14:43:55,138041.83,3
TXN004350,CUST00962,PROD0053,2026-02-23 11:23:58,13.4,1
TXN004351,CUST00269,PROD0076,2026-02-07 18:22:08,133.23,6
TXN004352,CUST00279,PROD0063,2026-02-28 10:50:39,2422.06,5
TXN004353,CUST00953,PROD0018,2026-02-28 20:48:13,,8
TXN004354,CUST00764,PROD0003,2026-02-02 09:08:04,316533.43,2
TXN004355,CUST00920,PROD0037,2026-02-12 13:20:19,811.58,6
TXN004356,CUST00633,PROD0096,2026-02-09 10:51:17,-36.59,2
TXN004357,CUST00222,PROD0083,2026-02-16 18:53:02,220.06,1
TXN004358,CUST00343,PROD0100,2026-02-05 23:12:35,336693.11,10
TXN004359,CUST00143,PROD0060,2026-02-14 00:02:19,26.4,1
TXN004360,CUST00371,PROD0070,2026-02-24 14:53:46,256.38,9
TXN004361,CUST00346,PROD0027,2026-02-20 16:13:29,475.36,3
TXN004362,CUST00263,PROD0047,2026-01-31 00:15:33,583.98,10
TXN004363,CUST00170,PROD0075,2026-02-14 03:54:02,-244.39,2
TXN004364,CUST00553,PROD0075,2026-02-11 07:52:16,739.43,10
TXN004365,CUST00980,PROD0038,2026-02-08 16:25:23,1417.62,5
TXN004366,CUST00479,PROD0089,2026-02-16 09:19:09,158572.02,8
TXN004367,CUST00452,PROD0036,2026-02-25 05:48:54,3769.38,7
TXN004368,CUST00105,PROD0078,2026-02-12 14:04:44,46.15,1
TXN004369,CUST00638,PROD0023,2026-02-21 01:18:37,1339.54,7
TXN004370,CUST00503,PROD0045,2026-02-23 06:46:29,9983.42,5
TXN004371,CUST00735,PROD0041,2026-02-12 11:32:09,12943.07,7
TXN004372,CUST00931,PROD0009,2026-02-18 21:40:56,296648.45,8
TXN004373,CUST00942,PROD0100,2026-02-08 22:56:41,108885.21,3
TXN004374,CUST00118,PROD0059,2026-02-19 00:20:25,4423.03,6
TXN004375,CUST00826,PROD0070,2026-02-26 17:33:25,266.93,10
TXN004376,CUST00066,PROD0094,2026-02-13 14:53:08,1004.47,1
TXN004377,CUST00365,PROD0022,2026-02-09 08:11:03,261.9,6
TXN004378,CUST00494,PROD0002,2026-02-19 08:15:21,82.3,7
TXN004379,CUST00907,PROD0058,2026-02-27 18:46:00,1503.66,4
TXN004380,CUST00253,PROD0058,2026-02-18 19:53:08,-18.28,3
TXN004381,CUST00979,PROD0011,2026-02-15 04:49:05,184.06,5
TXN004382,CUST00709,PROD0094,2026-02-15 00:41:04,7240.89,8
TXN004383,CUST00303,PROD0025,2026-02-26 17:06:14,121.87,3
TXN004384,CUST00198,PROD0014,2026-02-22 11:41:54,264707.43,6
TXN004385,CUST00699,PROD0017,2026-02-09 18:17:12,36335.58,2
TXN004386,CUST00631,PROD0084,2026-03-01 14:53:08,426.97,8
TXN004387,CUST00284,PROD0039,2026-02-28 05:08:10,138.33,8
TXN004388,CUST00776,PROD0063,2026-02-25 10:11:28,2575.59,5
TXN004389,CUST00040,PROD0063,2026-02-20 20:09:04,448.53,1
TXN004390,CUST00303,PROD0093,2026-02-14 03:01:43,2502.87,5
TXN004391,CUST00831,PROD0031,2026-02-19 06:44:16,808.51,8
TXN004392,CUST00860,PROD0084,2026-02-06 06:10:10,223.45,4
TXN004393,CUST00667,PROD0075,2026-03-01 06:14:33,146.41,2
TXN004394,CUST00704,PROD0094,2026-02-19 04:10:11,2538.26,3
TXN004395,CUST00220,PROD0036,2026-02-25 01:12:14,4316.35,9
TXN004396,CUST00368,PROD0007,2026-02-25 03:20:42,86.71,4
TXN004397,CUST00417,PROD0065,2026-02-17 23:39:58,39854.43,2
TXN004398,CUST00860,PROD0083,2026-02-01 09:18:51,1287.05,6
TXN004399,CUST00323,PROD0020,2026-02-12 06:05:32,12192.9,9
TXN004400,CUST00307,PROD0066,2026-02-04 01:38:05,394.94,5
TXN004401,CUST00006,PROD0087,2026-02-21 21:36:07,109.56,5
TXN004402,CUST00407,PROD0024,2026-01-31 13:30:43,2465.48,5
TXN004403,CUST00206,PROD0034,2026-01-31 11:26:10,279.67,4
TXN004404,CUST00710,PROD0020,2026-02-07 06:54:03,278988.65,5
TXN004405,CUST00172,PROD0071,2026-02-08 06:14:49,10988.43,5
TXN004406,CUST00757,PROD0066,2026-02-11 04:23:43,861.43,10
TXN004407,CUST00772,PROD0084,2026-02-08 05:39:03,212.36,4
TXN004408,CUST00459,PROD0034,2026-02-05 14:33:27,-936.69,8
TXN004409,CUST00858,PROD0071,2026-02-25 12:48:38,4302.24,2
TXN004410,CUST00738,PROD0087,2026-02-15 08:52:01,117.95,5
TXN004411,CUST00736,PROD0078,2026-02-12 20:20:42,87.4,2
TXN004412,CUST00455,PROD0038,2026-02-18 02:10:53,1590.46,6
TXN004413,CUST00666,PROD0072,2026-02-26 01:47:15,1017.61,5
TXN004414,CUST00662,PROD0023,2026-02-21 12:02:53,638.46,3
TXN004415,CUST00979,PROD0023,2026-02-17 07:06:41,1830.1,9
TXN004416,CUST00693,PROD0095,2026-02-11 11:52:43,96.67,1
TXN004417,CUST00154,PROD0068,2026-02-24 07:54:23,710.27,9
TXN004418,CUST00081,PROD0054,2026-02-20 16:44:59,3192.71,3
TXN001312,CUST00044,PROD0019,2026-02-15 04:14:21,387.74,5
TXN004420,CUST00531,PROD0069,2026-02-14 01:45:20,251033.32,7
TXN004421,CUST00516,PROD0006,2026-02-06 01:36:27,156.67,2
TXN004422,CUST00525,PROD0081,2026-02-18 12:46:02,4475.96,7
TXN004423,CUST00540,PROD0030,2026-02-06 04:19:39,852.4,6
TXN004424,CUST00896,PROD0073,2026-02-23 04:24:46,20671.97,9
TXN004425,CUST00449,PROD0037,2026-02-25 23:12:55,558.02,4
TXN004426,CUST00564,PROD0069,2026-02-01 17:01:29,238383.56,7
TXN004427,CUST00335,PROD0056,2026-02-17 07:44:24,147394.43,4
TXN004428,CUST00634,PROD0085,2026-02-04 04:56:11,1586.46,1
TXN004429,CUST00768,PROD0074,2026-02-12 05:57:01,716.82,9
TXN004430,CUST00775,PROD0030,2026-02-23 10:49:28,1639.33,10
TXN004431,CUST00356,PROD0011,2026-02-24 19:08:37,315.96,10
TXN004432,CUST00763,PROD0061,2026-02-01 08:45:00,5182.94,6
TXN004433,CUST00948,PROD0029,2026-02-10 04:34:08,160.09,7
TXN004434,CUST00444,PROD0012,2026-02-22 17:00:44,-29.97,-1
TXN004435,CUST00525,PROD0026,2026-02-07 12:04:19,78.63,1
TXN004436,CUST00924,PROD0086,2026-02-06 10:34:06,,2
TXN004437,CUST00296,PROD0020,2026-02-04 18:11:10,2487.96,2
TXN004438,CUST00731,PROD0075,2026-02-23 20:41:09,85.93,1
TXN004439,CUST00493,PROD0019,2026-02-06 04:41:57,523.64,8
TXN004440,CUST00912,PROD0035,2026-02-26 00:32:34,11620.21,5
TXN004441,CUST00308,PROD0064,2026-02-13 10:35:16,139.28,8
TXN004442,CUST00057,PROD0048,2026-02-15 02:38:55,408.62,5
TXN004443,CUST00951,PROD0040,2026-02-01 02:01:42,301.89,3
TXN004444,CUST00209,PROD0049,2026-02-05 05:27:53,535.81,5
TXN004445,CUST00854,PROD0070,2026-02-10 13:05:44,190.95,7
TXN004446,CUST00890,PROD9902,2026-02-05 18:31:23,102.55,9
TXN004447,CUST00049,PROD0068,2026-02-06 04:22:58,201.14,3
TXN004448,CUST00607,PROD0016,2026-02-19 04:57:50,,9
TXN004449,CUST00427,PROD0047,2026-02-21 13:36:01,55.02,1
TXN004450,CUST00487,PROD0002,2026-01-31 08:08:51,60.53,5
TXN004451,CUST00842,PROD0017,2026-02-17 07:10:10,160123.3,9
TXN004452,CUST00668,PROD0023,2026-02-08 02:03:13,,8
TXN004453,CUST00326,PROD0026,2026-02-19 00:27:11,167.33,2
TXN004454,CUST00962,PROD0068,2026-02-23 05:32:25,344.58,5
TXN004455,CUST00731,PROD0015,2026-02-07 20:45:32,1294.41,5
TXN004456,CUST00303,PROD0026,2026-02-22 01:17:52,704.93,
TXN004457,CUST00122,PROD0066,2026-02-18 07:21:00,645.09,7
TXN004458,CUST00768,PROD0077,2026-02-21 19:04:36,203.87,5
TXN004459,CUST00855,PROD0027,2026-02-07 16:24:47,1022.13,6
TXN004460,CUST00913,PROD0082,2026-02-12 00:23:12,6465.77,5
TXN004461,CUST00461,PROD0009,2026-02-23 05:49:47,1329.96,6
TXN004462,CUST00446,PROD0022,2026-02-28 03:46:16,312.66,8
TXN001471,CUST00808,PROD0088,2026-02-09 13:40:03,297.78,1
TXN004464,CUST00825,PROD0078,2026-02-06 18:27:12,254.2,6
TXN004465,CUST00949,PROD0014,2026-02-14 10:08:52,2266.56,9
TXN004466,CUST00920,PROD0086,2026-02-28 01:08:20,7272.27,8
TXN004467,CUST00655,PROD0019,2026-02-12 15:47:17,982.87,0
TXN004468,CUST00140,PROD0045,2026-02-27 20:35:59,5362.42,3
TXN004469,CUST00546,PROD0039,2026-02-27 12:46:14,653.47,5
TXN004470,CUST00637,PROD0096,2026-02-02 06:39:42,,3
TXN004471,CUST00999,PROD0095,2026-02-09 14:00:50,587.77,6
TXN003517,CUST00279,PROD0047,2026-02-01 18:35:58,155.51,3
TXN004473,CUST00929,PROD0015,2026-02-21 20:59:00,-455.04,1
TXN004474,CUST00119,PROD0002,2026-02-14 11:23:36,85.0,7
TXN004475,CUST00754,PROD0030,2026-02-28 10:13:19,1131.49,8
TXN004476,CUST00568,PROD0082,2026-02-12 17:06:59,5079.67,4
TXN004477,CUST00878,PROD0063,2026-02-22 04:58:31,3106.43,7
TXN004478,CUST00837,PROD0098,2026-01-31 20:45:58,1906.77,9
TXN004479,CUST00783,PROD0017,2026-02-14 01:19:39,51068.02,3
TXN004480,CUST00332,PROD0034,2026-02-18 17:59:03,290.05,4
TXN004481,CUST00748,PROD0042,2026-02-06 21:50:05,2060.52,9
TXN004482,CUST00926,PROD0076,2026-02-11 08:42:17,50.65,2
TXN004483,CUST00740,PROD0019,2026-02-20 01:26:09,224.44,5
TXN004484,CUST00695,PROD0008,2026-02-24 10:20:22,1370.53,7
TXN004485,CUST00663,PROD0059,2026-02-08 03:35:03,3587.55,5
TXN004486,CUST00634,PROD0054,2026-02-18 04:34:40,1889.41,2
TXN004487,CUST00786,PROD0036,2026-02-19 21:28:17,3148.39,6
TXN004488,CUST00500,PROD0025,2026-02-22 15:53:44,307.73,7
TXN004489,CUST00186,PROD0051,2026-02-22 01:31:03,136.27,1
TXN003057,CUST00907,PROD0051,2026-02-23 04:15:04,1114.28,7
TXN004491,CUST00299,PROD0051,2026-02-17 15:14:20,277.86,2
TXN004492,CUST00607,PROD0036,2026-02-05 00:39:13,5106.91,10
TXN004493,CUST00487,PROD0077,2026-01-31 06:23:14,114.14,6
TXN004494,CUST00823,PROD0053,2026-02-15 02:33:34,35.96,3
TXN004495,CUST00095,PROD0057,2026-02-22 05:50:09,1359.88,8
TXN004496,CUST00306,PROD0062,2026-02-06 05:01:49,2419.1,4
TXN004497,CUST00971,PROD0013,2026-02-07 13:08:29,227.03,5
TXN004498,CUST00040,PROD0076,2026-02-13 05:13:45,221.68,9
TXN004499,CUST00374,PROD0029,2026-02-10 05:04:06,187.2,8
TXN004500,CUST00882,PROD0062,2026-02-15 07:21:47,650.06,1
TXN004501,CUST00308,PROD0053,2026-02-13 10:51:00,65.13,5
TXN004502,CUST00168,PROD0083,2026-02-17 20:06:24,672.44,3
TXN004503,CUST00909,PROD0073,2026-02-17 17:56:24,17492.15,7
TXN004504,CUST00236,PROD0017,2026-02-14 07:25:00,-990.95,0
TXN004505,CUST00237,PROD0074,2026-02-28 03:04:29,205.51,3
TXN004506,CUST00612,PROD9907,2026-02-14 20:58:37,521.32,9
TXN004507,CUST00425,PROD0006,2026-02-01 05:35:41,187.74,
TXN004508,CUST00444,PROD0090,2026-02-16 10:05:30,1661.95,6
TXN004509,CUST00510,PROD0039,2026-01-31 06:34:51,985.75,4
TXN004510,CUST00026,PROD0092,2026-02-26 05:49:25,413.55,2
TXN004511,CUST00903,PROD0057,2026-02-23 10:36:35,166.6,1
TXN002314,CUST00159,PROD0080,2026-02-25 13:17:54,1516.89,6
TXN004513,CUST00924,PROD0065,2026-02-10 02:44:27,17701.43,1
TXN004514,CUST00082,PROD0073,2026-02-14 15:25:24,2122.32,1
TXN004515,CUST00441,PROD0017,2026-02-23 16:10:08,166078.35,6
TXN004516,CUST00412,PROD0081,2026-02-26 04:47:56,1876.62,3
TXN001570,CUST00906,PROD0052,2026-02-19 08:22:10,1999.49,6
TXN004518,CUST00432,PROD0078,2026-02-19 00:53:38,137.15,3
TXN004519,CUST00503,PROD0094,2026-02-08 23:12:45,4577.37,5
TXN004520,CUST00523,PROD0047,2026-02-13 18:39:18,489.03,10
TXN004521,CUST00561,PROD0073,2026-02-25 07:50:53,2342.79,1
TXN004522,CUST00433,PROD0070,2026-02-10 01:56:24,284.32,9
TXN004523,CUST00660,PROD0062,2026-02-10 01:21:12,5747.48,9
TXN004524,CUST00350,PROD0098,2026-02-21 05:53:36,192.66,1
TXN004525,CUST00238,PROD0001,2026-02-02 00:16:57,545.96,4
TXN004526,CUST00963,PROD0040,2026-02-09 09:07:50,-551.49,-5
TXN004527,CUST00993,PROD0088,2026-02-12 12:23:34,1258.11,4
TXN004528,CUST00880,PROD0012,2026-02-27 09:28:41,212.26,8
TXN004529,CUST00644,PROD0043,2026-02-01 13:04:29,191.28,2
TXN004530,CUST00158,PROD0061,2026-02-04 22:44:25,7138.72,8
TXN004531,CUST00788,PROD0050,2026-02-13 08:07:54,2450.55,8
TXN004532,CUST00270,PROD0100,2026-02-24 12:12:45,75620.8,2
TXN004533,CUST00657,PROD0017,2026-02-25 19:32:12,53080.62,3
TXN004534,CUST00330,PROD0006,2026-02-23 20:32:26,594.61,8
TXN004535,CUST00791,PROD0016,2026-02-25 18:23:52,512.32,8
TXN004536,CUST00512,PROD0031,2026-02-26 12:57:55,330.24,3
TXN004537,CUST00452,PROD0100,2026-02-01 11:46:25,76511.13,2
TXN004538,CUST00916,PROD0041,2026-02-04 05:56:07,17052.46,10
TXN004539,CUST00401,PROD0071,2026-02-08 10:39:28,9035.1,4
TXN004540,CUST00550,PROD0067,2026-02-27 00:17:10,1108.9,9
TXN004541,CUST00706,PROD0038,2026-02-18 01:51:32,1351.66,5
TXN004542,CUST00967,PROD0089,2026-02-02 01:24:36,993.7,4
TXN004543,CUST00592,PROD0082,2026-02-03 17:55:56,5805.81,5
TXN004544,CUST00036,PROD0047,2026-02-10 09:03:22,164.64,3
TXN000780,CUST00509,PROD0025,2026-02-28 17:57:32,274.92,6
TXN004546,CUST00817,PROD0058,2026-02-28 11:09:36,1144.91,3
TXN004547,CUST00713,PROD0081,2026-02-26 07:09:23,2555.85,4
TXN004548,CUST00661,PROD0089,2026-03-01 09:48:05,1834.29,8
TXN004549,CUST00861,PROD0042,2026-02-20 20:17:19,-322.74,9
TXN001619,CUST00547,PROD0001,2026-02-14 03:15:56,1168.25,10
TXN004551,CUST00963,PROD0039,2026-02-09 12:00:28,250.9,8
TXN004552,CUST00306,PROD9904,2026-01-31 00:06:10,710.63,9
TXN004553,CUST00922,PROD0040,2026-02-23 12:04:17,98.62,1
TXN004554,CUST00446,PROD0055,2026-02-16 14:28:22,1994.51,7
TXN004555,CUST00248,PROD0020,2026-02-28 18:18:33,7978.47,7
TXN004556,CUST00611,PROD9908,2026-02-14 01:04:48,963.59,2
TXN004557,CUST00184,PROD0030,2026-02-01 19:08:17,1202.51,8
TXN004558,CUST00078,PROD0004,2026-02-13 16:46:11,10096.3,5
TXN004559,CUST00313,PROD0086,2026-02-15 21:52:31,2903.08,3
TXN004560,CUST00619,PROD0012,2026-02-22 07:08:19,201.27,7
TXN004561,CUST00406,PROD0020,2026-01-31 14:16:59,7246.04,6
TXN004562,CUST00929,PROD0055,2026-02-06 18:06:12,1125.98,4
TXN004563,CUST00954,PROD0041,2026-02-02 12:10:05,-267.37,5
TXN004564,CUST00710,PROD0041,2026-02-17 04:27:04,1576.05,1
TXN004565,CUST00313,PROD0051,2026-02-01 12:44:00,927.82,6
TXN004566,CUST00542,PROD0037,2026-02-14 12:24:50,583.52,4
TXN004567,CUST00181,PROD0022,2026-02-14 16:19:50,127.53,3
TXN004568,CUST00109,PROD0095,2026-02-13 04:27:06,927.61,10
TXN004569,CUST00294,PROD0065,2026-02-27 18:19:44,143576.33,7
TXN004570,CUST00741,PROD9900,2026-02-12 13:30:53,398.83,3
TXN004571,CUST00031,PROD0021,2026-02-21 14:04:24,20019.29,7
TXN004572,CUST00430,PROD0009,2026-01-31 05:01:21,1428.15,6
TXN004573,CUST00307,PROD0062,2026-03-01 03:26:37,1707.33,3
TXN004574,CUST00504,PROD0052,2026-02-18 07:43:35,2703.4,8
TXN004575,CUST00302,PROD0047,2026-02-09 02:10:37,287.29,5
TXN004576,CUST00860,PROD0047,2026-02-25 09:52:54,57.21,1
TXN004577,CUST00751,PROD0049,2026-02-05 13:00:23,110.89,1
TXN004578,CUST00669,PROD0044,2026-02-13 20:32:15,7848.22,6
TXN004579,CUST00413,PROD0006,2026-02-24 17:38:42,233.92,3
TXN004580,CUST00359,PROD0085,2026-02-11 21:54:06,14729.38,8
TXN004581,CUST00348,PROD0090,2026-02-23 12:51:05,476.3,2
TXN004582,CUST00869,PROD0037,2026-02-11 06:18:29,500.56,4
TXN004583,CUST00525,PROD0044,2026-02-04 12:27:46,2751.9,2
TXN004584,CUST00419,PROD0077,2026-02-17 09:42:03,37.19,9
TXN004585,CUST00483,PROD0021,2026-02-08 19:24:54,12287.64,5
TXN004586,CUST00030,PROD0077,2026-02-14 23:45:44,591.54,8
TXN004587,CUST00890,PROD0051,2026-02-03 11:50:50,298.39,2
TXN004588,CUST00710,PROD0035,2026-02-23 17:27:35,10540.62,5
TXN004589,CUST00109,PROD0048,2026-02-15 18:22:22,640.27,8
TXN004590,CUST00962,PROD0061,2026-02-09 04:33:05,5624.33,7
TXN004591,CUST00166,PROD0052,2026-02-23 19:57:05,3254.11,10
TXN004592,CUST00403,PROD0088,2026-02-07 12:23:37,1587.58,5
TXN004593,CUST00494,PROD0030,2026-02-21 01:37:27,1649.36,10
TXN004594,CUST00823,PROD0054,2026-02-23 09:52:17,-898.7,1
TXN004595,CUST00985,PROD0062,2026-02-24 14:50:32,2289.55,4
TXN004596,CUST00205,PROD0053,2026-02-04 16:11:19,121.58,10
TXN004597,CUST00570,PROD0058,2026-02-24 13:29:07,3033.31,7
TXN004598,CUST00075,PROD0070,2026-02-23 21:49:37,156.51,5
TXN004599,CUST00500,PROD0045,2026-02-28 00:27:40,13112.29,7
TXN004600,CUST00336,PROD0089,2026-02-09 16:56:25,1593.76,6
TXN004601,CUST00019,PROD0045,2026-02-06 21:39:57,14800.96,8
TXN004602,CUST00675,PROD0027,2026-01-31 09:09:00,1446.63,9
TXN004603,CUST00695,PROD0068,2026-02-14 20:50:01,641.64,9
TXN004604,CUST00496,PROD0031,2026-02-28 08:24:44,391.64,4
TXN004605,CUST99001,PROD0054,2026-02-18 17:52:43,3916.2,4
TXN004606,CUST00881,PROD0070,2026-02-17 02:43:01,113.22,4
TXN004607,CUST00851,PROD0074,2026-02-21 15:35:12,670.2,9
TXN004608,CUST00572,PROD0090,2026-02-15 09:00:47,1206.52,5
TXN004609,CUST00843,PROD0055,2026-02-02 12:05:53,2058.97,7
TXN004610,CUST00636,PROD0015,2026-01-31 21:54:37,1695.82,7
TXN004611,CUST00825,PROD0001,2026-02-12 14:09:24,118.4,1
TXN004612,CUST00537,PROD0087,2026-02-28 19:01:17,198.87,9
TXN004613,CUST00616,PROD0002,2026-02-21 04:49:02,98.03,9
TXN004614,CUST00784,PROD0051,2026-02-18 13:31:59,785.27,5
TXN004615,CUST00984,PROD0040,2026-02-26 01:06:43,972.78,10
TXN004616,CUST00708,PROD0033,2026-02-04 08:01:45,1279.86,7
TXN004617,CUST00132,PROD0076,2026-02-14 12:44:43,232.7,9
TXN004618,CUST00902,PROD0076,2026-02-26 09:14:11,47.78,2
TXN004619,CUST00079,PROD0008,2026-02-13 20:02:35,144391.86,8
TXN004620,CUST00315,PROD0026,2026-02-25 08:09:57,508.27,6
TXN004621,CUST00192,PROD0004,2026-02-14 23:11:50,-738.22,10
TXN004622,CUST00072,PROD0019,2026-01-31 02:41:14,389.08,3
TXN004623,CUST00487,PROD0064,2026-02-28 04:09:46,106.55,1
TXN004624,CUST99003,PROD0003,2026-02-05 18:05:19,275.81,2
TXN004625,CUST00801,PROD0032,2026-02-27 21:04:45,1430.88,10
TXN004626,CUST00006,PROD0067,2026-02-14 05:33:28,276.29,2
TXN004627,CUST00520,PROD0052,2026-02-13 00:47:37,620.46,0
TXN004628,CUST00343,PROD0005,2026-02-10 14:33:50,249180.52,6
TXN004629,CUST00537,PROD0040,2026-02-27 07:07:55,501.79,5
TXN004630,CUST00368,PROD0022,2026-02-08 07:13:16,124.21,3
TXN004631,CUST00066,PROD9908,2026-02-10 04:40:52,667.76,2
TXN004632,CUST00083,PROD0081,2026-02-04 23:38:27,4210.21,7
TXN004633,CUST00257,PROD0064,2026-02-14 10:15:32,440.53,9
TXN004634,CUST00282,PROD0011,2026-02-04 22:07:00,76.47,2
TXN004635,CUST00492,PROD0037,2026-02-16 18:49:12,1303.4,9
TXN004636,CUST00348,PROD0037,2026-02-10 03:45:39,347.78,
TXN004637,CUST00852,PROD0024,2026-02-22 23:01:24,3562.19,7
TXN004638,CUST00801,PROD0038,2026-02-24 10:10:17,2070.27,8
TXN004639,CUST00304,PROD0063,2026-01-31 06:44:37,4330.35,9
TXN004640,CUST00744,PROD0027,2026-02-19 21:38:59,974.08,6
TXN004641,CUST00733,PROD0096,2026-02-10 11:58:17,134.37,4
TXN004642,CUST00509,PROD0025,2026-02-08 15:51:52,146.77,3
TXN004643,CUST00515,PROD0087,2026-02-21 04:29:54,153.0,7
TXN004644,CUST00224,PROD0021,2026-02-13 08:01:55,13333.29,5
TXN004645,CUST00953,PROD0001,2026-02-16 12:33:38,648.87,5
TXN004646,CUST00890,PROD0071,2026-03-01 02:06:41,17505.92,9
TXN004647,CUST00018,PROD0005,2026-02-07 00:51:22,253031.59,6
TXN004648,CUST00418,PROD0010,2026-02-12 13:04:37,85.14,4
TXN004649,CUST00442,PROD0008,2026-02-07 13:37:21,229.35,1
TXN004650,CUST00304,PROD0063,2026-02-22 11:02:15,4267.12,9
TXN004651,CUST00187,PROD0068,2026-02-19 11:26:54,286.33,4
TXN004652,CUST00978,PROD0024,2026-02-22 10:09:55,921.71,2
TXN004653,CUST00572,PROD0069,2026-02-11 02:15:01,206424.93,6
TXN003942,CUST00471,PROD0081,2026-02-11 13:42:03,4013.14,7
TXN004655,CUST00759,PROD0058,2026-02-17 16:33:21,1757.96,4
TXN004656,CUST00160,PROD0034,2026-02-17 06:55:54,102759.47,4
TXN004657,CUST00832,PROD0031,2026-02-20 20:11:23,103.32,1
TXN004658,CUST00608,PROD0097,2026-03-01 03:05:08,1319.36,3
TXN004659,CUST00300,PROD0050,2026-02-18 13:52:26,376109.32,8
TXN004660,CUST00721,PROD0033,2026-02-22 11:15:55,794.67,5
TXN004661,CUST00470,PROD0052,2026-02-17 01:03:39,,10
TXN004662,CUST00662,PROD0014,2026-02-10 07:23:35,497.47,2
TXN004663,CUST00059,PROD0066,2026-02-10 12:21:27,-437.05,-5
TXN004664,CUST00387,PROD0073,2026-02-03 14:29:23,4263.88,2
TXN004665,CUST00137,PROD0004,2026-02-01 09:01:40,1975.34,1
TXN004666,CUST00152,PROD0059,2026-02-25 05:02:37,-75.84,5
TXN004667,CUST00369,PROD0094,2026-02-13 15:13:18,3388.77,4
TXN004668,CUST00505,PROD0028,2026-02-17 23:04:32,167.55,5
TXN004669,CUST00891,PROD0021,2026-02-19 17:20:55,16551.95,6
TXN004670,CUST00993,PROD0054,2026-01-31 01:18:15,3454.22,3
TXN004671,CUST00415,PROD0055,2026-02-02 08:41:07,1406.0,5
TXN004672,CUST00888,PROD0075,2026-02-23 07:49:31,-673.6,8
TXN004673,CUST99006,PROD0044,2026-02-13 09:21:17,7967.65,6
TXN004674,CUST00245,PROD0033,2026-02-14 13:46:32,1672.7,10
TXN004675,CUST00364,PROD0068,2026-02-22 08:19:01,453.03,6
TXN004676,CUST00907,PROD0044,2026-03-01 07:40:12,5146.78,4
TXN004677,CUST00276,PROD0097,2026-02-11 16:02:40,2060.42,5
TXN004678,CUST00022,PROD0053,2026-02-02 13:58:59,119.68,10
TXN004679,CUST00987,PROD0093,2026-02-11 01:16:22,2540.46,5
TXN004680,CUST00642,PROD0028,2026-02-27 22:09:43,34.25,1
TXN004681,CUST00483,PROD0094,2026-01-31 17:01:56,7553.25,8
TXN004682,CUST00880,PROD0052,2026-02-12 14:58:00,2424.63,7
TXN004683,CUST00843,PROD0012,2026-02-16 10:02:38,105.24,4
TXN004684,CUST00765,PROD0035,2026-02-28 11:19:12,9353.79,4
TXN004685,CUST00252,PROD0037,2026-02-22 18:20:52,1082.12,8
TXN004686,CUST00790,PROD0048,2026-02-13 09:36:26,78.09,1
TXN004687,CUST00738,PROD0049,2026-02-08 17:57:55,208.06,2
TXN004688,CUST00354,PROD0070,2026-02-27 22:59:57,189.82,7
TXN004689,CUST00314,PROD0064,2026-02-14 22:00:52,62.82,2
TXN004690,CUST00403,PROD0080,2026-02-26 06:59:20,2069.13,8
TXN004691,CUST00144,PROD0063,2026-02-19 23:13:05,276716.58,10
TXN004692,CUST00916,PROD0026,2026-02-21 06:54:19,903.66,10
TXN004693,CUST00026,PROD0023,2026-03-01 02:51:08,1412.0,7
TXN004694,CUST00597,PROD0098,2026-02-14 17:30:18,388.32,2
TXN004695,CUST00753,PROD0063,2026-02-21 20:09:04,5148.99,10
TXN004696,CUST00695,PROD0086,2026-02-27 06:27:30,1729.64,2
TXN004697,CUST00644,PROD0073,2026-02-10 20:04:40,8680.66,4
TXN004698,CUST00314,PROD0045,2026-03-01 18:29:15,-77.68,4
TXN004699,CUST00295,PROD0022,2026-01-31 18:34:23,339.2,8
TXN004700,CUST00314,PROD0050,2026-02-01 06:51:42,1618.19,5
TXN004701,CUST00086,PROD9905,2026-02-25 05:46:04,589.04,9
TXN004702,CUST00168,PROD0094,2026-02-12 16:26:24,7956.8,9
TXN004703,CUST00673,PROD0091,2026-02-24 05:20:46,-920.03,5
TXN004704,CUST00089,PROD0084,2026-02-23 05:17:30,391.3,8
TXN004705,CUST00450,PROD0036,2026-02-07 10:43:17,3259.23,6
TXN004706,CUST00657,PROD0009,2026-02-16 10:44:16,1671.56,8
TXN004707,CUST00076,PROD0046,2026-02-19 20:43:59,168.51,8
TXN004708,CUST00055,PROD0062,2026-02-02 02:19:30,1899.8,3
TXN004709,CUST00708,PROD0043,2026-02-23 03:36:25,595.57,6
TXN004710,CUST00016,PROD0035,2026-02-02 00:01:33,8415.72,4
TXN004711,CUST00164,PROD9907,2026-02-05 19:25:44,619.41,10
TXN004712,CUST00437,PROD0074,2026-02-07 02:14:06,,8
TXN004713,CUST00471,PROD0010,2026-02-19 14:58:16,38.62,2
TXN004714,CUST00348,PROD0056,2026-02-16 15:51:53,204724.32,6
TXN004715,CUST00954,PROD0019,2026-02-09 16:23:29,948.43,1
TXN004716,CUST00683,PROD0003,2026-02-17 16:50:37,238.57,2
TXN004717,CUST00868,PROD0069,2026-02-14 06:17:32,320879.86,9
TXN004718,CUST00464,PROD0085,2026-02-26 22:24:36,1789.27,1
TXN004719,CUST00988,PROD0050,2026-02-12 06:39:41,1945.31,7
TXN004720,CUST00650,PROD0046,2026-02-15 00:02:06,103.5,5
TXN004721,CUST00064,PROD0067,2026-02-05 14:51:59,568.79,4
TXN004722,CUST00845,PROD0001,2026-02-11 12:55:44,844.16,7
TXN004723,CUST00803,PROD0046,2026-02-23 14:27:10,21.55,1
TXN004724,CUST00450,PROD0006,2026-02-16 12:29:23,832.18,10
TXN004725,CUST99007,PROD0031,2026-02-14 08:23:50,100.96,1
TXN003374,CUST00143,PROD0067,2026-02-26 14:59:56,1338.17,10
TXN004727,CUST00784,PROD0075,2026-01-31 02:27:58,342.9,4
TXN000779,CUST00459,PROD0022,2026-02-07 23:33:59,125.6,3
TXN004729,CUST00786,PROD0057,2026-02-14 01:55:04,434.21,3
TXN004730,CUST00046,PROD0017,2026-02-10 18:13:51,18689.22,1
TXN004731,CUST00037,PROD0094,2026-02-19 21:46:16,859.96,1
TXN004732,CUST00967,PROD0031,2026-02-05 08:12:01,203.3,2
TXN004733,CUST00339,PROD0040,2026-02-18 00:50:55,322.89,3
TXN004734,CUST00407,PROD0071,2026-02-26 19:31:17,10465.77,5
TXN004735,CUST00810,PROD0033,2026-02-24 10:00:19,1460.31,8
TXN004736,CUST00143,PROD0070,2026-02-12 09:58:03,189.45,7
TXN004737,CUST00444,PROD0013,2026-02-24 20:17:45,87.2,2
TXN004738,CUST00758,PROD0075,2026-02-03 12:39:41,237.5,3
TXN004739,CUST00020,PROD0049,2026-02-23 02:50:19,102.6,1
TXN004740,CUST00925,PROD0001,2026-02-08 11:51:27,961.53,7
TXN004741,CUST00504,PROD0036,2026-02-04 14:58:50,4284.01,8
TXN004742,CUST00937,PROD0035,2026-02-17 04:01:13,11832.31,5
TXN004743,CUST00489,PROD0090,2026-02-25 20:04:16,-343.89,2
TXN004744,CUST00842,PROD0017,2026-02-03 18:00:31,162121.01,9
TXN004745,CUST00226,PROD0019,2026-02-20 15:03:26,136.92,5
TXN004746,CUST00818,PROD0013,2026-02-16 23:56:18,45.79,1
TXN004747,CUST00270,PROD0029,2026-02-09 08:50:53,131.1,6
TXN004748,CUST00513,PROD0012,2026-02-25 23:58:02,109.22,4
TXN004749,CUST00635,PROD0060,2026-02-19 12:29:22,195.45,7
TXN004750,CUST00589,PROD0029,2026-02-20 22:32:06,243.52,10
TXN004751,CUST00309,PROD0021,2026-02-26 13:44:16,10410.39,4
TXN004752,CUST00137,PROD0052,2026-02-26 00:01:18,1476.03,4
TXN004753,CUST00783,PROD0072,2026-02-23 13:23:04,1452.66,7
TXN004754,CUST00423,PROD0080,2026-02-15 18:48:02,1957.76,8
TXN001331,CUST00037,PROD0076,2026-02-19 01:42:59,136.32,6
TXN004756,CUST00039,PROD0090,2026-02-10 09:11:46,256.46,1
TXN003543,CUST00103,PROD0097,2026-02-07 03:23:21,2764.19,6
TXN004758,CUST00275,PROD0089,2026-02-15 03:27:25,143670.8,4
TXN004759,CUST00562,PROD0032,2026-02-25 22:22:12,1030.47,7
TXN004760,CUST00482,PROD0010,2026-02-09 13:21:04,189.35,9
TXN004761,CUST00419,PROD0023,2026-02-17 03:07:31,207.78,1
TXN004762,CUST00043,PROD0047,2026-02-19 20:37:38,398.66,8
TXN004763,CUST00828,PROD0093,2026-02-01 05:19:12,3571.87,7
TXN004764,CUST00199,PROD0023,2026-02-27 10:14:37,,5
TXN004765,CUST00970,PROD0094,2026-02-26 22:08:00,7991.43,9
TXN004766,CUST00205,PROD0008,2026-03-01 15:18:33,802.81,4
TXN004767,CUST00439,PROD0036,2026-02-27 14:22:07,486.17,1
TXN004768,CUST00268,PROD0031,2026-02-13 13:35:47,774.64,7
TXN004769,CUST00625,PROD9905,2026-03-01 15:51:13,569.97,10
TXN004770,CUST00322,PROD0032,2026-02-17 13:25:28,564.46,4
TXN004771,CUST00210,PROD0059,2026-02-19 09:31:01,1486.7,2
TXN004772,CUST00761,PROD0080,2026-02-22 18:16:10,717.73,3
TXN004773,CUST00124,PROD0054,2026-02-18 23:39:48,1082.76,1
TXN004774,CUST00937,PROD9904,2026-02-12 02:13:15,848.19,9
TXN004775,CUST00764,PROD0017,2026-02-22 10:49:02,160625.66,9
TXN004776,CUST00836,PROD0080,2026-02-17 00:25:44,1703.88,7
TXN004777,CUST00303,PROD0090,2026-02-06 16:43:42,1488.52,6
TXN004778,CUST00881,PROD0016,2026-02-09 20:53:59,581.57,9
TXN004779,CUST00899,PROD0067,2026-02-26 20:11:38,660.64,5
TXN004780,CUST00508,PROD0094,2026-02-06 11:38:05,1720.95,2
TXN004781,CUST00318,PROD0061,2026-02-24 18:06:07,418939.68,5
TXN004782,CUST99002,PROD0012,2026-02-08 18:50:24,78.15,3
TXN004783,CUST00269,PROD0022,2026-02-15 03:40:51,44.95,1
TXN004784,CUST00888,PROD0073,2026-02-18 03:10:06,19280.65,8
TXN004785,CUST00384,PROD0097,2026-02-06 23:14:25,3579.03,9
TXN004786,CUST00198,PROD0098,2026-02-26 20:44:10,1422.01,7
TXN004787,CUST00225,PROD0048,2026-02-13 03:49:15,906.77,10
TXN004788,CUST00813,PROD0088,2026-02-16 20:11:44,947.48,3
TXN004789,CUST00784,PROD0009,2026-02-04 18:42:39,1990.17,9
TXN004790,CUST00627,PROD0005,2026-02-24 11:40:37,220969.23,5
TXN004791,CUST00862,PROD0038,2026-02-06 16:46:57,807.37,3
TXN004792,CUST00706,PROD0073,2026-02-17 14:15:15,9246.41,4
TXN004793,CUST00004,PROD0057,2026-02-27 19:55:47,916.24,6
TXN004794,CUST00665,PROD0051,2026-02-02 13:08:04,966.83,7
TXN004795,CUST00509,PROD0063,2026-02-28 07:41:01,3297.11,7
TXN004796,CUST00642,PROD0015,2026-02-08 14:21:59,238.71,1
TXN004797,CUST00490,PROD0024,2026-02-13 16:40:30,1071.44,2
TXN004798,CUST00302,PROD0098,2026-02-18 17:50:35,1702.62,9
TXN004799,CUST00276,PROD0089,2026-02-11 14:16:21,364393.35,
TXN004800,CUST00485,PROD0010,2026-02-09 05:43:20,94.62,5
TXN004801,CUST00187,PROD0034,2026-02-09 00:50:08,593.87,9
TXN004802,CUST00235,PROD0066,2026-02-09 07:38:22,163.08,2
TXN004803,CUST00361,PROD0019,2026-02-01 06:16:20,428.4,1
TXN004804,CUST00804,PROD0095,2026-02-02 06:31:54,674.94,7
TXN004805,CUST00781,PROD9900,2026-01-31 10:45:56,97.23,7
TXN004806,CUST00283,PROD0090,2026-02-06 03:42:18,-797.86,1
TXN004807,CUST00195,PROD0038,2026-02-16 03:22:57,728.26,3
TXN004808,CUST00301,PROD0014,2026-02-25 13:46:35,1565.89,7
TXN004809,CUST00550,PROD0093,2026-02-09 19:26:50,2820.9,6
TXN004810,CUST00333,PROD0066,2026-02-09 08:28:03,337.56,4
TXN004811,CUST00579,PROD0081,2026-02-22 19:47:16,6032.0,10
TXN004812,CUST00228,PROD0065,2026-02-21 08:38:41,57314.11,3
TXN004813,CUST00804,PROD0050,2026-02-03 10:58:43,-924.94,3
TXN004814,CUST00069,PROD0010,2026-02-04 17:45:38,72.33,4
TXN004815,CUST99004,PROD0033,2026-02-21 10:54:56,470.35,3
TXN004816,CUST00577,PROD0043,2026-02-27 02:00:36,312.38,3
TXN004817,CUST00350,PROD0039,2026-02-04 13:11:43,316864.97,1
TXN004818,CUST00807,PROD0031,2026-02-15 14:10:10,638.68,6
TXN004819,CUST00081,PROD0036,2026-02-11 07:22:18,997.25,2
TXN004820,CUST00947,PROD0010,2026-02-11 21:38:46,143.97,8
TXN001346,CUST00327,PROD0025,2026-02-04 14:42:20,454.95,10
TXN004822,CUST00684,PROD0038,2026-02-11 08:02:42,1417.9,5
TXN004823,CUST00792,PROD0067,2026-02-12 02:06:33,414.63,3
TXN004824,CUST00782,PROD0042,2026-02-08 18:58:23,2164.18,9
TXN004825,CUST00378,PROD0057,2026-01-31 14:26:37,1157.82,7
TXN004826,CUST00392,PROD0063,2026-02-04 00:11:35,2041.47,4
TXN004827,CUST00467,PROD0020,2026-02-26 12:54:53,9390.52,7
TXN004828,CUST00186,PROD0034,2026-02-24 16:36:55,379.51,5
TXN004829,CUST00004,PROD0081,2026-02-07 21:25:32,3725.34,6
TXN004830,CUST00073,PROD0086,2026-02-03 23:14:12,4604.04,5
TXN004831,CUST00708,PROD0045,2026-02-16 08:55:22,8771.13,5
TXN004832,CUST00776,PROD0038,2026-02-01 03:25:59,1948.25,7
TXN004833,CUST00098,PROD0007,2026-02-28 07:14:28,105.09,5
TXN004834,CUST00932,PROD0087,2026-02-17 00:23:55,,9
TXN004835,CUST00429,PROD0001,2026-02-05 04:46:35,278.44,2
TXN004836,CUST00145,PROD0008,2026-02-14 10:15:01,1892.67,9
TXN004837,CUST00434,PROD0051,2026-01-31 14:14:17,1426.49,9
TXN004838,CUST00037,PROD0048,2026-02-04 17:20:48,160.33,2
TXN004839,CUST00865,PROD0015,2026-02-25 14:04:46,1449.79,6
TXN004840,CUST00600,PROD0031,2026-02-02 22:45:47,318.3,3
TXN004841,CUST00323,PROD0060,2026-02-27 07:14:08,251.87,9
TXN004842,CUST00234,PROD9900,2026-02-20 21:15:56,397.05,3
TXN004843,CUST00976,PROD0094,2026-02-10 21:15:00,1821.45,2
TXN004844,CUST99006,PROD0004,2026-02-03 02:02:27,4055.83,2
TXN004845,CUST00628,PROD0020,2026-02-11 22:34:27,8350.04,7
TXN001985,CUST00575,PROD0047,2026-02-02 01:14:52,209.37,4
TXN004847,CUST00676,PROD0050,2026-02-01 03:58:33,642.82,2
TXN004848,CUST00814,PROD0081,2026-02-10 07:50:51,-613.7,8
TXN004849,CUST00604,PROD0089,2026-02-18 14:14:29,2078.06,8
TXN004850,CUST00659,PROD0071,2026-02-11 09:23:08,6831.51,3
TXN004851,CUST00395,PROD0039,2026-02-07 02:12:15,261.9,10
TXN004852,CUST00940,PROD0048,2026-02-19 09:55:39,266.1,3
TXN004853,CUST00241,PROD0095,2026-02-23 04:22:56,685.05,7
TXN004854,CUST00357,PROD0081,2026-02-01 07:06:04,2526.38,4
TXN004855,CUST00735,PROD0007,2026-02-13 05:47:07,143.53,6
TXN004856,CUST00107,PROD0004,2026-02-11 17:13:42,18346.49,9
TXN004857,CUST00843,PROD0067,2026-02-04 20:38:05,1295.77,10
TXN004858,CUST00880,PROD0066,2026-02-25 17:36:26,725.16,9
TXN004859,CUST00660,PROD0067,2026-02-16 05:34:15,767.92,6
TXN004860,CUST00463,PROD0076,2026-02-16 16:02:29,188.52,8
TXN004861,CUST00205,PROD0074,2026-02-13 23:40:46,745.48,9
TXN004862,CUST00484,PROD0019,2026-02-11 01:51:31,929.28,5
TXN004863,CUST00568,PROD0005,2026-02-27 09:29:24,391247.88,9
TXN004864,CUST00773,PROD0080,2026-02-17 11:48:32,2109.17,9
TXN004865,CUST00515,PROD0044,2026-02-21 10:15:26,5579.23,4
TXN004866,CUST00456,PROD0086,2026-02-27 02:58:30,9834.57,10
TXN004867,CUST00399,PROD0086,2026-02-21 18:03:33,146544.88,6
TXN004868,CUST00171,PROD0082,2026-02-19 18:26:00,7008.3,6
TXN004869,CUST00822,PROD0003,2026-02-10 21:19:18,130.28,1
TXN004870,CUST00720,PROD0051,2026-02-06 02:34:06,851.77,6
TXN004871,CUST00219,PROD0077,2026-02-07 21:00:40,941.47,9
TXN004872,CUST00227,PROD0079,2026-02-07 01:29:29,370940.78,8
TXN004873,CUST00699,PROD0042,2026-02-19 10:50:01,1055.12,4
TXN004874,CUST00233,PROD0099,2026-02-14 23:08:43,746.17,5
TXN004875,CUST00241,PROD0003,2026-02-05 04:25:57,138.86,1
TXN004876,CUST00213,PROD0027,2026-01-31 02:02:28,1531.75,9
TXN004877,CUST00289,PROD0005,2026-02-18 09:08:01,87760.19,2
TXN004878,CUST00233,PROD0006,2026-02-27 16:34:05,623.62,8
TXN004879,CUST00516,PROD0017,2026-02-15 02:41:22,38266.98,2
TXN004880,CUST00574,PROD0060,2026-02-16 22:14:17,282.06,10
TXN004881,CUST00826,PROD0082,2026-02-12 06:20:17,4959.34,4
TXN004882,CUST00812,PROD0058,2026-02-21 21:47:29,1764.72,4
TXN004883,CUST00132,PROD0055,2026-02-15 16:06:43,567.89,2
TXN004884,CUST00252,PROD0076,2026-02-15 14:42:44,128.09,5
TXN004885,CUST00926,PROD0028,2026-02-17 08:12:09,284.11,10
TXN004886,CUST00469,PROD0097,2026-02-19 08:46:32,395.93,1
TXN004887,CUST00591,PROD0090,2026-02-13 16:21:29,263.06,1
TXN004888,CUST00704,PROD0027,2026-02-03 18:36:47,1627.34,9
TXN001369,CUST00612,PROD0073,2026-02-14 23:43:59,23451.01,10
TXN004890,CUST00241,PROD0090,2026-02-22 16:04:56,-227.2,-1
TXN004891,CUST00343,PROD0020,2026-02-07 22:24:16,9587.61,8
TXN004892,CUST00695,PROD0019,2026-01-31 20:58:47,739.22,6
TXN004893,CUST00295,PROD0072,2026-02-03 00:48:53,1880.35,10
TXN001952,CUST00754,PROD0039,2026-02-04 07:42:28,852.28,2
TXN004895,CUST00676,PROD0016,2026-02-22 23:29:55,341.15,5
TXN004896,CUST00814,PROD0078,2026-02-05 13:20:31,286.39,6
TXN004897,CUST00013,PROD0011,2026-02-03 10:50:36,160054.94,1
TXN004898,CUST00657,PROD0089,2026-02-27 07:50:54,894.99,4
TXN004899,CUST00631,PROD0036,2026-02-25 18:52:14,-372.7,6
TXN001535,CUST00132,PROD0039,2026-02-21 21:50:45,110.0,4
TXN004901,CUST00829,PROD0036,2026-02-26 18:12:26,3733.54,7
TXN004902,CUST00140,PROD0037,2026-02-26 07:42:45,1247.48,10
TXN004903,CUST00078,PROD0097,2026-02-04 03:13:36,1431.12,3
TXN004904,CUST00290,PROD0064,2026-02-22 10:02:11,93.97,5
TXN004905,CUST00304,PROD0075,2026-02-19 07:43:09,83.47,1
TXN004906,CUST00833,PROD0085,2026-02-12 02:51:18,7062.14,4
TXN004907,CUST00724,PROD0074,2026-02-15 19:50:34,-893.9,8
TXN004908,CUST00944,PROD0015,2026-02-03 13:44:28,567.08,2
TXN004909,CUST00691,PROD0072,2026-02-13 04:52:01,1235.37,6
TXN004910,CUST00193,PROD0091,2026-02-14 06:27:49,2258.35,10
TXN004911,CUST00130,PROD0082,2026-02-19 12:22:26,10520.6,8
TXN004912,CUST00915,PROD0060,2026-02-03 19:19:51,280216.64,1
TXN004913,CUST00525,PROD0099,2026-02-09 18:29:51,,4
TXN004914,CUST00522,PROD0071,2026-02-03 13:52:07,1922.99,1
TXN004915,CUST00353,PROD0035,2026-03-01 04:25:48,15517.54,7
TXN004916,CUST00816,PROD0084,2026-02-25 05:21:51,450.77,9
TXN004917,CUST00767,PROD0024,2026-02-07 14:35:04,4170.98,8
TXN004918,CUST00694,PROD0062,2026-02-25 18:07:10,5201.12,9
TXN004919,CUST00197,PROD0027,2026-03-01 19:40:08,1325.78,8
TXN004920,CUST00932,PROD0007,2026-02-13 10:44:09,132.92,6
TXN004921,CUST00054,PROD0046,2026-02-16 11:46:39,42.19,2
TXN004922,CUST00354,PROD0033,2026-02-01 09:48:45,888.17,5
TXN004923,CUST00774,PROD0076,2026-02-18 08:20:23,232.05,10
TXN004924,CUST00911,PROD0037,2026-01-31 18:18:57,375.34,3
TXN004925,CUST00513,PROD0038,2026-02-25 14:58:57,443202.49,7
TXN002844,CUST00545,PROD0049,2026-02-07 09:04:56,1003.62,9
TXN004927,CUST00345,PROD0073,2026-02-05 05:22:06,4904.05,2
TXN004928,CUST00108,PROD0056,2026-02-01 12:23:53,215581.68,6
TXN004929,CUST00697,PROD0087,2026-02-03 06:12:20,21.32,1
TXN004930,CUST00374,PROD0097,2026-02-19 22:25:36,919.17,2
TXN004931,CUST00634,PROD0019,2026-02-07 16:12:46,757.1,10
TXN004932,CUST00104,PROD0016,2026-02-04 13:58:52,436.27,7
TXN001410,CUST00367,PROD0051,2026-02-26 14:07:05,1415.99,10
TXN004934,CUST00189,PROD0075,2026-02-09 13:59:09,379.24,5
TXN004935,CUST00426,PROD0068,2026-02-23 15:38:49,611.08,8
TXN004936,CUST00758,PROD0015,2026-02-28 15:34:27,287.4,1
TXN001446,CUST00860,PROD0013,2026-02-16 21:47:51,271.48,6
TXN004938,CUST00643,PROD0014,2026-02-13 09:24:19,1915.82,8
TXN004939,CUST00401,PROD0004,2026-02-23 12:56:56,5996.26,3
TXN004940,CUST00101,PROD0081,2026-02-25 02:29:14,3450.57,6
TXN004941,CUST00697,PROD0006,2026-01-31 15:57:10,677.4,8
TXN004942,CUST00423,PROD0034,2026-02-15 22:27:26,524.89,8
TXN004943,CUST00970,PROD0095,2026-02-25 06:16:55,462.59,5
TXN004944,CUST00090,PROD0035,2026-02-12 22:58:11,10548.18,5
TXN004945,CUST00941,PROD0066,2026-02-04 02:35:15,399490.08,1
TXN004946,CUST00495,PROD9903,2026-02-03 07:41:53,540.21,9
TXN004947,CUST00407,PROD0089,2026-02-24 09:39:35,1356.35,6
TXN004948,CUST99008,PROD0076,2026-02-15 11:33:24,23.63,1
TXN004949,CUST00077,PROD0082,2026-02-09 21:06:12,8483.95,7
TXN004950,CUST00645,PROD0002,2026-02-20 16:50:01,12.12,1
TXN004951,CUST00536,PROD0063,2026-02-18 16:45:16,453.46,1
TXN004952,CUST00552,PROD0098,2026-02-25 14:36:44,1006.71,5
TXN004953,CUST00928,PROD0100,2026-02-10 00:21:55,141856.25,4
TXN004954,CUST00077,PROD0090,2026-02-18 21:28:40,1241.69,5
TXN004955,CUST00114,PROD0011,2026-02-16 06:53:28,242.52,7
TXN004956,CUST00894,PROD0046,2026-02-17 17:40:15,136.55,6
TXN004957,CUST00693,PROD0091,2026-02-22 08:13:07,1784.35,7
TXN004958,CUST00245,PROD0025,2026-02-22 11:28:05,,3
TXN004959,CUST00632,PROD0009,2026-02-22 20:34:27,-210.89,-1
TXN004960,CUST00035,PROD0033,2026-02-18 12:19:51,621.76,4
TXN004961,CUST00057,PROD0002,2026-02-05 21:36:24,106.19,10
TXN004962,CUST00601,PROD0036,2026-02-18 20:59:31,3747.96,7
TXN004963,CUST00436,PROD0050,2026-03-01 13:43:05,220.92,
TXN004964,CUST00912,PROD0021,2026-02-16 16:18:28,2980.67,1
TXN004965,CUST00695,PROD0017,2026-02-28 12:09:32,107687.61,6
TXN004966,CUST00339,PROD0013,2026-02-09 02:42:27,345.72,9
TXN004967,CUST00253,PROD0064,2026-02-12 11:33:28,971.53,5
TXN004968,CUST00544,PROD0027,2026-02-28 00:47:31,174.3,1
TXN004969,CUST00870,PROD0030,2026-02-13 21:21:01,448.85,3
TXN004970,CUST00800,PROD0021,2026-02-12 07:23:40,19790.54,8
TXN004971,CUST00046,PROD0037,2026-02-08 14:53:51,637.93,5
TXN004972,CUST00850,PROD0007,2026-01-31 17:01:49,145.52,6
TXN004973,CUST00605,PROD0047,2026-02-05 12:28:48,405.95,7
TXN004974,CUST00041,PROD0031,2026-02-10 13:48:21,982.82,9
TXN004975,CUST00222,PROD0066,2026-02-09 00:58:46,640.83,7
TXN004976,CUST00397,PROD0006,2026-02-21 14:41:42,782.19,9
TXN004977,CUST00135,PROD0048,2026-02-13 05:16:37,,9
TXN004978,CUST00178,PROD0065,2026-02-11 06:06:49,121206.89,6
TXN004979,CUST00264,PROD0009,2026-02-12 08:54:05,1820.35,8
TXN004980,CUST00320,PROD0099,2026-02-08 22:07:01,1195.06,7
TXN004981,CUST00955,PROD0024,2026-02-05 10:58:48,4254.58,8
TXN004982,CUST00430,PROD0028,2026-02-16 00:14:58,58.5,2
TXN004983,CUST00367,PROD0062,2026-02-10 18:32:54,3168.24,5
TXN004984,CUST00526,PROD0021,2026-02-14 23:26:09,22738.38,9
TXN004985,CUST00383,PROD0002,2026-02-24 06:14:44,10.66,1
TXN004986,CUST00188,PROD0025,2026-02-07 15:59:20,91.52,2
TXN004987,CUST00763,PROD0058,2026-02-27 16:23:04,3240.68,8
TXN004988,CUST00995,PROD0007,2026-02-10 12:09:41,186.31,8
TXN004989,CUST00068,PROD0072,2026-02-22 21:45:17,1032.59,5
TXN004990,CUST00909,PROD0043,2026-02-08 17:57:46,976.39,10
TXN004991,CUST00950,PROD0066,2026-02-04 10:49:59,266.84,3
TXN004992,CUST00184,PROD0050,2026-01-31 14:42:21,1781.32,6
TXN004993,CUST00351,PROD0028,2026-02-05 18:52:08,58.92,2
TXN004994,CUST00193,PROD0051,2026-02-08 09:53:03,1465.76,10
TXN004995,CUST00150,PROD0038,2026-02-25 14:14:22,510.46,2
TXN004996,CUST00837,PROD0091,2026-02-21 22:33:52,2276.36,10
TXN004997,CUST00348,PROD0058,2026-03-01 01:07:36,1307.07,3
TXN004998,CUST00644,PROD0017,2026-02-02 04:22:25,87460.68,5
TXN004999,CUST00940,PROD0054,2026-01-31 11:16:23,6891.48,7
TXN005000,CUST00069,PROD0073,2026-02-01 11:45:56,14151.17,6
TXN005001,CUST00794,PROD0072,2026-02-21 22:13:29,429.23,2
TXN005002,CUST00359,PROD0090,2026-02-09 12:39:06,2017.62,8
TXN005003,CUST00816,PROD0012,2026-02-18 17:37:50,195.45,7
TXN005004,CUST00475,PROD0047,2026-02-14 02:22:54,107446.84,3
TXN005005,CUST00585,PROD0006,2026-02-16 20:21:57,-944.93,6
TXN005006,CUST00961,PROD0039,2026-02-16 06:37:05,476.15,8
TXN005007,CUST00665,PROD0031,2026-02-26 23:55:57,98.49,1
TXN000727,CUST00926,PROD0021,2026-02-10 04:25:24,9997.39,4
TXN005009,CUST00890,PROD0092,2026-02-13 15:27:14,2238.29,10
TXN005010,CUST00207,PROD0051,2026-02-07 16:34:21,1571.2,10
TXN005011,CUST00510,PROD0094,2026-02-20 14:33:58,8709.9,9
TXN005012,CUST00511,PROD0093,2026-02-23 06:36:07,1441.92,3
TXN005013,CUST00188,PROD0059,2026-02-19 09:05:49,6028.61,9
TXN005014,CUST00949,PROD0039,2026-02-14 10:22:12,835.74,2
TXN005015,CUST00816,PROD0093,2026-02-09 09:37:39,139222.0,5
TXN005016,CUST00769,PROD0027,2026-02-07 12:58:00,-879.42,-5
TXN005017,CUST00379,PROD0028,2026-02-15 06:10:57,291.29,10
TXN005018,CUST00184,PROD0016,2026-02-24 05:24:58,137.23,2
TXN005019,CUST00897,PROD0075,2026-02-26 04:22:45,529.39,6
TXN005020,CUST00018,PROD0074,2026-02-18 07:32:50,,8
TXN005021,CUST00079,PROD0064,2026-02-21 17:36:25,230.4,9
TXN005022,CUST00270,PROD0001,2026-02-19 23:58:36,496.25,4
TXN005023,CUST00292,PROD0042,2026-02-28 23:44:20,1427.09,6
TXN005024,CUST00430,PROD0021,2026-02-15 00:57:24,16645.53,6
TXN005025,CUST00959,PROD0047,2026-02-22 14:09:35,389.9,8
TXN005026,CUST00485,PROD0047,2026-02-08 06:04:50,104.32,2
TXN005027,CUST00307,PROD0032,2026-02-07 20:37:33,1290.94,9
TXN005028,CUST00467,PROD0014,2026-02-02 17:35:26,724.25,3
TXN005029,CUST00502,PROD0076,2026-02-08 17:34:29,102.34,4
TXN005030,CUST00563,PROD0084,2026-02-26 12:20:55,91.99,2
TXN005031,CUST00955,PROD0003,2026-02-16 09:25:11,909.59,7
TXN005032,CUST00643,PROD0011,2026-02-06 00:11:54,110.02,3
TXN005033,CUST00320,PROD0084,2026-02-06 04:53:56,52.34,1
TXN005034,CUST00323,PROD0068,2026-02-27 22:50:28,706.68,10
TXN005035,CUST00426,PROD0017,2026-02-22 00:20:44,-931.52,6
TXN005036,CUST00251,PROD0062,2026-02-23 16:33:52,567.99,1
TXN005037,CUST00204,PROD0097,2026-02-08 13:22:08,-197.38,2
TXN005038,CUST00357,PROD0005,2026-02-11 18:05:04,327255.47,8
TXN005039,CUST00995,PROD0042,2026-03-01 21:44:19,776.05,3
TXN005040,CUST00516,PROD0098,2026-01-31 10:03:33,1414.67,8
TXN005041,CUST00450,PROD0013,2026-02-20 19:15:31,221197.28,2
TXN005042,CUST00813,PROD0064,2026-02-19 13:04:02,544.05,9
TXN005043,CUST00067,PROD0060,2026-02-19 07:26:47,207.82,8
TXN005044,CUST00198,PROD0085,2026-02-06 09:30:21,362.49,
TXN005045,CUST00387,PROD0035,2026-02-03 01:40:59,14131.28,6
TXN005046,CUST00462,PROD0061,2026-03-01 14:53:28,5632.44,7
TXN005047,CUST00872,PROD0050,2026-02-26 01:18:11,327.85,1
TXN005048,CUST00400,PROD0065,2026-02-27 10:39:53,,9
TXN005049,CUST00668,PROD0050,2026-02-01 03:58:56,286.99,1
TXN005050,CUST00063,PROD0039,2026-02-13 03:16:19,416.61,4
TXN005051,CUST00179,PROD0028,2026-02-10 11:06:37,283.99,9
TXN005052,CUST00937,PROD0079,2026-02-09 09:05:20,151605.99,3
TXN005053,CUST00695,PROD0025,2026-02-18 17:39:38,285.6,7
TXN005054,CUST00249,PROD0087,2026-02-09 15:32:28,198.52,9
TXN005055,CUST00254,PROD0031,2026-02-28 18:03:59,772.65,8
TXN005056,CUST00657,PROD9906,2026-02-24 20:21:01,400.88,5
TXN005057,CUST00002,PROD0073,2026-03-01 05:52:23,7388.0,3
TXN005058,CUST00573,PROD0057,2026-02-08 00:16:56,143.12,1
TXN005059,CUST00107,PROD0018,2026-02-23 15:36:40,10322.64,4
TXN005060,CUST00304,PROD0087,2026-02-11 05:21:07,180.85,9
TXN005061,CUST00326,PROD0027,2026-02-27 07:49:28,812.93,5
TXN005062,CUST00054,PROD0061,2026-02-26 10:47:45,820.24,1
TXN005063,CUST00149,PROD0011,2026-02-25 01:09:45,68.51,2
TXN005064,CUST00676,PROD0100,2026-02-16 21:30:36,291433.73,8
TXN005065,CUST00805,PROD0019,2026-02-18 00:51:01,938.79,10
TXN005066,CUST00659,PROD0034,2026-02-11 22:09:54,267.2,4
TXN005067,CUST00572,PROD0064,2026-02-13 06:05:14,595.11,8
TXN005068,CUST00436,PROD0062,2026-02-16 11:32:32,5840.58,9
TXN005069,CUST00432,PROD0090,2026-02-15 02:08:22,240.32,1
TXN005070,CUST00687,PROD0069,2026-02-24 13:17:03,144248.6,4
TXN005071,CUST00530,PROD0089,2026-02-02 10:37:38,247.11,1
TXN005072,CUST00699,PROD0063,2026-02-11 00:53:12,4318.59,9
TXN005073,CUST99003,PROD0088,2026-02-17 10:56:18,308.71,1
TXN005074,CUST00624,PROD0018,2026-02-25 08:36:58,5044.22,2
TXN005075,CUST00660,PROD0006,2026-02-26 07:06:01,717.43,9
TXN005076,CUST00322,PROD0014,2026-02-12 04:49:24,626.81,3
TXN005077,CUST00862,PROD0056,2026-02-18 13:23:34,198257.74,5
TXN005078,CUST00846,PROD0075,2026-02-15 06:27:19,594.64,8
TXN005079,CUST00747,PROD0056,2026-02-09 09:04:20,118675.99,3
TXN005080,CUST00086,PROD0049,2026-02-13 07:51:37,100.5,1
TXN005081,CUST00181,PROD0003,2026-02-14 02:49:58,191004.47,4
TXN005082,CUST00605,PROD0078,2026-02-20 19:09:31,312.16,7
TXN005083,CUST00463,PROD0074,2026-01-31 10:54:23,584.58,7
TXN005084,CUST00071,PROD0023,2026-02-01 17:05:30,1677.01,8
TXN005085,CUST00318,PROD0072,2026-02-23 18:24:13,167018.12,3
TXN005086,CUST00741,PROD0061,2026-02-26 05:03:02,-956.29,2
TXN005087,CUST00650,PROD0082,2026-02-15 12:44:30,5064.97,4
TXN005088,CUST00492,PROD0044,2026-02-10 18:03:23,7301.93,5
TXN005089,CUST00283,PROD0038,2026-02-08 03:04:55,259.77,1
TXN005090,CUST99001,PROD0078,2026-02-23 17:50:16,393.78,9
TXN005091,CUST99007,PROD0072,2026-02-18 01:35:08,389.14,2
TXN005092,CUST00997,PROD0079,2026-03-01 03:30:22,225764.35,5
TXN005093,CUST00607,PROD0042,2026-02-15 17:07:18,-160.66,8
TXN005094,CUST00507,PROD0018,2026-02-08 17:15:53,25337.14,10
TXN005095,CUST00083,PROD0063,2026-02-21 20:50:02,3736.93,8
TXN005096,CUST00259,PROD0029,2026-02-08 15:24:02,82.83,4
TXN005097,CUST00293,PROD0023,2026-02-02 04:10:57,1694.04,8
TXN005098,CUST00163,PROD0006,2026-02-05 21:43:13,226.2,3
TXN005099,CUST00956,PROD0028,2026-02-20 21:17:42,266.02,8
TXN005100,CUST00749,PROD0097,2026-02-27 22:47:36,1360.72,3
TXN005101,CUST00175,PROD0029,2026-02-18 19:31:23,182.04,9
TXN005102,CUST00787,PROD0071,2026-02-28 00:52:50,20876.97,10
TXN005103,CUST00358,PROD0099,2026-02-06 19:19:18,853.53,5
TXN005104,CUST00151,PROD0025,2026-02-24 07:13:51,175.78,4
TXN005105,CUST00870,PROD0029,2026-02-14 17:21:05,205.66,10
TXN005106,CUST00221,PROD0054,2026-02-21 11:24:44,7264.07,7
TXN005107,CUST00889,PROD0047,2026-02-10 20:05:41,210.52,4
TXN005108,CUST00817,PROD0003,2026-02-26 06:21:48,271.79,2
TXN005109,CUST00917,PROD0025,2026-02-03 21:08:01,147.28,3
TXN005110,CUST00180,PROD0081,2026-02-16 01:51:25,5383.19,9
TXN000942,CUST99009,PROD0037,2026-02-12 17:26:51,1335.33,10
TXN005112,CUST00101,PROD0080,2026-02-11 10:36:50,559.46,2
TXN005113,CUST00539,PROD0041,2026-03-01 18:15:09,10212.36,6
TXN005114,CUST00406,PROD0088,2026-02-08 04:03:44,1349.37,4
TXN005115,CUST00207,PROD0077,2026-02-07 12:58:53,383.49,2
TXN005116,CUST00114,PROD0044,2026-02-27 23:24:18,7241.38,5
TXN005117,CUST00796,PROD0077,2026-02-14 17:09:27,-544.68,1
TXN005118,CUST00848,PROD0099,2026-02-02 17:19:54,656.34,4
TXN005119,CUST00121,PROD0003,2026-02-18 06:35:33,1331.1,10
TXN003948,CUST00899,PROD0019,2026-02-22 23:26:07,,2
TXN005121,CUST00152,PROD0072,2026-02-10 20:13:45,412.95,2
TXN004874,CUST00006,PROD0007,2026-02-02 23:38:31,105.43,5
TXN005123,CUST00035,PROD0087,2026-02-02 14:53:43,170.29,7
TXN005124,CUST00343,PROD0077,2026-02-06 22:40:17,246.0,4
TXN005125,CUST00884,PROD0089,2026-02-24 20:43:22,821.27,0
TXN005126,CUST00989,PROD0075,2026-02-08 08:58:19,441.08,5
TXN005127,CUST00294,PROD0028,2026-02-16 00:51:04,230.15,7
TXN005128,CUST00754,PROD0063,2026-02-23 14:10:09,2885.27,6
TXN005129,CUST00455,PROD0014,2026-02-03 06:50:32,2010.51,9
TXN005130,CUST00178,PROD0027,2026-01-31 07:43:54,1007.89,6
TXN005131,CUST00234,PROD0098,2026-02-25 04:26:19,411.53,2
TXN005132,CUST99006,PROD0044,2026-02-05 14:28:26,363.59,0
TXN005133,CUST00310,PROD0004,2026-02-12 09:15:39,17709.4,9
TXN005134,CUST00103,PROD0053,2026-02-21 12:27:33,-14.1,-1
TXN005135,CUST00573,PROD0081,2026-02-09 03:28:52,4642.54,7
TXN005136,CUST00658,PROD0042,2026-02-04 22:37:29,1312.89,5
TXN005137,CUST00654,PROD0024,2026-02-12 05:30:53,2375.84,5
TXN005138,CUST00732,PROD0041,2026-02-15 12:15:18,12647.94,8
TXN005139,CUST00396,PROD0047,2026-01-31 05:46:47,103.05,2
TXN005140,CUST00295,PROD0047,2026-02-22 10:10:04,57.6,1
TXN005141,CUST00228,PROD0025,2026-02-01 01:51:54,42.4,1
TXN005142,CUST00579,PROD0093,2026-03-01 20:05:08,2874.54,6
TXN005143,CUST00627,PROD0044,2026-03-01 13:53:10,11670.46,9
TXN005144,CUST00764,PROD0056,2026-02-17 14:57:46,264665.58,7
TXN002941,CUST00409,PROD0017,2026-02-17 10:55:55,143523.93,8
TXN005146,CUST00311,PROD0019,2026-02-22 17:28:28,36.6,9
TXN005147,CUST00935,PROD0053,2026-02-09 19:13:51,105.43,8
TXN005148,CUST00909,PROD0039,2026-02-09 06:41:13,977.41,7
TXN005149,CUST00040,PROD0005,2026-02-15 07:30:15,433792.47,7
TXN005150,CUST00621,PROD9906,2026-02-09 13:01:02,588.08,10
TXN005151,CUST00281,PROD0091,2026-02-10 02:41:41,1480.43,6
TXN005152,CUST00156,PROD0023,2026-02-25 10:21:58,1114.36,5
TXN005153,CUST00981,PROD0067,2026-02-09 19:02:27,535.08,4
TXN005154,CUST00899,PROD0054,2026-02-11 06:07:15,4049.85,4
TXN005155,CUST00276,PROD0025,2026-02-24 23:48:24,207.25,5
TXN005156,CUST00426,PROD0043,2026-02-01 05:40:32,191.01,2
TXN005157,CUST00770,PROD9907,2026-02-07 18:16:36,-983.58,10
TXN005158,CUST00064,PROD0020,2026-02-07 19:33:46,4020.98,3
TXN005159,CUST00053,PROD0063,2026-02-18 19:25:52,447.61,1
TXN005160,CUST00462,PROD0099,2026-02-05 22:26:19,,8
TXN005161,CUST00679,PROD0052,2026-02-19 12:04:09,2459.81,7
TXN005162,CUST00069,PROD0018,2026-02-13 23:40:01,5103.75,2
TXN005163,CUST00944,PROD0038,2026-02-14 09:24:37,1736.44,6
TXN005164,CUST00795,PROD0083,2026-02-21 08:46:24,1399.91,6
TXN005165,CUST00955,PROD0018,2026-02-10 02:28:06,5462.14,2
TXN005166,CUST00515,PROD0065,2026-02-20 02:37:12,59799.85,3
TXN005167,CUST00705,PROD0033,2026-02-16 00:29:32,1658.6,9
TXN005168,CUST00679,PROD0044,2026-02-24 04:10:59,2658.33,2
TXN005169,CUST00894,PROD0062,2026-02-03 18:44:28,627.24,1
TXN005170,CUST00523,PROD0030,2026-02-27 22:59:11,348.65,
TXN005171,CUST00726,PROD0066,2026-02-21 11:53:41,256.82,3
TXN005172,CUST00943,PROD0026,2026-02-27 00:28:18,170.12,2
TXN005173,CUST00223,PROD9900,2026-02-11 05:03:53,883.34,9
TXN005174,CUST00764,PROD0026,2026-02-25 18:09:52,172.14,2
TXN001924,CUST00036,PROD0060,2026-02-22 05:58:33,293.41,10
TXN005176,CUST00154,PROD0072,2026-02-10 00:27:26,1187.19,6
TXN005177,CUST00999,PROD0003,2026-02-28 04:27:43,275.45,2
TXN005178,CUST00626,PROD0043,2026-02-21 06:43:05,711.73,7
TXN005179,CUST00796,PROD0023,2026-02-09 03:32:23,1863.54,10
TXN005180,CUST00621,PROD0075,2026-02-21 13:51:55,691.21,8
TXN005181,CUST00382,PROD0096,2026-02-28 02:53:01,106.24,3
TXN005182,CUST00448,PROD0046,2026-02-08 15:57:07,124.8,6
TXN005183,CUST00429,PROD0010,2026-02-15 12:31:43,78.21,4
TXN005184,CUST00732,PROD0025,2026-02-18 19:44:14,97.94,2
TXN000714,CUST00111,PROD0076,2026-02-13 05:46:52,158.51,7
TXN005186,CUST00533,PROD0060,2026-02-02 22:05:03,54.21,2
TXN005187,CUST00236,PROD0078,2026-02-18 19:58:58,388.1,9
TXN005188,CUST00951,PROD0054,2026-02-17 05:52:12,,1
TXN005189,CUST00202,PROD0088,2026-02-03 11:30:59,327.71,1
TXN005190,CUST00964,PROD0059,2026-02-14 17:14:13,6496.31,9
TXN005191,CUST00924,PROD0046,2026-02-18 14:22:57,24.35,1
TXN005192,CUST00624,PROD0040,2026-02-02 05:30:20,189.41,2
TXN005193,CUST00635,PROD0052,2026-02-18 06:50:38,3118.29,10
TXN005194,CUST00342,PROD0053,2026-02-03 13:33:55,122.46,10
TXN005195,CUST00174,PROD0025,2026-02-03 23:55:52,40.88,1
TXN005196,CUST00965,PROD0018,2026-02-24 23:37:18,20578.22,8
TXN001706,CUST00908,PROD0074,2026-02-20 03:19:42,730.39,10
TXN005198,CUST00846,PROD0080,2026-02-09 03:36:11,1094.7,4
TXN005199,CUST00437,PROD0091,2026-02-15 00:43:51,1198.25,5
TXN005200,CUST00306,PROD0083,2026-02-12 14:29:26,1734.0,8
TXN005201,CUST99007,PROD0099,2026-02-06 15:53:35,1574.37,10
TXN005202,CUST00057,PROD0066,2026-02-09 08:54:25,740.34,9
TXN005203,CUST00693,PROD0066,2026-02-02 23:29:12,176.78,2
TXN005204,CUST00482,PROD0053,2026-02-04 09:19:14,41.36,3
TXN005205,CUST00431,PROD0029,2026-02-01 07:42:46,20.11,1
TXN005206,CUST00700,PROD0057,2026-02-20 01:30:08,1465.76,9
TXN005207,CUST00637,PROD0014,2026-02-04 15:59:38,2009.42,9
TXN005208,CUST00463,PROD0010,2026-02-18 23:58:10,18.45,1
TXN005209,CUST00847,PROD0005,2026-02-20 01:51:55,153286.08,4
TXN005210,CUST00098,PROD0092,2026-02-06 18:51:52,1875.66,10
TXN005211,CUST00235,PROD0050,2026-02-27 19:45:25,660.59,2
TXN005212,CUST00537,PROD0023,2026-02-17 12:31:06,404.18,2
TXN005213,CUST00043,PROD0028,2026-01-31 05:58:07,101.96,3
TXN005214,CUST00792,PROD0057,2026-02-01 20:01:38,457.99,3
TXN005215,CUST00582,PROD0071,2026-02-03 08:09:27,14516.95,7
TXN005216,CUST00555,PROD0084,2026-02-26 04:01:26,339.27,7
TXN003531,CUST00694,PROD0065,2026-02-15 15:06:58,117564.8,6
TXN005218,CUST00933,PROD0064,2026-02-12 03:46:09,984.0,10
TXN005219,CUST00504,PROD0086,2026-02-11 06:26:32,4131.19,5
TXN005220,CUST00401,PROD0001,2026-02-11 23:04:46,400.43,3
TXN005221,CUST00817,PROD0028,2026-02-14 13:45:40,131.74,4
TXN005222,CUST00166,PROD0054,2026-02-05 14:28:13,5080.62,5
TXN005223,CUST00691,PROD0037,2026-02-28 14:04:44,924.89,7
TXN005224,CUST00883,PROD0067,2026-02-16 00:41:20,258.0,2
TXN005225,CUST00695,PROD0090,2026-02-02 15:09:39,541.68,2
TXN000350,CUST00673,PROD0067,2026-03-01 12:35:04,982.6,7
TXN005227,CUST99003,PROD0028,2026-02-08 04:27:10,262.66,8
TXN005228,CUST00978,PROD0054,2026-03-01 05:30:35,7029.01,7
TXN005229,CUST00530,PROD0058,2026-02-03 10:38:47,2266.56,6
TXN005230,CUST00483,PROD0009,2026-02-28 23:21:24,209.65,1
TXN005231,CUST00326,PROD0037,2026-02-06 00:40:34,721.63,5
TXN005232,CUST00917,PROD9905,2026-02-14 13:16:19,104.9,4
TXN005233,CUST00404,PROD0036,2026-02-07 01:54:18,3201.62,7
TXN005234,CUST00865,PROD0007,2026-02-09 05:45:08,142.26,6
TXN005235,CUST00138,PROD0036,2026-02-01 22:46:47,3647.66,8
TXN005236,CUST00044,PROD0091,2026-02-17 11:46:41,1588.09,7
TXN005237,CUST00120,PROD0075,2026-02-22 21:24:34,454.92,6
TXN005238,CUST00439,PROD0087,2026-02-21 08:19:59,45.88,2
TXN005239,CUST00261,PROD0007,2026-02-13 13:08:45,90.57,4
TXN005240,CUST00033,PROD0011,2026-02-10 02:46:11,71.0,2
TXN005241,CUST00220,PROD0093,2026-02-20 03:10:55,3047.06,7
TXN005242,CUST00423,PROD0098,2026-02-28 19:00:45,1596.7,9
TXN005243,CUST00135,PROD0046,2026-02-28 04:50:24,138.88,6
TXN005244,CUST00457,PROD0012,2026-02-09 08:04:57,167.71,6
TXN005245,CUST00964,PROD0080,2026-03-01 22:43:16,143712.51,6
TXN005246,CUST00394,PROD0013,2026-02-02 06:31:09,355.99,9
TXN005247,CUST00416,PROD0054,2026-02-16 16:02:11,6619.56,6
TXN005248,CUST00762,PROD0082,2026-01-31 19:28:21,3978.13,3
TXN005249,CUST00355,PROD0068,2026-02-07 09:18:55,-68.39,3
TXN005250,CUST00610,PROD0023,2026-02-10 21:15:36,1390.77,7
TXN005251,CUST00008,PROD0034,2026-02-09 20:54:36,148.36,2
TXN005252,CUST00798,PROD0007,2026-02-07 22:31:29,128.65,6
TXN005253,CUST00707,PROD0088,2026-02-20 15:26:19,3051.48,10
TXN005254,CUST00850,PROD0085,2026-02-06 00:37:21,-687.14,9
TXN005255,CUST99003,PROD0050,2026-02-03 12:48:52,1668.1,6
TXN005256,CUST00480,PROD0031,2026-02-22 00:54:10,825.06,8
TXN005257,CUST00944,PROD0094,2026-03-01 13:18:05,1016.71,1
TXN001219,CUST00629,PROD0064,2026-02-24 05:18:49,635.19,6
TXN002572,CUST00290,PROD0012,2026-02-15 02:42:03,153.17,6
TXN005260,CUST00225,PROD0083,2026-02-04 09:53:37,855.4,4
TXN005261,CUST00572,PROD0027,2026-02-11 19:55:57,514.74,3
TXN005262,CUST00948,PROD0087,2026-02-27 02:51:23,152.48,7
TXN005263,CUST00863,PROD0091,2026-02-22 00:22:18,1630.39,7
TXN005264,CUST00572,PROD0019,2026-02-19 13:48:53,809.31,10
TXN005265,CUST00286,PROD0010,2026-02-27 15:30:07,72.36,4
TXN005266,CUST00161,PROD0014,2026-02-19 04:06:49,2285.83,10
TXN005267,CUST00008,PROD0064,2026-02-28 15:12:55,33.29,6
TXN005268,CUST00552,PROD0070,2026-02-13 13:12:21,447198.04,2
TXN005269,CUST00256,PROD0093,2026-02-14 01:38:25,1438.89,3
TXN005270,CUST00977,PROD0020,2026-02-27 19:05:19,4803.8,4
TXN005271,CUST00489,PROD0014,2026-02-19 08:27:16,1288.94,6
TXN005272,CUST00999,PROD0061,2026-02-20 08:05:42,8082.55,9
TXN005273,CUST00135,PROD0037,2026-02-19 06:33:07,1330.21,10
TXN005274,CUST00714,PROD9900,2026-02-06 18:35:37,75.6,7
TXN005275,CUST00711,PROD0034,2026-02-09 14:48:18,75.16,1
TXN005276,CUST00979,PROD0017,2026-02-24 22:52:26,54097.72,3
TXN005277,CUST00688,PROD0005,2026-02-01 07:32:36,222807.01,5
TXN005278,CUST00921,PROD0041,2026-02-23 23:30:30,5162.1,3
TXN005279,CUST00248,PROD0016,2026-02-20 11:58:18,301295.55,7
TXN005280,CUST00513,PROD0074,2026-02-11 03:46:57,646.0,9
TXN005281,CUST00956,PROD0096,2026-02-10 18:22:50,336.89,9
TXN005282,CUST00885,PROD0009,2026-02-22 01:51:34,737.3,3
TXN005283,CUST00438,PROD0098,2026-02-04 20:57:28,1182.05,6
TXN005284,CUST00655,PROD0082,2026-02-08 19:33:40,4824.38,4
TXN005285,CUST00098,PROD9900,2026-02-01 14:18:51,543.04,10
TXN005286,CUST99004,PROD0005,2026-02-21 07:55:59,40077.86,1
TXN005287,CUST00080,PROD0027,2026-02-10 07:24:09,770.78,4
TXN005288,CUST00587,PROD0073,2026-02-08 09:27:59,22807.71,10
TXN005289,CUST00053,PROD0028,2026-02-25 11:29:38,85.69,3
TXN005290,CUST00426,PROD0047,2026-02-24 06:59:08,535.62,10
TXN005291,CUST00809,PROD0002,2026-02-27 04:49:02,-60.73,-5
TXN005292,CUST00491,PROD0040,2026-02-13 10:37:39,207.77,2
TXN005293,CUST00496,PROD0007,2026-02-18 07:34:25,159.78,7
TXN005294,CUST00838,PROD0073,2026-02-03 12:59:30,20867.33,9
TXN005295,CUST00948,PROD0033,2026-02-08 12:47:23,340.47,2
TXN005296,CUST00656,PROD0079,2026-02-06 14:59:02,192615.53,4
TXN005297,CUST00406,PROD0010,2026-02-21 17:54:30,159.08,8
TXN005298,CUST00550,PROD0066,2026-02-05 23:00:34,791.76,9
TXN005299,CUST00171,PROD9909,2026-02-17 09:18:46,828.62,2
TXN005300,CUST00855,PROD0077,2026-02-27 20:11:48,37.9,6
TXN001492,CUST00590,PROD0060,2026-01-31 06:46:30,28.61,1
TXN005302,CUST00885,PROD0015,2026-02-03 20:21:55,982.11,4
TXN005303,CUST00845,PROD0095,2026-02-02 13:29:17,,7
TXN005304,CUST00534,PROD0051,2026-02-25 23:35:43,1142.8,8
TXN005305,CUST00301,PROD0060,2026-02-27 17:51:32,193.4,7
TXN005306,CUST00600,PROD0099,2026-02-21 05:36:26,618.03,4
TXN005307,CUST00758,PROD0049,2026-02-20 12:53:04,806.09,8
TXN005308,CUST00635,PROD0055,2026-02-19 10:32:57,2202.12,9
TXN005309,CUST00301,PROD0037,2026-02-09 03:33:59,766.24,6
TXN005310,CUST00691,PROD0052,2026-02-14 05:37:03,2658.96,8
TXN005311,CUST00678,PROD0033,2026-02-26 23:39:22,665.08,4
TXN005312,CUST00009,PROD0079,2026-02-02 05:40:01,422951.76,8
TXN005313,CUST00847,PROD0054,2026-02-22 23:00:13,9441.14,9
TXN005314,CUST00267,PROD0078,2026-02-21 23:25:06,288.35,6
TXN005315,CUST00199,PROD0025,2026-02-04 03:43:26,184.03,4
TXN005316,CUST00413,PROD0087,2026-02-27 02:18:57,73.27,3
TXN005317,CUST00828,PROD0021,2026-02-15 13:04:29,25417.38,9
TXN005318,CUST00136,PROD0048,2026-02-21 04:42:09,329.07,4
TXN005319,CUST00398,PROD0015,2026-02-06 08:10:30,1821.38,7
TXN005320,CUST00904,PROD0028,2026-02-02 10:03:43,152.85,5
TXN005321,CUST00897,PROD0006,2026-02-06 12:18:20,-427.31,9
TXN005322,CUST00128,PROD0077,2026-02-20 13:21:15,516.47,1
TXN005323,CUST00842,PROD0024,2026-02-09 07:10:48,1965.0,4
TXN002847,CUST00241,PROD0039,2026-02-25 11:44:49,323.63,1
TXN005325,CUST00161,PROD0048,2026-01-31 11:08:16,-248.47,10
TXN002525,CUST00896,PROD0004,2026-02-20 02:06:44,3444.71,2
TXN005327,CUST00436,PROD0007,2026-02-07 04:46:36,165.47,7
TXN005328,CUST00026,PROD0074,2026-02-04 06:06:27,730.58,10
TXN005329,CUST00320,PROD0070,2026-02-19 14:19:56,228.61,8
TXN005330,CUST00259,PROD0020,2026-02-07 08:49:25,5104.93,4
TXN005331,CUST00628,PROD0076,2026-02-10 06:45:41,175.83,7
TXN005332,CUST99004,PROD0033,2026-03-01 03:51:58,314.99,2
TXN005333,CUST00630,PROD0031,2026-02-06 06:44:40,779.54,8
TXN005334,CUST00600,PROD0078,2026-02-07 22:25:49,187.84,4
TXN005335,CUST00860,PROD0070,2026-02-05 16:23:41,155.92,5
TXN005336,CUST00933,PROD0088,2026-02-12 11:40:28,1658.17,5
TXN005337,CUST00446,PROD0044,2026-02-08 17:52:38,2967.15,2
TXN005338,CUST00137,PROD0081,2026-02-14 01:39:58,3756.77,6
TXN005339,CUST00879,PROD0093,2026-02-19 22:14:26,4356.13,9
TXN005340,CUST00936,PROD0032,2026-02-03 17:11:02,984.92,8
TXN005341,CUST00947,PROD0033,2026-02-06 02:57:04,177.73,1
TXN005342,CUST00199,PROD0052,2026-02-24 01:26:41,1117.99,3
TXN005343,CUST99009,PROD0098,2026-02-16 15:16:23,163.6,
TXN005344,CUST00693,PROD0047,2026-02-19 22:40:28,399.99,8
TXN005345,CUST00008,PROD0046,2026-02-16 10:43:20,80.17,4
TXN005346,CUST00643,PROD0027,2026-02-13 14:10:56,179.68,1
TXN005347,CUST00670,PROD0037,2026-02-24 06:35:19,411.65,3
TXN005348,CUST00038,PROD0063,2026-02-13 02:44:51,4568.0,9
TXN005349,CUST00721,PROD0094,2026-02-19 08:12:17,7964.66,8
TXN005350,CUST00777,PROD0097,2026-02-28 11:35:56,480.09,1
TXN005351,CUST00117,PROD0060,2026-02-22 04:14:47,58.34,2
TXN005352,CUST00253,PROD0004,2026-02-08 11:54:47,7745.81,4
TXN005353,CUST00216,PROD0067,2026-02-14 06:42:42,1196.21,9
TXN005354,CUST00600,PROD0078,2026-02-07 10:36:47,215.51,5
TXN005355,CUST00351,PROD0036,2026-02-17 09:08:54,1472.75,3
TXN005356,CUST00285,PROD0062,2026-02-28 09:53:08,616.82,1
TXN005357,CUST00145,PROD0081,2026-02-21 14:27:13,5234.0,8
TXN005358,CUST00799,PROD0006,2026-02-26 07:53:00,-729.65,8
TXN005359,CUST00480,PROD0043,2026-02-15 18:57:54,433.6,4
TXN005360,CUST00234,PROD0022,2026-02-03 05:58:20,335.62,9
TXN005361,CUST00120,PROD0090,2026-02-13 16:27:39,456.9,2
TXN005362,CUST00316,PROD0097,2026-02-11 10:31:10,921.64,2
TXN005363,CUST00359,PROD0027,2026-02-06 12:36:32,341.29,2
TXN005364,CUST00373,PROD0064,2026-02-03 09:36:11,771.22,4
TXN005365,CUST00924,PROD0030,2026-02-21 11:25:22,366975.22,4
TXN005366,CUST00680,PROD0032,2026-02-06 07:39:24,1444.1,10
TXN005367,CUST00923,PROD0013,2026-02-19 05:55:08,351.49,8
TXN005368,CUST00781,PROD0055,2026-02-26 14:07:24,1005.39,4
TXN005369,CUST00520,PROD0100,2026-02-18 04:19:41,35825.31,1
TXN005370,CUST00074,PROD0091,2026-02-02 06:56:41,1343.56,6
TXN005371,CUST00062,PROD0075,2026-02-11 15:38:35,161.86,2
TXN005372,CUST00014,PROD0040,2026-02-16 11:21:59,582.77,6
TXN005373,CUST99006,PROD0052,2026-02-04 11:41:10,355.53,1
TXN005374,CUST00477,PROD0002,2026-02-21 05:33:18,66.08,6
TXN005375,CUST00575,PROD0019,2026-02-06 01:54:01,329.81,9
TXN005376,CUST00164,PROD0039,2026-02-21 21:24:19,883.65,1
TXN005377,CUST00447,PROD0067,2026-02-23 20:22:31,976.23,8
TXN005378,CUST00469,PROD0064,2026-02-10 06:16:35,-734.85,10
TXN005379,CUST00098,PROD0045,2026-02-21 14:54:22,4113.48,2
TXN005380,CUST00367,PROD0055,2026-02-16 09:46:00,2473.95,10
TXN003827,CUST00985,PROD0084,2026-02-26 22:38:29,261.4,5
TXN005382,CUST00917,PROD0070,2026-02-12 16:21:56,577.6,0
TXN004542,CUST00018,PROD0039,2026-02-12 04:37:49,783.7,5
TXN005384,CUST00313,PROD0022,2026-02-26 11:48:25,222.52,5
TXN005385,CUST00006,PROD0017,2026-02-03 07:32:06,97810.39,5
TXN005386,CUST00365,PROD0058,2026-02-18 10:15:50,1607.28,4
TXN005387,CUST00812,PROD0004,2026-02-01 15:40:53,9593.65,5
TXN005388,CUST99002,PROD0016,2026-02-05 04:15:43,67.57,1
TXN005389,CUST00998,PROD0093,2026-02-14 01:43:11,3109.84,7
TXN005390,CUST00032,PROD0068,2026-02-20 03:56:01,530.04,7
TXN005391,CUST00346,PROD0018,2026-02-22 17:25:12,22366.3,8
TXN005392,CUST00343,PROD0085,2026-02-14 05:54:10,1760.23,1
TXN005393,CUST00990,PROD0024,2026-02-06 06:35:58,4548.2,9
TXN005394,CUST00901,PROD0061,2026-02-20 10:21:44,6942.98,8
TXN000598,CUST00114,PROD0023,2026-02-06 06:14:54,565.71,3
TXN005396,CUST00503,PROD0007,2026-02-22 17:38:14,45.51,2
TXN005397,CUST00596,PROD0032,2026-02-16 22:20:28,1231.62,9
TXN005398,CUST00078,PROD0011,2026-02-12 11:22:17,491.19,0
TXN003921,CUST00088,PROD0064,2026-02-26 15:52:17,-164.31,10
TXN005400,CUST00208,PROD0062,2026-02-22 12:09:12,3984.14,6
TXN005401,CUST00867,PROD0050,2026-01-31 13:52:58,641.02,2
TXN005402,CUST00721,PROD0067,2026-02-16 04:23:14,954.36,7
TXN005403,CUST00261,PROD0038,2026-02-11 01:37:53,1114.05,4
TXN005404,CUST00227,PROD0040,2026-02-21 09:35:13,996.28,
TXN005405,CUST00933,PROD0050,2026-03-01 02:38:14,2365.64,8
TXN005406,CUST00445,PROD0069,2026-03-01 15:12:19,305126.41,8
TXN005407,CUST00039,PROD0039,2026-02-14 04:08:12,55.66,7
TXN000903,CUST00500,PROD0051,2026-02-05 14:22:33,601.49,4
TXN005409,CUST00855,PROD0096,2026-02-24 07:25:45,251.6,7
TXN005410,CUST00988,PROD0034,2026-02-18 19:31:31,612.74,8
TXN005411,CUST00937,PROD0051,2026-02-04 20:38:10,299.18,2
TXN005412,CUST00383,PROD0023,2026-02-10 04:29:42,831.74,4
TXN005413,CUST00493,PROD0078,2026-02-22 06:35:15,45.22,1
TXN005414,CUST00348,PROD0026,2026-02-02 21:55:06,155.79,2
TXN005415,CUST00537,PROD0041,2026-02-27 09:52:04,3401.53,2
TXN005416,CUST00428,PROD0023,2026-02-08 07:29:59,951.77,5
TXN005417,CUST00290,PROD0086,2026-02-05 15:49:12,,5
TXN005418,CUST00064,PROD0019,2026-02-27 05:16:01,527.62,8
TXN005419,CUST00545,PROD0049,2026-02-20 11:12:15,915.36,8
TXN005420,CUST00449,PROD0025,2026-02-27 01:30:28,257.81,6
TXN005421,CUST00169,PROD0098,2026-02-18 15:52:53,,9
TXN005422,CUST00629,PROD0088,2026-02-23 10:10:57,,3
TXN005423,CUST00851,PROD0040,2026-01-31 23:25:31,,1
TXN005424,CUST00471,PROD0013,2026-02-25 23:33:01,364.73,8
TXN005425,CUST00552,PROD0005,2026-02-27 00:33:12,253462.93,6
TXN005426,CUST00999,PROD0006,2026-02-04 23:20:26,746.08,9
TXN005427,CUST00616,PROD0018,2026-02-02 17:19:51,26129.49,10
TXN004639,CUST00171,PROD0085,2026-02-06 02:49:34,10952.06,6
TXN005429,CUST00238,PROD0049,2026-02-25 22:17:07,211.44,2
TXN005430,CUST00945,PROD0067,2026-02-17 19:49:35,933.95,7
TXN005431,CUST00208,PROD0077,2026-02-06 19:23:24,741.53,1
TXN005432,CUST00447,PROD0016,2026-01-31 12:54:57,338.05,5
TXN005433,CUST00944,PROD0004,2026-02-26 01:21:59,3511.94,2
TXN005434,CUST00312,PROD0001,2026-02-24 04:51:56,1277.24,9
TXN005435,CUST00536,PROD0069,2026-02-22 11:08:24,324968.41,8
TXN005436,CUST00847,PROD9907,2026-02-28 12:09:23,732.42,10
TXN005437,CUST00996,PROD0080,2026-02-07 17:45:03,1632.45,6
TXN005438,CUST00743,PROD0018,2026-02-06 06:27:31,10166.44,4
TXN005439,CUST00770,PROD0094,2026-02-14 06:07:04,,3
TXN005440,CUST00174,PROD0051,2026-02-22 02:31:18,318.41,2
TXN005441,CUST00249,PROD0036,2026-01-31 00:38:45,3555.54,7
TXN005442,CUST00800,PROD0055,2026-02-25 08:09:37,1995.79,7
TXN005443,CUST00460,PROD0085,2026-02-17 13:13:13,18216.7,10
TXN004070,CUST00658,PROD0081,2026-02-05 21:46:55,6417.35,10
TXN005445,CUST00470,PROD0089,2026-02-02 07:24:07,2500.57,10
TXN005446,CUST00287,PROD0075,2026-01-31 14:22:52,504.67,6
TXN005447,CUST00357,PROD0099,2026-02-01 12:29:45,447.33,3
TXN005448,CUST00985,PROD9900,2026-02-01 07:06:15,607.59,7
TXN005449,CUST00515,PROD0074,2026-02-01 10:35:14,299.51,4
TXN004413,CUST99002,PROD0010,2026-02-13 09:41:50,80.02,4
TXN005451,CUST00873,PROD0098,2026-02-28 12:29:59,2088.33,10
TXN005452,CUST00041,PROD0004,2026-02-17 11:25:04,16649.74,8
TXN005453,CUST00870,PROD0056,2026-02-12 17:58:45,118631.26,3
TXN005454,CUST00399,PROD0089,2026-02-14 22:03:28,1247.67,5
TXN005455,CUST00523,PROD0027,2026-02-26 12:58:58,496.12,3
TXN005456,CUST00607,PROD0032,2026-02-07 09:08:43,121.6,1
TXN005457,CUST00832,PROD0051,2026-02-15 10:24:22,1499.29,10
TXN005458,CUST99003,PROD0005,2026-02-04 06:25:07,939.82,
TXN005459,CUST00341,PROD0003,2026-02-26 18:45:39,136.3,1
TXN005460,CUST00429,PROD0014,2026-02-16 14:22:51,243.84,1
TXN005461,CUST00857,PROD0048,2026-02-03 15:46:10,656.27,8
TXN005462,CUST00554,PROD0080,2026-02-02 18:45:20,1986.76,8
TXN005463,CUST00208,PROD0049,2026-02-23 23:07:50,436.01,4
TXN005464,CUST00548,PROD0062,2026-02-12 19:19:06,5082.27,8
TXN005465,CUST00141,PROD0065,2026-03-01 21:43:33,79209.09,4
TXN005466,CUST00156,PROD0006,2026-03-01 20:08:49,762.66,9
TXN005467,CUST00556,PROD0023,2026-02-01 10:15:16,221.62,1
TXN005468,CUST00038,PROD0010,2026-02-17 02:15:07,40.49,2
TXN005469,CUST00690,PROD0012,2026-02-16 20:11:25,206.85,7
TXN005470,CUST00899,PROD0030,2026-01-31 16:59:51,718.15,5
TXN005471,CUST00325,PROD0094,2026-02-18 23:29:52,202424.24,2
TXN005472,CUST00955,PROD0016,2026-02-21 10:54:04,619.55,9
TXN005473,CUST00702,PROD0090,2026-02-17 15:51:02,2690.39,10
TXN005069,CUST00131,PROD0060,2026-02-17 16:43:56,209.3,7
TXN005475,CUST00436,PROD0007,2026-02-19 17:48:58,115.17,5
TXN005476,CUST00494,PROD0018,2026-02-10 08:50:10,26309.45,10
TXN005477,CUST00291,PROD0077,2026-02-14 05:42:17,605.05,4
TXN005478,CUST00375,PROD0097,2026-02-22 06:58:31,4278.69,10
TXN005479,CUST00213,PROD0012,2026-02-13 15:07:25,194.11,7
TXN005480,CUST00771,PROD0078,2026-02-09 05:19:41,302.11,7
TXN005481,CUST00863,PROD0025,2026-02-27 10:47:17,293.67,7
TXN005482,CUST00013,PROD0079,2026-02-20 22:37:17,394916.56,8
TXN005483,CUST00499,PROD0076,2026-02-11 17:49:58,50.17,2
TXN005484,CUST00228,PROD0027,2026-02-10 18:52:55,167.92,1
TXN005485,CUST00758,PROD0088,2026-02-15 15:42:52,1615.81,5
TXN005486,CUST00081,PROD0079,2026-02-01 14:29:52,412617.61,9
TXN005487,CUST00334,PROD0032,2026-02-18 04:38:14,419.43,3
TXN005488,CUST00334,PROD0024,2026-02-26 16:27:17,2119.14,4
TXN005489,CUST00831,PROD0073,2026-02-22 20:45:39,7167.22,3
TXN005490,CUST00363,PROD0034,2026-02-02 15:03:03,513.11,7
TXN005491,CUST00736,PROD9902,2026-02-04 18:26:41,240.23,6
TXN005492,CUST00791,PROD0053,2026-02-25 17:55:10,36.87,3
TXN005493,CUST00251,PROD0094,2026-02-11 12:48:34,2545.53,3
TXN005494,CUST00552,PROD0068,2026-02-06 02:56:57,-784.09,9
TXN005495,CUST00224,PROD0059,2026-02-05 14:18:43,2283.78,3
TXN005496,CUST00558,PROD0061,2026-02-24 08:08:29,1677.33,2
TXN005497,CUST00009,PROD0074,2026-02-09 11:13:06,410.41,5
TXN005498,CUST00883,PROD0044,2026-02-23 22:17:02,5497.87,4
TXN005499,CUST00588,PROD0018,2026-02-03 16:04:40,5396.46,2
TXN005500,CUST00559,PROD0035,2026-02-28 06:12:16,19137.64,8
TXN005501,CUST00394,PROD0070,2026-02-22 11:32:35,-455.96,6
TXN005502,CUST00914,PROD0030,2026-02-07 22:06:55,312.82,2
TXN005503,CUST00463,PROD0067,2026-02-06 07:56:15,994.88,7
TXN005504,CUST00170,PROD0002,2026-02-17 21:56:40,81.45,8
TXN005505,CUST00254,PROD0041,2026-01-31 01:28:53,5402.38,3
TXN005506,CUST00433,PROD0050,2026-02-08 07:09:47,-1400.25,-5
TXN005507,CUST00880,PROD0094,2026-02-24 20:11:34,6745.71,7
TXN005508,CUST00656,PROD0033,2026-02-03 18:09:41,990.25,6
TXN005509,CUST00861,PROD0024,2026-02-09 06:05:20,1534.84,3
TXN004391,CUST00318,PROD0020,2026-02-28 03:35:46,6487.45,5
TXN005511,CUST00791,PROD0007,2026-02-16 10:30:09,91.69,4
TXN005512,CUST00429,PROD0088,2026-02-21 11:18:47,302636.41,-5
TXN005513,CUST99009,PROD0100,2026-02-18 21:10:06,275086.81,8
TXN005514,CUST00233,PROD0037,2026-02-06 13:30:06,632.16,5
TXN005515,CUST00675,PROD0093,2026-02-08 20:42:45,2202.44,5
TXN005516,CUST00308,PROD0086,2026-02-02 20:27:58,8738.05,10
TXN005517,CUST00090,PROD0007,2026-02-12 08:42:30,64.13,3
TXN005518,CUST00780,PROD0069,2026-02-28 06:40:50,76998.98,2
TXN005519,CUST00925,PROD0041,2026-02-09 16:11:24,11031.17,7
TXN005520,CUST00709,PROD0059,2026-02-19 04:10:52,,9
TXN005521,CUST00312,PROD0009,2026-02-13 18:12:00,499.76,2
TXN005522,CUST00978,PROD0017,2026-02-02 13:56:58,76480.17,4
TXN005523,CUST00919,PROD0097,2026-02-06 13:23:29,1216.43,3
TXN005524,CUST00262,PROD0093,2026-02-20 14:24:11,2035.45,4
TXN005525,CUST00609,PROD0009,2026-02-12 13:29:43,1599.17,7
TXN005526,CUST00262,PROD0087,2026-02-11 18:05:09,82.61,4
TXN005527,CUST00678,PROD0058,2026-02-10 16:00:50,771.53,2
TXN005528,CUST00445,PROD0032,2026-02-12 23:59:27,759.77,6
TXN005529,CUST00026,PROD0080,2026-02-02 23:58:11,2434.94,10
TXN005530,CUST00454,PROD0001,2026-02-19 07:00:35,568.46,4
TXN005531,CUST00301,PROD0063,2026-01-31 03:22:04,4639.67,9
TXN005532,CUST00247,PROD0022,2026-02-20 23:32:39,286.51,7
TXN005533,CUST00405,PROD0093,2026-02-22 18:55:19,338.23,
TXN005534,CUST00726,PROD0021,2026-02-14 14:23:37,21606.79,8
TXN005535,CUST00988,PROD0033,2026-02-09 12:29:22,1286.01,8
TXN005536,CUST00970,PROD0077,2026-02-23 10:07:55,320.18,9
TXN005537,CUST00479,PROD0088,2026-02-15 12:04:13,1554.39,5
TXN005538,CUST00823,PROD0070,2026-02-21 10:21:19,249.83,8
TXN005539,CUST00635,PROD0071,2026-02-15 20:41:37,6704.87,3
TXN005540,CUST00627,PROD0062,2026-02-10 05:23:43,6322.25,10
TXN001667,CUST00876,PROD0052,2026-02-18 10:33:59,2246.13,6
TXN005542,CUST00566,PROD0070,2026-02-08 01:43:43,28.26,1
TXN005543,CUST00496,PROD0024,2026-02-09 03:12:27,-2506.21,-5
TXN005544,CUST00436,PROD0093,2026-02-10 19:57:14,1414.08,3
TXN005545,CUST00618,PROD0093,2026-02-01 15:42:33,899.82,2
TXN005372,CUST00443,PROD0054,2026-02-12 01:01:17,3131.16,3
TXN005547,CUST00213,PROD0058,2026-02-01 02:31:57,,3
TXN005548,CUST00336,PROD0047,2026-03-01 20:56:06,467.9,8
TXN005549,CUST00192,PROD0099,2026-02-21 04:14:08,741.86,5
TXN005550,CUST00216,PROD0011,2026-01-31 05:43:19,35.87,1
TXN005551,CUST00224,PROD0010,2026-02-22 04:08:31,,10
TXN005552,CUST00715,PROD0084,2026-02-21 09:31:57,,4
TXN005553,CUST00124,PROD0095,2026-02-15 20:46:35,532.38,0
TXN005554,CUST00203,PROD0084,2026-02-23 23:15:22,370.63,8
TXN005555,CUST00304,PROD0006,2026-02-23 06:47:25,360.25,4
TXN005489,CUST00226,PROD0093,2026-01-31 11:06:57,1001.18,2
TXN005557,CUST00920,PROD0046,2026-02-08 14:40:15,60.03,3
TXN005558,CUST00827,PROD0001,2026-02-24 14:53:15,359.46,3
TXN005559,CUST00530,PROD0017,2026-02-24 19:19:47,79.05,0
TXN005560,CUST00620,PROD0090,2026-02-21 00:36:49,1884.74,7
TXN005561,CUST00389,PROD0095,2026-02-18 19:43:33,678.7,8
TXN005562,CUST00804,PROD0039,2026-02-24 23:10:06,102.41,5
TXN005563,CUST00784,PROD0008,2026-02-09 01:18:46,-971.11,10
TXN005564,CUST00892,PROD0083,2026-02-24 00:10:01,230234.57,6
TXN005565,CUST00443,PROD9902,2026-02-22 20:50:07,498.51,9
TXN005566,CUST00999,PROD0054,2026-02-25 15:26:15,774.81,0
TXN005567,CUST00673,PROD0057,2026-02-01 12:31:49,1280.82,9
TXN005568,CUST99007,PROD0051,2026-02-10 09:04:50,311237.09,2
TXN005569,CUST00991,PROD0031,2026-02-07 06:46:58,989.19,9
TXN005570,CUST00013,PROD0090,2026-02-09 17:48:49,2270.04,9
TXN005571,CUST00344,PROD0020,2026-02-05 01:03:52,2679.3,2
TXN005572,CUST00882,PROD0046,2026-02-11 12:16:34,24.08,1
TXN005573,CUST99009,PROD0006,2026-02-06 21:35:50,697.98,9
TXN005574,CUST00009,PROD0009,2026-02-16 18:34:44,1633.86,7
TXN005575,CUST00394,PROD0019,2026-02-21 21:18:27,371.28,7
TXN005576,CUST00840,PROD0030,2026-02-19 21:22:54,1298.58,8
TXN005577,CUST00699,PROD0006,2026-02-01 11:37:38,394.62,5
TXN005578,CUST00513,PROD0038,2026-02-14 23:43:00,1934.89,8
TXN005579,CUST00652,PROD0082,2026-02-28 00:46:58,2397.41,2
TXN005580,CUST00796,PROD0046,2026-02-08 16:25:36,201.22,9
TXN005581,CUST00292,PROD0070,2026-02-09 19:19:24,163.44,6
TXN005582,CUST00148,PROD0008,2026-02-16 19:05:15,662.67,3
TXN005583,CUST00843,PROD0010,2026-02-12 13:27:28,59.78,3
TXN005584,CUST00228,PROD0048,2026-02-11 09:43:56,339.92,4
TXN005585,CUST00695,PROD0015,2026-02-01 02:49:33,2098.7,8
TXN005586,CUST00019,PROD0026,2026-02-23 15:40:34,421.92,5
TXN005587,CUST00169,PROD0096,2026-02-13 03:14:26,354.7,10
TXN005588,CUST00999,PROD0023,2026-02-08 17:09:52,1808.12,8
TXN005589,CUST00186,PROD0036,2026-02-27 20:15:58,2301.52,5
TXN005590,CUST00075,PROD0088,2026-02-27 08:10:05,2699.81,9
TXN005591,CUST00702,PROD0033,2026-02-22 09:13:34,1071.37,6
TXN005592,CUST00785,PROD0005,2026-02-18 02:03:12,89800.59,2
TXN005593,CUST00141,PROD0070,2026-02-23 09:37:18,125.35,4
TXN005594,CUST00012,PROD0083,2026-02-06 20:04:17,1718.1,8
TXN005595,CUST00857,PROD0031,2026-02-05 04:19:11,518.66,5
TXN005596,CUST00790,PROD0089,2026-02-06 02:43:06,265.5,1
TXN005597,CUST00097,PROD0061,2026-02-02 03:30:10,7845.49,10
TXN005598,CUST00922,PROD0026,2026-02-27 11:10:07,857.25,10
TXN005599,CUST00427,PROD0045,2026-02-01 20:25:44,11730.55,6
TXN005600,CUST00396,PROD0044,2026-02-09 00:18:48,13942.62,10
TXN005601,CUST00234,PROD0097,2026-02-09 21:46:31,4014.97,10
TXN005602,CUST00988,PROD0098,2026-02-27 22:12:58,849.69,4
TXN005603,CUST00095,PROD0088,2026-01-31 15:47:03,1696.9,5
TXN005604,CUST00821,PROD0084,2026-02-11 00:17:54,183888.99,10
TXN005605,CUST00073,PROD0043,2026-02-07 00:10:39,792.76,8
TXN003730,CUST00719,PROD0062,2026-02-15 13:53:45,3206.51,5
TXN005607,CUST00292,PROD0054,2026-02-23 11:31:17,8704.09,9
TXN005608,CUST00985,PROD0098,2026-02-13 17:53:08,565.02,3
TXN005609,CUST00211,PROD0099,2026-02-28 12:48:06,1510.77,10
TXN005610,CUST00089,PROD0002,2026-02-17 06:06:00,108.97,10
TXN005611,CUST00262,PROD9904,2026-02-13 13:32:29,786.72,7
TXN005612,CUST00150,PROD0008,2026-02-10 05:03:02,432.44,2
TXN005613,CUST00358,PROD0074,2026-02-01 16:53:38,781.86,10
TXN005614,CUST00264,PROD0078,2026-03-01 20:26:40,423.03,10
TXN005615,CUST00781,PROD0027,2026-02-12 20:45:10,1093.52,6
TXN005616,CUST00039,PROD0017,2026-02-05 20:20:01,170352.1,9
TXN005617,CUST00412,PROD0099,2026-02-03 14:31:25,1256.41,8
TXN005618,CUST99004,PROD0065,2026-02-23 19:31:08,138.76,
TXN005619,CUST00554,PROD0046,2026-02-15 09:32:49,91.14,4
TXN005620,CUST00718,PROD0064,2026-01-31 11:00:00,651.63,2
TXN005621,CUST00554,PROD9905,2026-02-02 06:04:22,,1
TXN005622,CUST00241,PROD0039,2026-02-07 17:20:41,403.67,5
TXN005623,CUST00065,PROD0057,2026-02-13 09:13:56,1244.34,8
TXN005624,CUST00368,PROD0074,2026-02-13 03:44:24,289.62,4
TXN005625,CUST00608,PROD0088,2026-02-16 01:16:48,1800.97,6
TXN005626,CUST00008,PROD0031,2026-01-31 18:50:20,950.22,9
TXN005627,CUST00191,PROD0040,2026-02-01 11:31:45,422.67,4
TXN005628,CUST00160,PROD0098,2026-02-11 10:09:37,834.07,4
TXN005629,CUST00051,PROD0069,2026-02-17 17:50:22,36282.02,1
TXN000332,CUST00838,PROD0060,2026-03-01 20:48:19,53.01,2
TXN005631,CUST00019,PROD0044,2026-02-10 10:32:33,9100.35,6
TXN005632,CUST00656,PROD0001,2026-02-12 11:22:02,958.63,7
TXN005633,CUST00778,PROD0098,2026-02-03 07:53:49,2058.65,10
TXN005634,CUST00477,PROD0002,2026-02-14 01:15:27,114.54,10
TXN005635,CUST00226,PROD0007,2026-02-26 11:57:41,184.08,8
TXN005636,CUST00545,PROD0070,2026-02-14 17:37:54,-27.84,-1
TXN005637,CUST00515,PROD0044,2026-02-04 10:59:33,4660.72,3
TXN005638,CUST00161,PROD0004,2026-02-22 14:48:53,11050.8,6
TXN005639,CUST00259,PROD0001,2026-02-04 03:26:17,944.12,8
TXN005640,CUST00640,PROD0030,2026-02-23 15:04:39,848.64,6
TXN005641,CUST00976,PROD0094,2026-02-20 12:20:16,1756.4,2
TXN005642,CUST00938,PROD0051,2026-01-31 02:22:10,142.97,1
TXN005643,CUST00453,PROD0003,2026-02-02 09:29:40,120.57,1
TXN005644,CUST00078,PROD0064,2026-02-19 19:04:29,-399.88,9
TXN005645,CUST99004,PROD0063,2026-03-01 14:46:48,3340.99,7
TXN005646,CUST00484,PROD0072,2026-02-22 02:46:06,1118.15,6
TXN005647,CUST00613,PROD0002,2026-02-26 13:09:43,57.37,5
TXN005648,CUST00015,PROD0004,2026-02-03 17:42:18,17762.81,9
TXN005649,CUST00991,PROD0082,2026-02-20 07:36:15,2619.4,2
TXN005650,CUST00288,PROD0004,2026-02-16 04:03:36,5490.08,3
TXN005651,CUST00061,PROD0046,2026-02-28 19:12:12,-949.8,4
TXN005652,CUST99003,PROD0066,2026-02-20 10:50:10,325.73,4
TXN005653,CUST00887,PROD0029,2026-02-25 12:24:05,89.72,4
TXN005654,CUST00814,PROD0087,2026-02-25 11:50:54,91.22,4
TXN005655,CUST00624,PROD0086,2026-02-16 09:41:39,,8
TXN004999,CUST00179,PROD0046,2026-02-19 04:31:57,45.09,2
TXN005657,CUST00838,PROD0039,2026-02-26 21:36:46,440.42,-5
TXN005658,CUST00539,PROD0019,2026-02-10 04:19:03,409.15,9
TXN005659,CUST00888,PROD0057,2026-02-02 01:54:00,1644.64,10
TXN000565,CUST00157,PROD0025,2026-02-26 11:23:27,333.03,8
TXN005661,CUST00635,PROD0021,2026-02-09 08:46:17,229265.11,6
TXN005662,CUST00592,PROD0041,2026-02-04 11:39:15,18949.15,10
TXN005663,CUST00884,PROD0041,2026-01-31 22:32:01,7836.06,5
TXN005664,CUST00481,PROD0053,2026-03-01 00:06:19,53.86,4
TXN005665,CUST00418,PROD0097,2026-02-26 15:37:13,2381.44,6
TXN005666,CUST00312,PROD0002,2026-02-10 00:15:45,52.99,5
TXN005667,CUST00583,PROD0049,2026-02-06 01:58:51,893.72,8
TXN005668,CUST00858,PROD0092,2026-02-16 15:55:26,819.93,4
TXN005669,CUST00807,PROD0049,2026-02-02 02:32:03,453.93,4
TXN005670,CUST00691,PROD0001,2026-02-06 11:18:48,801.46,6
TXN005671,CUST00960,PROD0078,2026-02-03 18:04:44,80.55,2
TXN005672,CUST00578,PROD0060,2026-02-14 22:01:05,264.1,9
TXN005673,CUST00345,PROD0067,2026-02-19 20:35:28,912.15,7
TXN005674,CUST00745,PROD0014,2026-02-18 12:23:28,2027.01,8
TXN005675,CUST00963,PROD0028,2026-02-25 17:50:07,32.07,1
TXN005676,CUST00684,PROD0058,2026-01-31 06:20:10,432.95,1
TXN005677,CUST00585,PROD0014,2026-02-28 08:27:59,726.77,3
TXN005678,CUST00287,PROD0009,2026-02-09 05:36:03,717.82,3
TXN005679,CUST00597,PROD0099,2026-02-22 06:28:02,149.05,1
TXN005680,CUST00941,PROD0087,2026-02-04 05:53:09,164.29,7
TXN005681,CUST00932,PROD0097,2026-02-02 15:44:18,1320.57,3
TXN005682,CUST00775,PROD0080,2026-02-14 11:31:01,269.1,1
TXN005683,CUST00847,PROD0040,2026-02-22 12:09:40,478.02,5
TXN005684,CUST00743,PROD0099,2026-02-19 04:37:30,488.56,3
TXN005685,CUST00128,PROD0052,2026-02-27 15:44:59,2032.39,6
TXN005686,CUST00729,PROD0085,2026-02-10 01:53:41,15384.96,10
TXN005687,CUST00109,PROD0063,2026-02-28 09:01:18,4054.04,8
TXN005688,CUST00051,PROD0016,2026-02-06 21:29:46,851.22,
TXN005689,CUST00082,PROD0030,2026-02-26 13:08:37,309.8,2
TXN005690,CUST00939,PROD0063,2026-02-02 23:16:04,3189.4,7
TXN005691,CUST00697,PROD0098,2026-02-13 17:41:18,939.73,5
TXN005692,CUST00765,PROD0052,2026-02-20 11:14:32,1669.84,5
TXN005693,CUST00432,PROD0057,2026-02-22 03:21:23,780.4,5
TXN005694,CUST00081,PROD0069,2026-02-26 17:26:33,286769.41,7
TXN005695,CUST00705,PROD0063,2026-02-27 00:18:23,3601.68,7
TXN005696,CUST00242,PROD0039,2026-02-24 06:23:39,-983.55,9
TXN005697,CUST00184,PROD0023,2026-02-19 17:55:25,557.27,3
TXN005698,CUST00745,PROD0034,2026-02-25 13:07:22,330.99,5
TXN005699,CUST00484,PROD0081,2026-02-23 07:57:45,,1
TXN005700,CUST00693,PROD0029,2026-02-16 17:39:22,235.61,10
TXN005701,CUST00011,PROD0092,2026-02-23 07:40:53,774.61,4
TXN005702,CUST00822,PROD0086,2026-02-09 16:19:25,4732.63,5
TXN005703,CUST00325,PROD0056,2026-02-26 06:50:38,37535.48,1
TXN005704,CUST00649,PROD9902,2026-02-21 04:20:35,217.09,6
TXN005705,CUST00489,PROD0056,2026-02-12 22:23:12,164917.22,5
TXN005706,CUST00464,PROD0019,2026-02-14 19:28:09,462.46,10
TXN005707,CUST00025,PROD0088,2026-02-20 12:59:16,2510.44,8
TXN005708,CUST00998,PROD0058,2026-02-06 10:09:17,1343.51,3
TXN005709,CUST00992,PROD0095,2026-02-13 01:33:10,1017.01,10
TXN005710,CUST00965,PROD0084,2026-02-25 03:51:44,242.25,5
TXN005711,CUST00485,PROD0086,2026-02-12 08:09:28,8959.5,10
TXN005712,CUST00054,PROD0043,2026-01-31 07:58:12,195.9,2
TXN005713,CUST00826,PROD0053,2026-02-06 10:58:04,53.28,4
TXN005714,CUST00354,PROD0044,2026-02-24 02:37:02,4650.5,3
TXN005715,CUST00282,PROD9907,2026-02-16 01:32:42,286.34,1
TXN005716,CUST00596,PROD0033,2026-02-28 20:55:58,1140.62,7
TXN005717,CUST00156,PROD0044,2026-02-11 07:15:16,12527.6,9
TXN005718,CUST00975,PROD9909,2026-02-15 13:17:24,668.56,2
TXN005719,CUST00506,PROD0088,2026-02-08 20:30:16,1166.33,4
TXN005720,CUST00247,PROD0031,2026-02-09 15:01:15,296.87,3
TXN005721,CUST00963,PROD0049,2026-02-09 19:06:12,714.89,7
TXN005722,CUST00837,PROD0028,2026-02-10 16:17:33,58.28,2
TXN005723,CUST00493,PROD0016,2026-02-02 11:50:13,476.64,7
TXN005724,CUST00537,PROD9905,2026-02-18 08:11:02,257.36,1
TXN005725,CUST00055,PROD0063,2026-02-12 18:47:16,1874.05,4
TXN005726,CUST00963,PROD0066,2026-02-25 01:29:22,327.27,4
TXN005727,CUST00994,PROD0002,2026-02-22 05:03:08,10.47,1
TXN005728,CUST00896,PROD0042,2026-02-05 22:19:13,690.44,3
TXN005729,CUST00296,PROD9904,2026-02-22 14:35:06,472.41,2
TXN005730,CUST00917,PROD0053,2026-02-07 07:16:02,174457.74,2
TXN005731,CUST00579,PROD0022,2026-02-22 07:52:07,88.97,2
TXN005732,CUST00928,PROD0009,2026-02-08 14:49:21,468.81,2
TXN005733,CUST00922,PROD0086,2026-02-26 10:25:03,2894.3,3
TXN005734,CUST00942,PROD0068,2026-02-14 18:08:31,434.7,6
TXN005735,CUST00827,PROD0058,2026-02-01 19:29:55,446.13,1
TXN005736,CUST00429,PROD0061,2026-02-10 20:50:14,3336.08,4
TXN005737,CUST00680,PROD0063,2026-02-24 00:08:03,2890.86,6
TXN005738,CUST00839,PROD0054,2026-02-13 20:05:15,9600.97,10
TXN005739,CUST00975,PROD0037,2026-02-11 04:13:50,403.4,3
TXN005740,CUST00286,PROD0051,2026-02-24 17:58:21,261.0,2
TXN005741,CUST00422,PROD0006,2026-02-06 08:01:14,607.01,8
TXN005742,CUST00021,PROD0005,2026-02-21 07:53:58,75877.63,2
TXN005743,CUST00115,PROD0049,2026-02-25 08:59:18,699.34,6
TXN005744,CUST00686,PROD0003,2026-02-10 19:23:31,713.05,6
TXN005745,CUST00347,PROD0024,2026-02-10 07:53:06,1995.96,4
TXN005746,CUST00376,PROD0052,2026-02-22 08:57:45,1084.97,3
TXN005747,CUST00609,PROD0030,2026-02-11 03:26:20,514.02,3
TXN005748,CUST00006,PROD0090,2026-02-25 21:16:56,49.97,0
TXN005749,CUST00979,PROD0085,2026-02-20 00:27:45,11538.56,7
TXN005750,CUST00762,PROD0091,2026-02-19 07:10:36,766.02,3
TXN005751,CUST00267,PROD0001,2026-03-01 02:47:52,123.01,1
TXN003122,CUST00142,PROD0065,2026-02-22 09:12:24,86758.9,5
TXN005753,CUST00046,PROD0074,2026-02-19 17:03:59,830.78,10
TXN005754,CUST00418,PROD0009,2026-02-19 14:06:31,616.22,3
TXN005755,CUST00963,PROD0074,2026-02-08 04:58:34,408.77,5
TXN005756,CUST00835,PROD0080,2026-02-08 16:09:55,1067.14,4
TXN005757,CUST00011,PROD0043,2026-02-16 16:57:36,904.84,8
TXN005758,CUST00933,PROD0039,2026-02-20 04:42:09,832.06,2
TXN005759,CUST00199,PROD0073,2026-02-14 18:51:29,25183.21,10
TXN005760,CUST00909,PROD0047,2026-02-14 04:08:51,228.15,4
TXN005761,CUST00705,PROD0076,2026-02-20 17:04:20,247577.74,9
TXN005762,CUST00268,PROD0063,2026-02-22 15:43:36,-942.98,5
TXN005763,CUST00507,PROD0098,2026-02-28 14:33:49,1419.67,7
TXN005764,CUST00679,PROD0018,2026-02-18 21:03:38,15165.74,6
TXN005765,CUST00249,PROD0052,2026-02-01 01:05:29,1807.29,5
TXN005766,CUST00212,PROD0079,2026-02-11 20:05:08,202288.34,4
TXN005767,CUST00429,PROD0067,2026-02-21 10:25:44,370.89,3
TXN005768,CUST00216,PROD0076,2026-02-03 09:35:18,186.55,8
TXN005769,CUST00050,PROD0016,2026-02-22 23:28:02,229.42,4
TXN005770,CUST00120,PROD0037,2026-02-09 23:30:51,735.92,5
TXN005771,CUST00458,PROD0087,2026-02-05 11:05:23,63.5,3
TXN005772,CUST00089,PROD0015,2026-02-18 02:30:26,1077.67,4
TXN004236,CUST00009,PROD0029,2026-02-01 01:12:09,91.13,4
TXN005774,CUST00186,PROD9905,2026-02-03 13:01:00,156856.36,5
TXN005775,CUST00633,PROD0060,2026-02-04 01:28:51,51.57,2
TXN005776,CUST00721,PROD0001,2026-02-22 04:10:13,366.7,3
TXN005777,CUST00266,PROD0056,2026-02-07 10:25:02,234859.83,7
TXN005778,CUST00226,PROD0022,2026-02-21 10:37:58,134.28,3
TXN005779,CUST00707,PROD0034,2026-02-23 18:27:46,75.32,1
TXN005780,CUST00595,PROD0001,2026-02-18 03:22:40,1125.42,8
TXN005781,CUST00776,PROD0048,2026-02-23 22:55:21,784.48,9
TXN005782,CUST00874,PROD0092,2026-02-10 05:35:14,837.44,4
TXN005783,CUST00327,PROD0022,2026-02-07 23:43:34,44.13,1
TXN005784,CUST00641,PROD0085,2026-02-15 18:37:13,5236.12,3
TXN005785,CUST00175,PROD0076,2026-02-16 06:49:33,226.76,10
TXN005786,CUST00740,PROD0007,2026-02-28 10:19:28,63.6,3
TXN005787,CUST00554,PROD0066,2026-02-01 06:09:21,265.33,3
TXN005788,CUST00550,PROD0057,2026-02-24 19:29:55,626.53,4
TXN005789,CUST00133,PROD0030,2026-02-27 13:22:54,514.27,3
TXN002083,CUST00921,PROD0062,2026-02-16 00:42:43,1218.83,2
TXN005791,CUST00305,PROD0060,2026-02-03 00:17:52,28.08,1
TXN005792,CUST00761,PROD0025,2026-02-18 22:37:43,41.93,1
TXN005793,CUST00333,PROD0042,2026-02-21 06:07:32,254.48,1
TXN005794,CUST00928,PROD0097,2026-02-16 04:46:23,1585.44,4
TXN005795,CUST00534,PROD0038,2026-02-09 00:56:41,2855.71,10
TXN005796,CUST00868,PROD0042,2026-02-09 04:32:31,227.55,1
TXN005797,CUST00878,PROD0027,2026-02-11 05:50:07,1117.8,7
TXN005798,CUST00641,PROD0043,2026-02-06 02:08:39,669.0,7
TXN005799,CUST00251,PROD0002,2026-02-10 14:25:37,54.08,5
TXN005800,CUST00768,PROD0069,2026-02-19 19:15:55,232677.35,6
TXN005801,CUST00966,PROD0084,2026-02-01 20:15:58,160.41,3
TXN005802,CUST00737,PROD0003,2026-02-17 18:48:33,665.03,5
TXN005803,CUST00511,PROD0085,2026-01-31 05:30:34,556.38,0
TXN005804,CUST00831,PROD0071,2026-02-07 12:32:38,17347.79,9
TXN005805,CUST00098,PROD0092,2026-02-23 13:03:25,851.31,4
TXN001999,CUST00329,PROD0046,2026-02-16 22:21:06,41.86,2
TXN005807,CUST00996,PROD0003,2026-02-10 09:07:14,1232.83,9
TXN005808,CUST00087,PROD0014,2026-02-08 03:36:01,1197.38,5
TXN005809,CUST00325,PROD0093,2026-02-28 20:47:33,3255.7,7
TXN005810,CUST00409,PROD0091,2026-02-21 11:20:26,2219.67,9
TXN005811,CUST00958,PROD0033,2026-02-18 18:31:08,1000.97,6
TXN001701,CUST00309,PROD0056,2026-02-14 14:56:31,-420.97,2
TXN005813,CUST00853,PROD0100,2026-02-15 19:54:19,74551.0,2
TXN005814,CUST00095,PROD0022,2026-02-04 11:12:21,418.36,10
TXN005815,CUST00666,PROD0061,2026-02-09 18:12:56,7623.97,8
TXN005816,CUST00363,PROD0028,2026-02-27 10:33:47,33.56,1
TXN005817,CUST00683,PROD0086,2026-02-12 10:19:40,6848.61,8
TXN005818,CUST00190,PROD0053,2026-02-20 13:44:11,115.87,9
TXN005819,CUST00007,PROD0098,2026-02-02 08:29:19,104960.92,-5
TXN003088,CUST00023,PROD0062,2026-02-13 14:42:04,1716.66,3
TXN005821,CUST00501,PROD0067,2026-02-18 13:16:09,845.71,6
TXN005822,CUST00321,PROD0011,2026-02-14 22:28:51,66.81,2
TXN005823,CUST00404,PROD0044,2026-02-02 03:42:41,1545.68,1
TXN005824,CUST00884,PROD0098,2026-02-26 00:03:26,1536.27,8
TXN005825,CUST00736,PROD0098,2026-02-18 07:01:02,1509.29,8
TXN005826,CUST00158,PROD0019,2026-02-12 03:15:12,938.75,10
TXN005827,CUST00887,PROD0063,2026-02-02 22:22:49,2497.34,5
TXN005257,CUST00434,PROD0094,2026-02-15 08:21:43,6708.68,7
TXN005829,CUST00031,PROD0038,2026-02-12 17:29:32,246.09,1
TXN005830,CUST00440,PROD0041,2026-02-25 04:01:20,14833.09,9
TXN005831,CUST00353,PROD0015,2026-02-17 02:38:21,1652.08,7
TXN005832,CUST00312,PROD0047,2026-02-08 01:28:04,115.49,2
TXN005833,CUST00447,PROD0038,2026-02-15 12:23:34,2289.06,9
TXN005834,CUST00183,PROD9909,2026-02-03 07:45:41,219.81,9
TXN005413,CUST00724,PROD0051,2026-02-04 03:30:52,470.62,3
TXN005836,CUST00190,PROD0016,2026-02-20 11:35:51,,6
TXN005837,CUST00584,PROD0079,2026-02-27 00:59:06,358123.32,7
TXN001757,CUST00031,PROD0030,2026-02-11 08:35:48,,5
TXN005839,CUST00694,PROD9907,2026-02-03 02:57:34,491.38,8
TXN005840,CUST00693,PROD0098,2026-02-09 16:47:10,602.15,3
TXN005841,CUST00842,PROD0081,2026-02-05 15:18:11,4871.95,8
TXN001677,CUST00282,PROD0066,2026-02-24 06:15:10,85.36,1
TXN005843,CUST00527,PROD0018,2026-02-17 14:11:15,5015.27,2
TXN005844,CUST00336,PROD0076,2026-02-15 17:34:09,135.09,6
TXN005845,CUST00733,PROD0038,2026-02-02 09:45:50,256.3,1
TXN005846,CUST00102,PROD0056,2026-02-12 20:33:03,294390.58,8
TXN005847,CUST00376,PROD0051,2026-02-18 00:03:09,972.67,7
TXN002583,CUST00259,PROD0011,2026-02-07 00:20:19,66.12,2
TXN005849,CUST00606,PROD0090,2026-02-11 18:09:50,541.93,2
TXN005850,CUST00381,PROD0065,2026-02-05 10:39:51,192349.16,10
TXN005851,CUST00800,PROD0056,2026-02-03 18:53:27,138926.17,4
TXN005852,CUST00153,PROD0055,2026-02-04 02:46:25,259.28,1
TXN005853,CUST00906,PROD0094,2026-02-05 19:00:41,6790.36,7
TXN005854,CUST00476,PROD0003,2026-02-22 09:42:29,1165.28,9
TXN005855,CUST00290,PROD0018,2026-02-08 11:02:41,21581.66,8
TXN005856,CUST00757,PROD0028,2026-02-06 21:20:36,63.5,2
TXN005857,CUST00602,PROD0062,2026-02-19 03:06:29,171191.51,5
TXN005858,CUST00453,PROD0089,2026-02-26 23:06:49,-152.38,8
TXN005859,CUST00078,PROD0005,2026-02-10 16:58:57,270271.15,7
TXN005860,CUST00125,PROD0032,2026-02-23 09:40:21,1293.19,10
TXN005861,CUST00371,PROD0065,2026-02-26 02:23:47,161284.59,8
TXN005862,CUST00691,PROD0067,2026-02-09 19:21:15,960.12,8
TXN005863,CUST00392,PROD0018,2026-02-21 16:04:31,7323.65,3
TXN005864,CUST00833,PROD0007,2026-02-12 09:51:13,72.41,3
TXN005865,CUST00994,PROD0069,2026-02-13 23:50:10,186361.26,5
TXN005866,CUST00979,PROD0032,2026-02-23 05:05:09,756.94,6
TXN005867,CUST00726,PROD0079,2026-02-24 05:03:29,106496.8,2
TXN005868,CUST00710,PROD0091,2026-02-21 23:47:03,454.58,2
TXN005869,CUST00412,PROD0048,2026-02-26 23:02:29,467.91,6
TXN005870,CUST00489,PROD0076,2026-02-20 02:22:18,22.64,1
TXN005871,CUST00201,PROD0072,2026-02-05 01:07:33,426.72,2
TXN005195,CUST00037,PROD0013,2026-02-24 20:59:37,136.32,3
TXN005873,CUST00113,PROD0015,2026-02-18 14:37:29,1314.78,5
TXN005874,CUST00937,PROD0004,2026-02-09 20:59:19,10242.34,6
TXN005875,CUST00199,PROD0003,2026-02-26 05:14:10,135.24,1
TXN005876,CUST00287,PROD0046,2026-02-08 16:58:58,60.97,3
TXN005877,CUST00023,PROD0001,2026-02-07 19:34:36,132.0,1
TXN005878,CUST00406,PROD0091,2026-02-21 01:01:35,1253.96,5
TXN005879,CUST00012,PROD0076,2026-02-25 02:30:47,187.25,8
TXN005880,CUST00143,PROD0080,2026-02-21 21:38:41,1902.31,8
TXN004908,CUST00296,PROD0054,2026-02-19 21:35:29,2035.51,2
TXN005882,CUST00776,PROD0039,2026-02-26 20:52:45,230.34,8
TXN005883,CUST00477,PROD0045,2026-02-09 18:32:59,3802.23,2
TXN005884,CUST00776,PROD0026,2026-02-19 00:34:59,556.92,6
TXN005885,CUST00667,PROD0050,2026-02-25 13:47:50,1756.19,6
TXN005886,CUST99009,PROD0094,2026-02-06 06:09:56,1829.48,2
TXN005887,CUST00647,PROD0048,2026-02-16 19:02:10,687.43,8
TXN005888,CUST00812,PROD0029,2026-02-13 18:55:55,-500.58,1
TXN005889,CUST00239,PROD0043,2026-02-09 23:01:02,-683.93,4
TXN005890,CUST00145,PROD0066,2026-01-31 20:24:22,84.92,1
TXN005891,CUST00769,PROD0030,2026-02-14 16:05:05,1118.59,7
TXN005892,CUST00177,PROD0048,2026-02-18 15:48:29,693.69,8
TXN005777,CUST00842,PROD0054,2026-02-27 19:33:08,7167.43,7
TXN005894,CUST00787,PROD0077,2026-02-05 13:30:09,736.46,5
TXN005895,CUST00514,PROD0052,2026-02-13 01:16:10,2670.23,8
TXN005896,CUST00451,PROD0089,2026-02-20 03:57:38,492.9,2
TXN005897,CUST00474,PROD0069,2026-02-11 04:23:31,205532.15,6
TXN005898,CUST00602,PROD0009,2026-02-21 06:03:38,1386.42,6
TXN005899,CUST00663,PROD0088,2026-02-22 01:20:42,2227.32,7
TXN005900,CUST00576,PROD0064,2026-02-26 19:06:31,662.52,6
TXN005901,CUST00683,PROD0086,2026-01-31 15:06:53,6674.14,8
TXN005902,CUST00629,PROD0045,2026-02-13 12:06:50,18453.84,10
TXN005903,CUST00912,PROD0007,2026-02-20 09:55:04,-243.51,6
TXN005904,CUST00672,PROD0067,2026-02-20 07:48:24,687.04,5
TXN005905,CUST00485,PROD0025,2026-02-20 00:57:40,318.4,7
TXN005906,CUST00487,PROD9908,2026-02-14 00:14:55,75.56,1
TXN005907,CUST00647,PROD0089,2026-02-28 12:33:10,487.39,2
TXN005908,CUST00512,PROD0044,2026-02-01 15:51:19,1427.85,1
TXN005909,CUST00065,PROD0020,2026-02-16 00:44:25,2630.52,2
TXN005910,CUST00905,PROD9909,2026-02-28 18:03:51,641.53,4
TXN005911,CUST00358,PROD0044,2026-02-28 20:40:16,10547.33,8
TXN005912,CUST00129,PROD9901,2026-02-22 19:41:53,,3
TXN005913,CUST00975,PROD0032,2026-02-19 18:13:09,288.17,2
TXN005914,CUST00041,PROD0044,2026-02-15 15:19:19,9168.77,7
TXN005915,CUST00527,PROD0084,2026-02-13 22:40:57,103.54,2
TXN005916,CUST00101,PROD0042,2026-02-17 17:10:43,1824.22,7
TXN005917,CUST00375,PROD0004,2026-01-31 02:40:18,,8
TXN005918,CUST99001,PROD0025,2026-02-09 07:29:21,92.47,2
TXN005919,CUST00781,PROD0067,2026-02-23 19:21:21,241.45,2
TXN005920,CUST00741,PROD0074,2026-02-20 05:22:44,205.93,3
TXN005921,CUST00725,PROD0080,2026-02-03 18:37:57,392426.45,5
TXN005922,CUST00679,PROD0015,2026-02-09 10:51:19,2731.41,10
TXN005923,CUST99003,PROD0089,2026-02-14 15:08:42,468.49,2
TXN005924,CUST00344,PROD0076,2026-02-27 01:11:51,250.84,10
TXN005925,CUST00634,PROD0002,2026-02-15 10:55:20,41.83,4
TXN005926,CUST00579,PROD0005,2026-02-05 16:44:36,307786.47,8
TXN005927,CUST00542,PROD0021,2026-02-15 11:37:33,-424.87,7
TXN005928,CUST00237,PROD0056,2026-02-11 05:37:53,152960.36,4
TXN005929,CUST00498,PROD0050,2026-02-04 07:41:24,1957.33,6
TXN005930,CUST00109,PROD0034,2026-02-03 11:31:23,569.01,8
TXN005931,CUST00050,PROD0039,2026-02-19 03:07:21,743.3,8
TXN005932,CUST00020,PROD0004,2026-02-05 06:00:57,11299.19,6
TXN005933,CUST00177,PROD0029,2026-02-25 08:39:19,201.07,9
TXN005934,CUST00936,PROD0005,2026-02-07 21:02:57,357751.99,9
TXN005935,CUST00826,PROD0038,2026-02-05 12:40:06,728.77,3
TXN005936,CUST00572,PROD0017,2026-02-26 15:43:08,73376.41,4
TXN005937,CUST00770,PROD0100,2026-02-21 17:31:37,151265.57,4
TXN005938,CUST00180,PROD0091,2026-02-12 00:29:10,1262.77,5
TXN005939,CUST00815,PROD0065,2026-02-14 23:58:16,71148.67,4
TXN005940,CUST00339,PROD9904,2026-02-28 18:53:00,952.1,9
TXN005941,CUST00877,PROD0030,2026-02-18 00:38:11,1060.55,7
TXN005942,CUST00662,PROD0009,2026-02-14 11:05:23,422.04,2
TXN005943,CUST00520,PROD0008,2026-02-25 02:55:13,447.92,2
TXN005944,CUST00601,PROD0092,2026-02-15 22:17:43,1139.11,6
TXN005945,CUST00676,PROD9907,2026-02-03 17:26:27,295.74,0
TXN005946,CUST00935,PROD0064,2026-02-14 03:14:41,909.28,10
TXN005947,CUST00598,PROD0015,2026-02-27 16:47:27,287.32,1
TXN005948,CUST00387,PROD0046,2026-02-05 14:17:32,106.54,5
TXN005949,CUST00372,PROD0085,2026-02-27 18:17:14,9794.83,6
TXN005840,CUST00769,PROD0011,2026-02-18 09:50:36,299.52,8
TXN005951,CUST00434,PROD0048,2026-02-23 08:53:10,250.97,3
TXN005952,CUST00432,PROD9909,2026-02-14 20:47:44,337628.52,5
TXN005953,CUST00213,PROD0021,2026-02-28 03:33:35,19743.98,7
TXN005954,CUST00997,PROD0005,2026-02-24 16:57:27,252705.28,6
TXN005955,CUST00254,PROD0046,2026-02-03 14:39:57,173.82,8
TXN005956,CUST00570,PROD0046,2026-02-18 03:42:22,218.29,10
TXN005957,CUST00554,PROD0034,2026-02-12 21:00:33,578.75,8
TXN005958,CUST99001,PROD0012,2026-02-18 13:59:58,117.77,4
TXN005959,CUST00940,PROD0070,2026-02-18 10:29:44,125.2,4
TXN005960,CUST00104,PROD0033,2026-03-01 03:50:18,1207.19,7
TXN005961,CUST00630,PROD0015,2026-02-20 10:10:58,2159.27,8
TXN005962,CUST00690,PROD0099,2026-02-01 02:12:32,,6
TXN005963,CUST00003,PROD0092,2026-02-01 03:30:14,1219.48,6
TXN005964,CUST00161,PROD0055,2026-02-17 09:03:57,1816.72,7
TXN005965,CUST00228,PROD0061,2026-02-25 17:57:47,7339.84,9
TXN005966,CUST00836,PROD0051,2026-02-06 17:38:52,-694.14,8
TXN005967,CUST00029,PROD0031,2026-02-17 08:45:25,850.59,8
TXN005968,CUST00511,PROD0088,2026-02-01 15:52:22,1257.18,4
TXN005969,CUST00327,PROD0085,2026-03-01 15:18:34,17012.75,10
TXN005970,CUST00774,PROD0077,2026-02-26 22:43:25,308.32,6
TXN005971,CUST00232,PROD0026,2026-02-26 04:16:40,914.51,10
TXN005972,CUST00697,PROD0073,2026-02-26 11:50:38,10906.45,5
TXN005973,CUST00719,PROD0034,2026-02-26 13:32:51,669.31,10
TXN005974,CUST00297,PROD0008,2026-03-01 12:01:25,2090.0,9
TXN005975,CUST00131,PROD0028,2026-02-09 01:01:43,233.33,8
TXN005976,CUST00867,PROD0004,2026-02-03 04:45:25,5666.24,3
TXN005977,CUST00464,PROD0093,2026-02-26 15:21:15,1870.36,4
TXN005978,CUST00120,PROD0068,2026-02-02 08:15:39,658.36,9
TXN005979,CUST00598,PROD0044,2026-02-15 03:30:35,,4
TXN005980,CUST00377,PROD0033,2026-02-27 10:35:38,1641.91,10
TXN005981,CUST00465,PROD0083,2026-02-12 23:13:58,885.46,4
TXN005982,CUST00634,PROD9902,2026-01-31 02:20:45,-44.77,3
TXN005983,CUST00190,PROD0061,2026-02-11 09:30:14,1849.95,2
TXN005984,CUST00851,PROD0013,2026-02-27 06:15:27,402.77,9
TXN005985,CUST00106,PROD0096,2026-02-01 19:48:26,351.12,10
TXN005986,CUST00170,PROD0053,2026-02-01 13:39:33,54.87,4
TXN005987,CUST00751,PROD0098,2026-02-16 13:24:11,1856.38,10
TXN005988,CUST00215,PROD0088,2026-02-27 21:28:22,2136.8,7
TXN005989,CUST00711,PROD0092,2026-02-21 15:42:43,,4
TXN005990,CUST00689,PROD0058,2026-02-21 16:33:11,3520.78,9
TXN005991,CUST00486,PROD0088,2026-02-27 20:37:01,2741.47,8
TXN005992,CUST00178,PROD0074,2026-02-04 11:34:43,909.1,
TXN005993,CUST00553,PROD0076,2026-02-13 13:08:08,252.18,0
TXN005994,CUST00548,PROD0009,2026-02-05 11:10:15,2107.72,9
TXN005995,CUST00870,PROD0006,2026-02-27 12:45:48,163.64,2
TXN005996,CUST00164,PROD0037,2026-02-23 21:27:25,713.03,5
TXN005997,CUST00344,PROD0001,2026-02-23 07:22:01,-3.47,9
TXN005998,CUST00358,PROD0051,2026-02-28 07:02:29,852.78,6
TXN005999,CUST00850,PROD0090,2026-02-10 20:26:57,775.31,3
TXN006000,CUST00740,PROD0089,2026-02-14 12:15:41,1044.89,4
TXN006001,CUST00226,PROD0056,2026-02-26 19:14:59,269545.63,8
TXN006002,CUST00548,PROD0083,2026-02-27 17:29:51,1683.41,7
TXN006003,CUST00090,PROD0044,2026-02-17 15:48:43,3941.97,3
TXN006004,CUST00899,PROD0097,2026-02-13 09:11:40,3473.6,8
TXN006005,CUST00831,PROD0054,2026-02-03 14:47:48,4261.04,4
TXN006006,CUST00473,PROD0077,2026-03-01 16:32:40,116.66,1
TXN006007,CUST00572,PROD0051,2026-02-28 05:48:20,621.9,4
TXN006008,CUST00176,PROD0010,2026-02-22 18:08:04,197.18,10
TXN006009,CUST00470,PROD9909,2026-02-06 19:55:31,203.83,7
TXN006010,CUST00054,PROD0002,2026-02-25 06:10:34,30.6,3
TXN006011,CUST00097,PROD0039,2026-02-06 16:25:02,516.92,5
TXN006012,CUST00708,PROD0004,2026-02-09 05:37:00,5799.51,3
TXN005362,CUST00048,PROD0072,2026-02-24 00:53:40,1302.59,7
TXN006014,CUST00634,PROD0095,2026-02-01 10:13:36,712.92,8
TXN006015,CUST00556,PROD0079,2026-02-28 17:22:26,161074.28,3
TXN006016,CUST00233,PROD0034,2026-02-13 07:48:49,212.59,3
TXN006017,CUST00861,PROD0044,2026-02-15 07:16:42,9161.7,6
TXN006018,CUST00937,PROD0024,2026-02-03 11:11:14,4222.48,9
TXN006019,CUST00652,PROD0039,2026-02-19 04:49:00,68.76,3
TXN006020,CUST00207,PROD0099,2026-02-13 19:00:41,1134.91,7
TXN006021,CUST00393,PROD0085,2026-02-03 19:21:18,1801.1,1
TXN003807,CUST00891,PROD0059,2026-02-12 17:50:26,1492.96,2
TXN006023,CUST00729,PROD0025,2026-02-09 00:49:43,370.07,9
TXN001372,CUST00013,PROD0015,2026-02-28 17:03:03,723.29,3
TXN006025,CUST99008,PROD0068,2026-02-14 16:06:21,389.64,5
TXN006026,CUST00057,PROD0051,2026-02-24 23:18:55,845.8,6
TXN006027,CUST00585,PROD0075,2026-02-27 10:42:19,221.66,3
TXN006028,CUST00142,PROD0030,2026-02-14 02:44:23,1278.9,8
TXN006029,CUST00155,PROD0051,2026-02-17 01:19:31,781.31,5
TXN006030,CUST00110,PROD0029,2026-02-04 03:02:04,23.38,1
TXN006031,CUST00737,PROD0021,2026-02-21 03:57:58,14733.03,6
TXN006032,CUST00226,PROD0064,2026-02-20 02:22:07,257.82,2
TXN006033,CUST00527,PROD0011,2026-02-08 08:28:46,337.03,10
TXN006034,CUST00734,PROD0073,2026-02-26 22:22:42,18336.9,8
TXN006035,CUST00535,PROD0055,2026-02-25 23:35:11,1014.92,4
TXN006036,CUST00087,PROD0086,2026-02-09 06:44:48,9698.89,10
TXN006037,CUST00029,PROD0041,2026-02-21 20:24:15,3140.4,2
TXN006038,CUST00795,PROD0096,2026-02-02 04:27:35,75.15,2
TXN006039,CUST00429,PROD0082,2026-02-14 15:38:32,10475.62,9
TXN006040,CUST00224,PROD0092,2026-02-10 20:59:35,1933.48,9
TXN006041,CUST00525,PROD0074,2026-02-09 12:44:10,461.43,6
TXN006042,CUST00804,PROD0078,2026-02-06 10:51:13,165.49,4
TXN006043,CUST00678,PROD0044,2026-02-27 14:17:15,3076.1,2
TXN006044,CUST00602,PROD0100,2026-02-07 07:06:19,97925.9,3
TXN006045,CUST00756,PROD0016,2026-02-11 21:59:59,438.2,7
TXN006046,CUST00497,PROD0044,2026-01-31 05:22:19,13136.42,9
TXN006047,CUST00805,PROD0006,2026-01-31 16:23:20,82.57,1
TXN002066,CUST99001,PROD0062,2026-02-27 01:20:29,575.81,1
TXN006049,CUST00600,PROD0018,2026-01-31 22:29:04,10541.6,4
TXN006050,CUST00156,PROD0096,2026-02-14 19:33:35,220.86,6
TXN006051,CUST00063,PROD0082,2026-02-02 10:20:41,11690.52,10
TXN006052,CUST00709,PROD0008,2026-02-10 00:06:24,439.1,2
TXN006053,CUST00793,PROD0009,2026-02-17 05:14:00,,4
TXN006054,CUST00665,PROD0006,2026-02-13 05:12:20,517.14,0
TXN006055,CUST00877,PROD0012,2026-02-20 18:25:12,212.96,7
TXN006056,CUST00794,PROD0015,2026-02-02 19:50:04,267.93,1
TXN006057,CUST00316,PROD0098,2026-02-16 23:00:12,200.42,1
TXN003042,CUST00343,PROD0046,2026-02-10 09:44:09,205.84,10
TXN001362,CUST00014,PROD0011,2026-02-24 21:16:43,94.44,3
TXN006060,CUST00241,PROD0023,2026-02-07 05:38:07,664.65,3
TXN006061,CUST00332,PROD0040,2026-03-01 19:12:17,732.3,7
TXN006062,CUST00564,PROD0004,2026-02-17 13:23:55,19776.72,10
TXN006063,CUST00691,PROD0083,2026-02-19 13:51:56,1437.75,7
TXN006064,CUST00281,PROD0035,2026-02-22 00:44:16,12363.24,5
TXN006065,CUST00198,PROD0046,2026-02-20 03:18:36,142.43,7
TXN006066,CUST00327,PROD0053,2026-02-09 02:38:25,55.13,4
TXN006067,CUST00860,PROD0062,2026-02-25 15:25:42,3941.94,6
TXN006068,CUST00111,PROD9904,2026-02-20 13:38:17,978.91,8
TXN006069,CUST00049,PROD0061,2026-02-05 20:25:32,2715.62,3
TXN006070,CUST99001,PROD0019,2026-02-17 19:36:22,178.18,10
TXN006071,CUST00027,PROD0003,2026-02-03 06:02:27,965.49,8
TXN006072,CUST00224,PROD0037,2026-02-13 00:41:59,142.89,1
TXN006073,CUST00577,PROD0034,2026-02-07 04:07:17,364.87,5
TXN006074,CUST00602,PROD0038,2026-02-19 14:50:25,852.22,3
TXN006075,CUST00487,PROD0003,2026-02-14 21:09:07,941.26,7
TXN006076,CUST00640,PROD0029,2026-02-28 08:17:50,42.86,2
TXN006077,CUST00897,PROD0080,2026-02-18 19:03:30,234.75,1
TXN006078,CUST00971,PROD0042,2026-02-26 00:49:37,-243.26,-1
TXN006079,CUST00684,PROD0088,2026-02-19 18:04:55,2153.34,7
TXN006080,CUST00598,PROD0071,2026-02-11 01:02:37,1932.88,1
TXN006081,CUST00792,PROD0016,2026-02-21 20:58:04,248.81,4
TXN006082,CUST00228,PROD0063,2026-02-19 09:23:49,4153.93,8
TXN006083,CUST00562,PROD0100,2026-02-14 15:59:44,319478.1,10
TXN006084,CUST00810,PROD0047,2026-02-11 14:43:34,99.3,2
TXN006085,CUST00996,PROD0095,2026-02-19 18:53:18,889.65,10
TXN006086,CUST00468,PROD0026,2026-02-01 16:37:08,407.8,5
TXN006087,CUST00684,PROD0036,2026-02-09 01:40:42,-865.9,5
TXN006088,CUST00429,PROD0045,2026-02-26 17:56:37,20011.46,10
TXN006089,CUST00047,PROD0070,2026-02-03 02:27:32,255.6,9
TXN006090,CUST00687,PROD0044,2026-02-13 19:17:30,2735.45,2
TXN006091,CUST00778,PROD0090,2026-02-25 06:58:45,525.49,2
TXN001293,CUST00129,PROD0007,2026-02-20 08:04:21,60.33,3
TXN006093,CUST00908,PROD0080,2026-02-09 18:18:36,1362.86,5
TXN006094,CUST00633,PROD0074,2026-02-02 05:24:27,832.84,10
TXN006095,CUST00519,PROD0048,2026-02-16 23:02:01,268.26,3
TXN006096,CUST00605,PROD0025,2026-02-18 23:23:13,388.81,8
TXN006097,CUST00610,PROD0054,2026-02-06 17:49:39,-152.46,10
TXN006098,CUST00479,PROD0045,2026-02-02 09:48:50,8033.16,4
TXN006099,CUST00038,PROD0071,2026-03-01 05:37:04,21847.25,10
TXN006100,CUST00059,PROD0047,2026-02-10 14:10:03,297.14,6
TXN006101,CUST00563,PROD9905,2026-02-28 20:03:36,,8
TXN006102,CUST00534,PROD0091,2026-02-13 00:27:36,902.92,4
TXN006103,CUST00632,PROD0080,2026-02-08 02:43:28,1555.54,6
TXN006104,CUST00195,PROD0100,2026-02-10 05:32:31,,1
TXN006105,CUST00801,PROD0058,2026-02-03 00:17:14,2020.09,5
TXN006106,CUST00979,PROD0097,2026-02-22 05:32:39,3193.27,8
TXN006107,CUST00629,PROD0010,2026-02-26 02:48:34,876.62,
TXN006108,CUST00564,PROD0084,2026-02-10 03:45:07,97.29,2
TXN006109,CUST00034,PROD0012,2026-02-19 20:18:01,122.56,4
TXN006110,CUST00901,PROD0006,2026-02-19 10:13:01,225.33,3
TXN006111,CUST00549,PROD0008,2026-02-26 14:31:27,217.11,1
TXN006112,CUST00695,PROD0032,2026-02-14 19:23:48,1316.37,10
TXN006113,CUST00413,PROD0072,2026-02-03 00:19:07,1304.66,6
TXN006114,CUST00053,PROD0028,2026-02-15 12:25:02,265.62,9
TXN006115,CUST00450,PROD0011,2026-03-01 13:33:41,319.48,10
TXN006116,CUST00855,PROD0020,2026-02-22 22:05:03,2697.14,2
TXN006117,CUST00364,PROD0032,2026-03-01 03:10:00,,4
TXN006118,CUST00992,PROD0015,2026-02-27 00:48:21,2217.4,8
TXN006119,CUST00903,PROD0100,2026-02-24 13:05:54,338777.0,9
TXN006120,CUST00509,PROD0045,2026-02-12 11:51:34,9019.34,5
TXN006121,CUST00879,PROD0043,2026-02-15 12:59:10,379.79,4
TXN006122,CUST00761,PROD0001,2026-02-25 09:34:55,820.09,6
TXN006123,CUST00527,PROD0089,2026-02-04 20:03:33,1856.33,7
TXN006124,CUST00816,PROD0081,2026-02-10 17:09:02,3256.91,5
TXN006125,CUST00183,PROD0023,2026-02-15 02:25:59,446.89,2
TXN006126,CUST00062,PROD0067,2026-02-21 02:48:43,839.14,7
TXN006127,CUST00173,PROD0014,2026-02-05 04:22:34,1077.91,5
TXN006128,CUST00528,PROD0037,2026-02-13 18:57:44,981.87,7
TXN006129,CUST00577,PROD0048,2026-02-08 23:29:45,154.76,2
TXN006130,CUST00081,PROD0061,2026-03-01 18:38:23,1840.95,2
TXN006131,CUST00506,PROD0016,2026-02-26 00:43:19,528.96,8
TXN006132,CUST00293,PROD0035,2026-02-23 09:00:22,9164.8,4
TXN006133,CUST00314,PROD0099,2026-01-31 21:23:29,745.53,5
TXN006134,CUST00479,PROD0041,2026-02-18 00:22:52,5242.95,3
TXN006135,CUST00313,PROD9909,2026-02-11 05:11:39,600.79,4
TXN006136,CUST00302,PROD0046,2026-02-21 11:45:38,178.05,8
TXN006137,CUST00344,PROD0007,2026-02-25 07:43:50,172.12,8
TXN006138,CUST00078,PROD0049,2026-02-27 18:32:08,636.54,6
TXN006139,CUST00883,PROD0037,2026-02-26 00:58:09,122.69,1
TXN006140,CUST00143,PROD0031,2026-02-22 19:34:35,506.23,5
TXN006141,CUST00283,PROD0016,2026-02-02 11:43:15,116.51,2
TXN003638,CUST00790,PROD0052,2026-02-28 10:26:36,1328.47,4
TXN006143,CUST00770,PROD0049,2026-02-05 19:16:19,-556.98,2
TXN006144,CUST00885,PROD0022,2026-02-16 20:05:55,432289.59,9
TXN006145,CUST00777,PROD0052,2026-02-22 17:36:35,223143.61,3
TXN006146,CUST00497,PROD0090,2026-02-09 21:21:40,1099.22,4
TXN006147,CUST00250,PROD0078,2026-02-07 05:57:53,-341.51,6
TXN006148,CUST00671,PROD0002,2026-02-19 00:45:26,94.65,8
TXN006149,CUST00783,PROD0058,2026-02-10 17:45:36,1785.56,4
TXN006150,CUST00657,PROD0095,2026-02-13 03:49:13,169.13,2
TXN006151,CUST00603,PROD0060,2026-02-27 17:04:13,28.14,1
TXN006152,CUST00849,PROD0098,2026-01-31 10:13:26,448581.21,1
TXN006153,CUST99005,PROD0080,2026-02-26 04:30:51,2016.36,8
TXN006154,CUST00899,PROD0069,2026-02-05 02:03:50,110492.38,3
TXN006155,CUST00435,PROD0010,2026-02-13 11:23:08,138.36,7
TXN006156,CUST00330,PROD0039,2026-01-31 03:58:05,912.22,7
TXN006157,CUST00654,PROD0041,2026-02-25 09:08:27,18955.16,10
TXN006158,CUST00921,PROD0067,2026-02-16 19:50:36,131.69,1
TXN006159,CUST00996,PROD9901,2026-02-05 07:31:37,485719.91,7
TXN006160,CUST00313,PROD0031,2026-02-27 03:04:23,726.51,8
TXN006161,CUST00314,PROD0003,2026-02-13 05:48:16,,7
TXN006162,CUST00943,PROD0020,2026-03-01 03:12:02,3541.9,3
TXN006163,CUST00383,PROD0030,2026-02-02 06:48:35,790.24,5
TXN006164,CUST00400,PROD0092,2026-02-03 10:40:53,1494.26,8
TXN006165,CUST00581,PROD0087,2026-02-17 13:03:28,144.62,7
TXN006166,CUST00415,PROD0072,2026-02-22 08:33:20,1714.96,8
TXN006167,CUST00026,PROD0066,2026-02-22 04:27:41,367.19,4
TXN006168,CUST00073,PROD0078,2026-02-13 20:09:52,44.67,1
TXN006169,CUST00754,PROD0023,2026-02-12 10:39:46,1711.03,9
TXN006170,CUST00713,PROD0050,2026-02-18 02:20:41,2539.08,9
TXN006171,CUST00389,PROD0066,2026-02-12 07:52:17,768.79,10
TXN006172,CUST00936,PROD0070,2026-02-25 10:09:24,218.5,8
TXN006173,CUST00364,PROD0074,2026-02-20 01:39:19,644.81,8
TXN006174,CUST00479,PROD0099,2026-02-14 12:26:06,712.05,5
TXN006175,CUST00108,PROD0057,2026-02-28 00:05:13,244413.72,2
TXN006176,CUST00318,PROD0024,2026-02-02 21:51:21,3169.34,6
TXN006177,CUST00923,PROD0068,2026-02-19 06:49:20,420573.43,2
TXN006178,CUST00473,PROD0052,2026-02-23 04:20:57,752.43,2
TXN006179,CUST00556,PROD0042,2026-02-22 02:02:49,1416.31,6
TXN006180,CUST00612,PROD0014,2026-02-22 11:36:20,2220.5,9
TXN006181,CUST00521,PROD0011,2026-02-25 14:07:39,96.08,3
TXN006182,CUST00552,PROD0031,2026-02-22 06:03:27,1060.85,10
TXN006183,CUST00135,PROD0001,2026-02-07 04:58:08,1032.95,8
TXN006184,CUST00090,PROD0069,2026-02-28 17:22:49,231831.16,6
TXN006185,CUST00611,PROD0029,2026-02-07 22:07:05,214.38,10
TXN006186,CUST00658,PROD0033,2026-03-01 23:56:24,1109.16,6
TXN006187,CUST99008,PROD0044,2026-03-01 18:04:21,4481.12,3
TXN006188,CUST00683,PROD0020,2026-02-10 17:57:11,3735.24,3
TXN006189,CUST00133,PROD0072,2026-02-21 16:44:16,191.71,1
TXN006190,CUST00775,PROD0100,2026-02-28 08:54:52,224658.82,6
TXN006191,CUST00787,PROD0032,2026-02-01 21:54:39,269.4,2
TXN006192,CUST00965,PROD0021,2026-02-08 18:14:55,2946.37,1
TXN006193,CUST00855,PROD0006,2026-02-22 04:05:42,159.51,2
TXN006194,CUST00243,PROD0057,2026-02-17 02:03:29,1331.75,8
TXN006195,CUST00646,PROD0083,2026-02-06 19:31:15,,7
TXN006196,CUST00778,PROD0003,2026-02-01 04:44:05,379.59,3
TXN006197,CUST00788,PROD0092,2026-02-13 05:21:49,209.8,1
TXN006198,CUST00695,PROD0084,2026-02-03 04:24:56,273.06,5
TXN006199,CUST00195,PROD0017,2026-02-24 17:12:28,-327.37,2
TXN006200,CUST00561,PROD0083,2026-03-01 00:17:22,1027.61,5
TXN006201,CUST00926,PROD0018,2026-02-13 02:31:09,13274.79,5
TXN006202,CUST00885,PROD0091,2026-02-21 09:15:52,1724.84,7
TXN006203,CUST00585,PROD0072,2026-02-20 17:10:47,1564.51,8
TXN006204,CUST00902,PROD0096,2026-02-05 21:48:36,64.11,2
TXN006205,CUST00837,PROD0007,2026-02-16 04:14:21,40.64,2
TXN006206,CUST00763,PROD0036,2026-02-03 12:43:18,3610.49,7
TXN006207,CUST00012,PROD0004,2026-02-14 13:41:09,11879.36,6
TXN006208,CUST00772,PROD0094,2026-02-22 09:45:33,7180.35,8
TXN006209,CUST00036,PROD0039,2026-02-24 13:20:43,374.47,6
TXN006210,CUST00634,PROD0043,2026-02-13 14:19:17,578.95,6
TXN006211,CUST00558,PROD0085,2026-02-12 19:28:24,3052.6,2
TXN006212,CUST00002,PROD0008,2026-02-02 16:28:27,428.43,2
TXN006213,CUST00748,PROD0055,2026-01-31 18:02:33,806.26,3
TXN006214,CUST00752,PROD0100,2026-02-22 09:08:49,174275.1,5
TXN006215,CUST00517,PROD0048,2026-02-19 02:20:25,412.33,5
TXN006216,CUST00932,PROD0089,2026-02-03 22:08:02,229.81,1
TXN006217,CUST00883,PROD0080,2026-02-10 20:48:47,741.95,3
TXN006218,CUST00521,PROD0044,2026-02-15 13:01:23,-7659.09,-5
TXN006219,CUST00754,PROD0021,2026-02-03 18:43:05,495465.73,2
TXN006220,CUST00177,PROD0011,2026-02-07 17:37:12,31.78,1
TXN006221,CUST00695,PROD0041,2026-02-21 04:25:01,7995.96,5
TXN006222,CUST00516,PROD0050,2026-02-25 23:28:16,2035.65,7
TXN006223,CUST00069,PROD0090,2026-02-20 04:51:11,1661.25,6
TXN006224,CUST00739,PROD0007,2026-02-03 21:27:08,20.3,1
TXN006225,CUST00979,PROD0065,2026-01-31 13:44:02,,7
TXN006226,CUST00637,PROD0088,2026-03-01 03:06:39,1888.67,6
TXN006227,CUST00502,PROD0092,2026-02-17 03:08:23,1769.29,8
TXN006228,CUST00113,PROD0089,2026-02-01 06:49:00,236.36,1
TXN006229,CUST00351,PROD0005,2026-02-02 00:47:47,81798.56,2
TXN006230,CUST00284,PROD0064,2026-02-17 09:36:19,392.62,10
TXN006231,CUST00648,PROD0052,2026-02-09 22:46:05,1772.71,5
TXN006232,CUST00683,PROD0011,2026-02-13 17:08:38,311.74,9
TXN006233,CUST00300,PROD0082,2026-02-20 16:53:20,8618.08,7
TXN006234,CUST00304,PROD0098,2026-02-20 10:11:19,1144.41,6
TXN006235,CUST00124,PROD0023,2026-02-26 21:45:49,559.98,3
TXN006236,CUST00950,PROD0039,2026-02-21 00:10:31,257.51,2
TXN006237,CUST99005,PROD0081,2026-02-24 00:46:47,593.72,1
TXN006238,CUST00099,PROD0032,2026-02-17 20:29:26,622.73,5
TXN006239,CUST00150,PROD0041,2026-02-02 16:00:13,464519.51,2
TXN006240,CUST00347,PROD0073,2026-02-04 12:20:40,4896.98,2
TXN006241,CUST99008,PROD0008,2026-02-19 18:13:38,884.38,4
TXN006242,CUST00023,PROD0011,2026-02-20 18:11:51,376.81,10
TXN006243,CUST00473,PROD0018,2026-02-18 21:00:08,2717.02,1
TXN006244,CUST00002,PROD0035,2026-02-23 16:40:09,4925.41,2
TXN006245,CUST00879,PROD0084,2026-02-01 03:32:53,448.66,8
TXN006246,CUST00085,PROD0056,2026-02-03 02:12:27,71200.82,2
TXN006247,CUST00370,PROD0077,2026-02-08 02:47:59,912.29,1
TXN006248,CUST00127,PROD0056,2026-02-24 11:14:07,,5
TXN006249,CUST00238,PROD0007,2026-02-06 08:23:45,182.49,8
TXN006250,CUST00439,PROD0085,2026-02-07 07:30:30,1632.49,1
TXN006251,CUST00652,PROD0017,2026-02-14 14:57:31,39297.83,2
TXN006252,CUST00576,PROD0063,2026-02-06 04:34:49,1304.09,3
TXN006253,CUST00176,PROD0048,2026-02-02 09:32:47,592.1,7
TXN006254,CUST00216,PROD0100,2026-02-23 18:21:12,194.2,
TXN006255,CUST00607,PROD0030,2026-02-26 10:38:45,287.39,2
TXN006256,CUST00671,PROD0073,2026-02-14 04:10:32,2372.36,1
TXN006257,CUST99008,PROD0043,2026-02-28 01:58:03,858.07,9
TXN006258,CUST00033,PROD0003,2026-02-11 12:01:12,593.89,5
TXN006259,CUST00002,PROD0093,2026-02-13 01:59:30,2360.52,5
TXN006260,CUST99009,PROD0021,2026-02-23 02:36:48,28452.14,10
TXN006261,CUST00278,PROD0052,2026-03-01 00:31:36,3260.71,10
TXN006262,CUST00164,PROD0063,2026-02-02 06:42:50,2421.7,5
TXN006263,CUST00331,PROD0014,2026-02-20 08:14:00,419.58,2
TXN006264,CUST00703,PROD0061,2026-02-19 07:20:12,4122.47,5
TXN006265,CUST00786,PROD0048,2026-02-12 08:38:06,715.51,9
TXN006266,CUST00800,PROD0080,2026-02-17 03:32:39,1742.86,7
TXN006267,CUST00842,PROD0071,2026-01-31 18:15:41,474.93,0
TXN006268,CUST00388,PROD0066,2026-02-02 02:04:52,85.66,1
TXN006269,CUST00793,PROD0063,2026-02-26 02:17:24,-53.88,6
TXN006270,CUST00038,PROD0036,2026-02-22 21:55:01,4118.22,8
TXN006271,CUST00688,PROD0036,2026-02-05 08:00:17,1424.31,3
TXN006272,CUST00339,PROD0005,2026-01-31 16:51:58,406063.98,10
TXN006273,CUST00740,PROD0027,2026-02-26 06:10:22,524.2,3
TXN006274,CUST00705,PROD0091,2026-02-19 11:06:27,792.09,3
TXN006275,CUST00127,PROD0098,2026-02-16 18:14:59,2087.68,10
TXN006276,CUST00641,PROD0065,2026-02-24 01:30:54,126070.59,6
TXN006277,CUST00273,PROD0100,2026-02-04 12:17:34,292984.33,8
TXN006278,CUST00696,PROD0036,2026-02-04 16:06:45,4284.35,8
TXN006279,CUST00185,PROD0045,2026-02-11 13:29:14,14281.34,8
TXN006280,CUST00714,PROD0055,2026-02-09 08:29:56,,7
TXN006281,CUST00339,PROD0089,2026-02-18 08:06:23,1613.03,7
TXN006282,CUST00141,PROD0022,2026-02-28 19:28:33,119.73,3
TXN006283,CUST00184,PROD0029,2026-02-01 20:09:45,217.01,9
TXN006284,CUST00942,PROD0076,2026-02-17 01:39:36,98.41,4
TXN006285,CUST00986,PROD0039,2026-02-21 07:09:47,622.19,2
TXN006286,CUST00607,PROD0014,2026-02-14 02:22:48,2181.57,9
TXN006287,CUST00952,PROD0017,2026-01-31 07:27:42,235.67,0
TXN006288,CUST00391,PROD0092,2026-02-02 10:36:27,1116.22,6
TXN006289,CUST00296,PROD0043,2026-02-17 22:25:20,726.64,7
TXN006290,CUST00703,PROD0001,2026-02-06 14:59:00,675.25,5
TXN006291,CUST00711,PROD0021,2026-02-25 22:59:26,7663.8,3
TXN006292,CUST00004,PROD0091,2026-03-01 23:36:04,510.95,2
TXN006293,CUST00577,PROD0038,2026-02-13 19:06:45,734.95,3
TXN006294,CUST00089,PROD0069,2026-02-26 12:31:57,162096.73,4
TXN004802,CUST00530,PROD0053,2026-02-02 07:11:30,53.45,4
TXN006296,CUST00835,PROD0064,2026-02-19 04:20:29,662.9,9
TXN006297,CUST00948,PROD0064,2026-01-31 22:50:51,109.11,6
TXN006298,CUST00619,PROD0016,2026-02-16 16:17:45,408.47,6
TXN006299,CUST00798,PROD0075,2026-02-20 20:20:52,80.6,1
TXN006300,CUST00690,PROD0035,2026-02-11 19:03:17,14572.72,6
TXN006301,CUST99000,PROD0094,2026-02-12 14:52:41,9550.62,10
TXN006302,CUST00506,PROD0017,2026-02-02 12:52:44,201399.07,10
TXN006303,CUST00543,PROD0061,2026-02-07 00:12:37,3255.76,4
TXN006304,CUST00287,PROD0064,2026-02-28 15:22:06,66.78,8
TXN006305,CUST00257,PROD0054,2026-02-04 00:59:29,2040.44,2
TXN006306,CUST00184,PROD0018,2026-02-02 10:23:24,5809.56,2
TXN006307,CUST00860,PROD0072,2026-02-04 21:28:46,648.73,3
TXN004750,CUST00835,PROD0068,2026-02-15 01:16:18,478.94,7
TXN004577,CUST00937,PROD0069,2026-02-14 18:16:56,101962.66,3
TXN000463,CUST00274,PROD0050,2026-02-19 19:27:47,779.44,0
TXN006311,CUST00178,PROD0056,2026-03-01 13:49:44,148356.11,4
TXN006312,CUST00225,PROD0014,2026-02-02 10:08:36,1457.87,6
TXN006313,CUST00521,PROD0035,2026-02-12 23:45:07,7217.3,3
TXN006314,CUST99009,PROD0090,2026-02-24 11:56:19,1326.02,5
TXN006315,CUST00747,PROD0001,2026-02-11 21:47:59,122.83,1
TXN006316,CUST00431,PROD0064,2026-02-02 21:02:21,575.37,8
TXN006317,CUST00895,PROD0006,2026-02-16 19:23:30,451692.16,8
TXN006318,CUST00711,PROD0035,2026-02-20 00:53:26,8527.16,4
TXN006319,CUST00124,PROD0017,2026-02-25 02:59:15,39264.84,2
TXN006320,CUST00664,PROD0070,2026-02-03 01:01:02,279.3,10
TXN002474,CUST00486,PROD0046,2026-03-01 06:13:16,20.85,1
TXN006322,CUST00290,PROD0023,2026-02-24 12:38:22,679.43,3
TXN006323,CUST00402,PROD0094,2026-02-12 01:09:33,3577.38,4
TXN006324,CUST00984,PROD0066,2026-02-23 20:58:41,488.23,6
TXN006325,CUST00637,PROD0022,2026-02-08 00:16:32,266.18,7
TXN006326,CUST00932,PROD0098,2026-02-10 23:52:08,1398.15,7
TXN006327,CUST00901,PROD0090,2026-02-09 22:17:23,1785.58,7
TXN006328,CUST00085,PROD0072,2026-02-02 15:49:00,395.2,2
TXN006329,CUST00204,PROD0099,2026-02-27 17:06:54,450.21,3
TXN006330,CUST00049,PROD0069,2026-02-02 17:38:39,33924.14,1
TXN006331,CUST00171,PROD0023,2026-02-24 16:09:07,199.76,1
TXN006332,CUST00846,PROD0016,2026-02-15 22:45:06,188.71,3
TXN006333,CUST00096,PROD0006,2026-02-17 09:06:38,-604.88,8
TXN006334,CUST00986,PROD0005,2026-02-03 06:28:53,209678.64,5
TXN006335,CUST00681,PROD0056,2026-02-08 06:07:47,158792.39,4
TXN006336,CUST00191,PROD0030,2026-02-11 09:47:31,1280.91,9
TXN003502,CUST00370,PROD0085,2026-02-17 06:24:34,12552.28,7
TXN001892,CUST00621,PROD0077,2026-02-14 06:16:34,20.58,10
TXN006339,CUST00757,PROD0051,2026-02-23 01:22:26,804.35,6
TXN006340,CUST00595,PROD0035,2026-02-20 05:42:41,12574.02,5
TXN006341,CUST00439,PROD9909,2026-02-17 21:48:02,499.83,4
TXN006342,CUST00141,PROD0065,2026-02-15 11:03:59,84354.61,4
TXN006343,CUST00543,PROD0039,2026-02-01 17:23:51,333.63,9
TXN006344,CUST00568,PROD0075,2026-02-23 19:30:09,77.88,1
TXN006345,CUST00992,PROD0088,2026-02-18 02:59:34,2014.76,6
TXN006346,CUST00355,PROD0068,2026-02-06 11:10:07,132.97,2
TXN006347,CUST00735,PROD0073,2026-02-06 22:17:11,8716.47,4
TXN006348,CUST00169,PROD0094,2026-02-12 19:47:13,1947.2,2
TXN006349,CUST00992,PROD9905,2026-02-17 12:07:39,962.25,10
TXN006350,CUST00770,PROD0081,2026-02-06 21:21:29,4633.73,8
TXN006351,CUST99003,PROD0066,2026-02-09 12:24:12,264.68,3
TXN006352,CUST00418,PROD0091,2026-02-16 13:44:29,1835.67,8
TXN006353,CUST00894,PROD0021,2026-02-09 15:04:42,10110.26,4
TXN006354,CUST00501,PROD0025,2026-02-04 13:15:31,123.05,3
TXN006355,CUST00183,PROD0015,2026-01-31 04:43:19,498.79,2
TXN006356,CUST00419,PROD0069,2026-02-24 08:34:38,153902.08,4
TXN006357,CUST00700,PROD0093,2026-02-21 03:23:09,1867.1,4
TXN006358,CUST00764,PROD0049,2026-02-27 15:19:31,442.11,4
TXN006359,CUST00215,PROD0036,2026-02-10 19:33:22,2370.32,5
TXN006360,CUST00701,PROD0088,2026-02-18 10:25:00,3165.38,10
TXN006361,CUST00111,PROD0098,2026-02-11 03:55:14,183.46,1
TXN006362,CUST00609,PROD0068,2026-02-19 01:15:16,291.7,4
TXN006363,CUST00089,PROD0041,2026-02-24 11:50:53,16820.73,9
TXN006364,CUST00016,PROD0099,2026-02-13 02:12:47,1456.21,10
TXN006365,CUST00711,PROD0083,2026-02-04 14:38:34,203.54,1
TXN006366,CUST00617,PROD0067,2026-02-17 11:45:39,1204.28,9
TXN006367,CUST00561,PROD0024,2026-02-21 10:51:21,490.45,1
TXN006368,CUST00971,PROD0031,2026-02-23 11:38:47,585.19,6
TXN006369,CUST00753,PROD0045,2026-02-03 06:31:26,18192.6,9
TXN006370,CUST00093,PROD0090,2026-02-21 04:01:42,244.4,1
TXN006371,CUST00536,PROD0081,2026-02-05 15:22:44,4002.3,7
TXN006372,CUST00822,PROD0005,2026-02-08 15:52:19,149861.99,4
TXN006373,CUST00782,PROD0070,2026-02-28 13:36:19,188.97,7
TXN006374,CUST00441,PROD0093,2026-02-07 03:47:23,4252.04,9
TXN006375,CUST00387,PROD0013,2026-02-16 19:38:05,231.32,6
TXN006376,CUST00378,PROD0009,2026-02-09 07:01:02,1392.64,6
TXN006377,CUST00260,PROD0029,2026-02-20 20:46:08,109.08,5
TXN006378,CUST00316,PROD0049,2026-02-23 18:01:28,1004.79,9
TXN006379,CUST00578,PROD0012,2026-02-04 05:38:18,,10
TXN006380,CUST00491,PROD0040,2026-02-08 03:39:59,839.62,8
TXN006381,CUST00567,PROD0034,2026-02-18 09:39:34,422.26,6
TXN006382,CUST00476,PROD0026,2026-02-24 02:40:47,626.11,7
TXN006383,CUST00443,PROD0026,2026-02-15 05:55:03,501.91,6
TXN006384,CUST00336,PROD0087,2026-02-12 23:09:28,124.41,6
TXN006385,CUST00609,PROD0077,2026-02-02 16:08:14,515.73,8
TXN006386,CUST00757,PROD0080,2026-02-08 01:58:28,718.96,3
TXN006387,CUST00957,PROD9907,2026-02-25 07:51:09,884.02,9
TXN006388,CUST00104,PROD0058,2026-02-02 09:40:34,449.05,1
TXN004011,CUST00185,PROD0098,2026-02-25 18:41:54,2019.54,10
TXN006390,CUST00204,PROD0094,2026-02-25 02:22:13,2953.65,3
TXN006391,CUST00050,PROD0054,2026-02-07 03:48:51,7180.89,7
TXN006392,CUST00534,PROD0084,2026-02-27 02:14:41,490.54,9
TXN006393,CUST00818,PROD0034,2026-02-01 19:12:00,72.64,1
TXN006394,CUST00980,PROD0093,2026-02-01 11:56:23,2029.51,4
TXN006395,CUST00467,PROD0029,2026-02-12 22:34:21,70.56,3
TXN006396,CUST00881,PROD0055,2026-02-23 11:36:36,,10
TXN006397,CUST00015,PROD0096,2026-02-26 14:49:21,309.45,9
TXN006398,CUST00984,PROD0017,2026-02-11 13:22:08,37799.71,2
TXN006399,CUST00487,PROD0030,2026-02-21 02:33:06,329.04,2
TXN006400,CUST00388,PROD0028,2026-02-16 23:04:54,269.1,9
TXN006401,CUST00389,PROD0061,2026-02-15 02:04:01,816.22,1
TXN006402,CUST00970,PROD0081,2026-02-17 05:23:54,1320.95,2
TXN006403,CUST00677,PROD0052,2026-02-10 02:22:34,420598.22,1
TXN006404,CUST00972,PROD0082,2026-02-12 05:59:30,10574.78,8
TXN006405,CUST00921,PROD0096,2026-02-23 02:45:22,353.94,10
TXN006406,CUST00415,PROD0070,2026-02-01 15:44:14,165.17,6
TXN006407,CUST00890,PROD0025,2026-02-21 03:48:16,186.53,4
TXN006408,CUST00732,PROD0100,2026-02-02 16:45:26,69504.75,2
TXN006409,CUST00553,PROD0023,2026-02-28 12:31:38,619.29,3
TXN006410,CUST00982,PROD0083,2026-02-18 21:18:37,236.78,1
TXN006411,CUST00015,PROD0013,2026-02-04 18:08:57,191.48,5
TXN006412,CUST00586,PROD0044,2026-02-11 18:40:44,-798.97,8
TXN006413,CUST00540,PROD0078,2026-02-02 21:56:54,314.74,7
TXN006414,CUST00769,PROD0042,2026-02-17 06:36:14,988.97,4
TXN006415,CUST00044,PROD0009,2026-02-23 06:41:03,1155.02,5
TXN006416,CUST00678,PROD0038,2026-02-22 04:23:59,1775.3,7
TXN006417,CUST00683,PROD0099,2026-01-31 11:23:26,169.05,1
TXN006418,CUST00653,PROD0040,2026-02-22 09:29:37,722.78,7
TXN006419,CUST00632,PROD0049,2026-02-28 08:54:15,697.55,7
TXN006420,CUST00278,PROD0061,2026-02-11 13:48:22,7758.18,9
TXN006421,CUST00666,PROD0040,2026-02-11 01:39:53,942.23,9
TXN006422,CUST00115,PROD0037,2026-02-25 01:41:46,1071.61,8
TXN006423,CUST00827,PROD0063,2026-02-13 09:08:23,4304.33,9
TXN006424,CUST00069,PROD0062,2026-02-21 21:31:54,3584.93,6
TXN006425,CUST00629,PROD0056,2026-02-06 12:54:36,209443.09,6
TXN006426,CUST00565,PROD0056,2026-02-25 09:29:21,258369.16,7
TXN006427,CUST00964,PROD0053,2026-02-26 22:18:51,60.61,5
TXN006428,CUST00326,PROD0048,2026-02-13 06:36:42,223.92,3
TXN006429,CUST00314,PROD0018,2026-02-07 19:22:25,10307.31,4
TXN006430,CUST00752,PROD0097,2026-02-20 08:37:14,3520.01,8
TXN006431,CUST00921,PROD0055,2026-02-12 17:49:13,1361.63,5
TXN006432,CUST00720,PROD0096,2026-02-07 04:57:35,169.04,5
TXN006433,CUST00912,PROD0100,2026-02-13 13:09:45,176221.29,5
TXN006434,CUST00211,PROD0056,2026-02-04 14:24:26,263967.62,8
TXN006435,CUST00115,PROD0078,2026-02-28 05:03:01,235.02,5
TXN006436,CUST00869,PROD0001,2026-02-04 00:39:02,361.84,3
TXN006437,CUST00055,PROD0076,2026-02-16 21:42:52,929.43,
TXN005212,CUST00177,PROD0037,2026-02-17 06:37:57,755.79,6
TXN006439,CUST00685,PROD0058,2026-02-04 11:38:29,904.09,2
TXN001807,CUST00931,PROD0059,2026-02-10 23:58:19,697.84,1
TXN006441,CUST00134,PROD0065,2026-02-02 22:04:56,17977.95,1
TXN006442,CUST00769,PROD0016,2026-02-09 02:17:06,623.4,10
TXN006443,CUST00892,PROD0023,2026-02-12 10:05:21,2067.59,10
TXN006444,CUST00660,PROD0006,2026-02-24 06:12:54,596.51,7
TXN006445,CUST00561,PROD0073,2026-02-15 00:31:40,20272.8,8
TXN006446,CUST00507,PROD0083,2026-02-28 17:24:14,669.89,3
TXN006447,CUST00816,PROD0016,2026-02-26 05:18:40,607.6,9
TXN006448,CUST00252,PROD0068,2026-02-10 18:20:31,333.17,
TXN006449,CUST00757,PROD0033,2026-02-24 22:49:07,1239.25,7
TXN006450,CUST99008,PROD0041,2026-02-08 18:33:25,14842.99,9
TXN006451,CUST00291,PROD0062,2026-02-07 21:58:37,4501.52,7
TXN006452,CUST00243,PROD0043,2026-02-27 12:03:25,488.19,5
TXN006453,CUST00700,PROD0029,2026-02-28 00:39:30,128.54,6
TXN006454,CUST00083,PROD0048,2026-03-01 12:19:20,421.01,5
TXN006455,CUST00156,PROD0002,2026-02-26 07:33:55,110.8,10
TXN006456,CUST00541,PROD0037,2026-02-13 00:44:32,861.88,6
TXN006457,CUST00527,PROD0082,2026-02-04 06:09:14,3856.57,3
TXN006458,CUST00661,PROD0013,2026-02-05 08:45:57,316.01,7
TXN006459,CUST00304,PROD0050,2026-02-14 19:18:29,661.84,2
TXN002801,CUST00069,PROD0056,2026-02-08 23:56:09,395572.78,3
TXN006461,CUST00598,PROD0084,2026-02-07 23:14:37,,8
TXN006462,CUST00763,PROD0099,2026-02-28 09:39:09,152.54,1
TXN006463,CUST00611,PROD0073,2026-02-11 15:44:22,12835.58,6
TXN006464,CUST00637,PROD0076,2026-02-04 09:17:29,161.26,6
TXN006465,CUST00417,PROD0047,2026-02-07 10:00:37,407.67,8
TXN006466,CUST00311,PROD0052,2026-02-23 08:16:07,1468.55,4
TXN006467,CUST00840,PROD0055,2026-01-31 00:07:11,-67.83,9
TXN006468,CUST00849,PROD0017,2026-02-07 12:15:52,133958.23,7
TXN006469,CUST00588,PROD0005,2026-02-28 12:08:50,81324.84,2
TXN006470,CUST00236,PROD0071,2026-02-25 11:00:35,9508.02,5
TXN006471,CUST00411,PROD0002,2026-02-22 20:35:05,,7
TXN006472,CUST00192,PROD0025,2026-02-22 14:19:53,274.38,6
TXN006473,CUST00883,PROD0033,2026-02-14 01:28:08,874.9,5
TXN006474,CUST00579,PROD0054,2026-02-25 01:21:53,972.27,1
TXN006475,CUST00346,PROD0025,2026-02-01 06:37:05,494.89,10
TXN006476,CUST00668,PROD0062,2026-02-07 15:49:45,1987.46,3
TXN006477,CUST00600,PROD0023,2026-02-12 22:11:15,837.52,4
TXN006478,CUST00714,PROD0018,2026-02-22 01:27:40,14767.51,6
TXN006479,CUST00387,PROD0050,2026-02-12 09:40:27,2905.27,10
TXN006480,CUST00902,PROD0012,2026-02-08 13:07:41,200711.04,3
TXN006481,CUST00065,PROD0092,2026-02-05 06:24:06,880.68,4
TXN006482,CUST00507,PROD0012,2026-02-19 06:37:23,105.89,4
TXN006483,CUST00012,PROD0099,2026-02-17 05:37:03,144.57,1
TXN006484,CUST00373,PROD0094,2026-02-03 05:25:15,988.6,1
TXN006485,CUST00304,PROD0053,2026-02-22 05:16:38,123.03,9
TXN006486,CUST00381,PROD0097,2026-02-16 22:36:38,2003.26,5
TXN006487,CUST00109,PROD0028,2026-02-24 15:55:07,245.17,8
TXN006488,CUST99009,PROD0053,2026-02-08 22:27:41,28.19,2
TXN006489,CUST00968,PROD0082,2026-02-17 16:15:20,9357.54,7
TXN006490,CUST00731,PROD0074,2026-02-25 12:13:13,-567.16,4
TXN006491,CUST00808,PROD9909,2026-02-04 08:24:14,587.03,9
TXN006492,CUST00433,PROD0012,2026-02-01 13:43:53,295.84,10
TXN006493,CUST00613,PROD0099,2026-02-25 02:10:53,156.67,1
TXN006494,CUST00991,PROD0049,2026-02-19 13:30:40,1009.38,10
TXN006495,CUST00568,PROD0020,2026-02-24 14:41:56,6581.99,5
TXN006496,CUST00115,PROD0100,2026-02-25 21:38:54,369198.07,10
TXN006497,CUST00312,PROD0086,2026-02-27 12:50:22,4320.1,5
TXN006498,CUST00389,PROD9902,2026-02-18 14:14:41,780.33,10
TXN004837,CUST00517,PROD0034,2026-02-21 22:37:47,,1
TXN006500,CUST00888,PROD0021,2026-02-24 02:35:51,7351.74,3
TXN006501,CUST00475,PROD0091,2026-02-04 11:12:17,266.11,1
TXN006502,CUST00855,PROD0095,2026-02-09 11:57:31,565.46,6
TXN006503,CUST00420,PROD0054,2026-02-03 09:38:58,6414.79,6
TXN006504,CUST00189,PROD0004,2026-02-01 02:44:32,6035.09,3
TXN006505,CUST00340,PROD0073,2026-02-01 16:03:25,14246.2,6
TXN006506,CUST00253,PROD0071,2026-02-02 13:52:44,2247.59,1
TXN004309,CUST00385,PROD0083,2026-02-16 15:12:31,656.98,3
TXN006508,CUST00141,PROD0100,2026-02-12 08:17:07,188837.04,6
TXN006509,CUST00444,PROD0092,2026-02-12 16:31:30,1772.46,8
TXN006510,CUST00827,PROD0031,2026-02-21 05:32:42,423.96,4
TXN006511,CUST00437,PROD0044,2026-02-25 15:14:21,10058.52,7
TXN006512,CUST00082,PROD0091,2026-02-17 18:51:51,1778.34,7
TXN006513,CUST00646,PROD0003,2026-02-09 23:28:56,1408.88,10
TXN006514,CUST00393,PROD0072,2026-02-28 01:50:51,210.9,1
TXN006515,CUST00784,PROD0043,2026-02-27 04:20:20,807.85,8
TXN006516,CUST00645,PROD0089,2026-02-27 03:38:39,263.36,1
TXN006517,CUST00469,PROD0037,2026-02-21 14:42:29,1434.94,10
TXN006518,CUST00220,PROD0098,2026-02-24 15:55:15,604.41,3
TXN006519,CUST00758,PROD0011,2026-02-04 00:33:25,356.3,10
TXN006520,CUST00057,PROD0026,2026-02-11 04:57:29,785.69,9
TXN006521,CUST00774,PROD0074,2026-03-01 20:12:01,406.75,5
TXN006522,CUST00609,PROD0095,2026-02-16 23:29:05,344.19,4
TXN006523,CUST00125,PROD0091,2026-02-15 06:54:22,712.11,3
TXN006524,CUST00295,PROD0048,2026-02-01 21:44:13,770.19,9
TXN006525,CUST00559,PROD0078,2026-02-06 08:06:22,326.49,7
TXN006526,CUST00562,PROD0053,2026-02-25 10:44:46,87.35,7
TXN006527,CUST00666,PROD0060,2026-02-13 18:06:56,53.11,2
TXN006528,CUST00265,PROD0016,2026-02-12 19:43:18,478.01,8
TXN006529,CUST00548,PROD0069,2026-02-16 07:35:10,368436.56,10
TXN006530,CUST00890,PROD0011,2026-02-24 15:40:43,73.97,2
TXN006531,CUST00623,PROD0036,2026-02-03 06:25:40,1561.37,3
TXN006532,CUST00217,PROD0090,2026-02-20 10:05:43,2494.72,9
TXN006533,CUST99009,PROD0011,2026-02-06 15:39:52,71.34,2
TXN006534,CUST00270,PROD0095,2026-02-23 09:15:03,640.64,7
TXN006535,CUST00608,PROD0079,2026-02-26 06:45:58,496920.3,10
TXN006536,CUST00802,PROD0036,2026-02-23 15:08:19,1932.27,4
TXN006537,CUST00815,PROD0031,2026-02-15 03:01:42,895.37,9
TXN006538,CUST00428,PROD0025,2026-02-09 21:00:34,240.95,5
TXN006539,CUST00999,PROD0099,2026-02-15 14:49:08,326.18,2
TXN006540,CUST00858,PROD0063,2026-02-03 16:16:32,4578.77,10
TXN006541,CUST00830,PROD0025,2026-02-08 08:26:40,486.54,10
TXN006542,CUST00074,PROD0063,2026-02-26 01:53:55,492.07,1
TXN006543,CUST00161,PROD0058,2026-02-01 19:29:41,2270.3,5
TXN006544,CUST00423,PROD0088,2026-02-24 20:59:19,893.07,3
TXN006545,CUST00091,PROD0055,2026-02-16 15:06:09,2036.94,8
TXN006546,CUST00576,PROD0092,2026-02-16 23:45:49,1232.71,6
TXN006547,CUST00371,PROD0086,2026-02-09 03:26:25,9372.39,10
TXN005658,CUST00992,PROD0021,2026-02-06 19:27:32,8895.37,3
TXN006549,CUST00481,PROD0044,2026-02-02 22:22:24,8873.58,6
TXN006550,CUST00977,PROD0009,2026-01-31 04:42:18,962.33,4
TXN006551,CUST00634,PROD0007,2026-02-10 17:29:15,91.21,4
TXN006552,CUST00796,PROD0071,2026-03-01 18:24:15,11388.26,5
TXN006553,CUST00643,PROD0045,2026-02-01 15:00:05,15052.27,8
TXN006554,CUST00911,PROD0092,2026-02-06 14:16:46,1553.42,8
TXN006555,CUST00414,PROD0001,2026-02-26 17:56:49,278.45,2
TXN006556,CUST00989,PROD0057,2026-02-11 13:41:58,-866.29,7
TXN006557,CUST00647,PROD0094,2026-02-13 05:06:11,2936.65,3
TXN001592,CUST00601,PROD0010,2026-02-04 06:21:08,79.11,4
TXN006559,CUST00801,PROD0063,2026-02-12 13:30:39,1808.74,4
TXN006560,CUST00939,PROD0051,2026-03-01 01:03:00,969.93,0
TXN006561,CUST00098,PROD0008,2026-02-15 13:22:10,770.72,4
TXN006562,CUST00328,PROD0018,2026-02-10 16:56:43,14858.21,6
TXN006563,CUST00672,PROD0062,2026-02-21 00:46:07,6449.06,10
TXN006564,CUST00138,PROD0092,2026-02-06 10:19:57,1739.21,8
TXN006565,CUST00788,PROD0022,2026-02-26 23:42:15,265.35,6
TXN006566,CUST00601,PROD0062,2026-03-01 13:42:23,2254.09,4
TXN006567,CUST00810,PROD0060,2026-02-01 19:09:32,51.86,2
TXN006568,CUST00526,PROD0095,2026-02-19 23:32:29,432.55,5
TXN006569,CUST00545,PROD0092,2026-02-13 23:53:52,841.74,4
TXN006570,CUST00671,PROD0061,2026-02-06 00:10:16,5551.79,6
TXN006571,CUST00822,PROD0028,2026-02-24 02:04:04,167.66,5
TXN006572,CUST00926,PROD0073,2026-02-17 07:52:40,24239.45,10
TXN006573,CUST00044,PROD0056,2026-02-25 07:31:57,206448.69,6
TXN006574,CUST00447,PROD0040,2026-01-31 07:02:09,305.35,3
TXN006575,CUST00928,PROD0048,2026-02-13 19:18:32,257.37,3
TXN006576,CUST00399,PROD0004,2026-02-19 18:26:32,5182.96,3
TXN006577,CUST00443,PROD0097,2026-02-11 20:59:55,1721.18,4
TXN006578,CUST00352,PROD0044,2026-02-14 19:20:35,13160.88,9
TXN006579,CUST00515,PROD0071,2026-02-06 11:56:53,11720.45,6
TXN006580,CUST00200,PROD0035,2026-02-27 01:42:04,21000.06,10
TXN006581,CUST00971,PROD0086,2026-02-16 01:13:20,2448.56,3
TXN006582,CUST00493,PROD0012,2026-02-14 18:18:57,91.52,3
TXN006583,CUST00228,PROD0084,2026-02-25 06:29:23,365.79,7
TXN006584,CUST00285,PROD0084,2026-02-03 12:08:47,274.12,5
TXN006585,CUST00474,PROD0078,2026-02-10 11:50:50,480.72,10
TXN006586,CUST00115,PROD0098,2026-02-03 02:53:06,351.87,2
TXN006587,CUST00449,PROD0055,2026-02-22 08:42:56,,5
TXN006588,CUST00841,PROD0072,2026-02-24 09:30:42,649.12,3
TXN006589,CUST00022,PROD0092,2026-02-11 19:05:28,649.67,3
TXN006590,CUST00771,PROD0075,2026-02-12 19:55:45,85.86,1
TXN006591,CUST00491,PROD0060,2026-02-14 01:22:23,30.9,1
TXN006592,CUST00794,PROD0077,2026-02-17 04:19:57,593.96,7
TXN006593,CUST00206,PROD0077,2026-02-09 15:22:59,634.8,5
TXN006594,CUST00349,PROD0033,2026-02-19 13:08:13,354.73,2
TXN006595,CUST00107,PROD0083,2026-02-17 08:12:45,1584.46,8
TXN006596,CUST00789,PROD0018,2026-02-28 04:36:16,16832.9,6
TXN006597,CUST00146,PROD0067,2026-02-23 19:16:06,718.65,6
TXN006598,CUST00143,PROD0053,2026-01-31 18:18:17,78.29,6
TXN006599,CUST00292,PROD0030,2026-02-13 04:12:34,925.72,6
TXN006600,CUST00880,PROD0091,2026-02-16 22:32:50,2007.66,8
TXN006601,CUST00627,PROD0062,2026-01-31 07:47:23,1186.89,2
TXN006602,CUST00899,PROD0033,2026-02-11 21:43:51,875.83,5
TXN006603,CUST00134,PROD0070,2026-02-16 06:20:42,85.7,3
TXN006604,CUST00233,PROD0047,2026-02-08 20:51:54,105.82,2
TXN006605,CUST00224,PROD0055,2026-02-13 17:55:59,1229.75,5
TXN006606,CUST00807,PROD0022,2026-02-02 05:37:20,,8
TXN006607,CUST00842,PROD0092,2026-02-23 02:37:51,1062.7,5
TXN006608,CUST00985,PROD0021,2026-02-01 02:29:16,27247.9,10
TXN006609,CUST00515,PROD0095,2026-02-26 03:08:07,201.0,2
TXN006610,CUST00014,PROD0024,2026-02-15 03:34:08,4778.38,10
TXN006611,CUST00023,PROD0047,2026-03-01 08:25:52,162.0,3
TXN006612,CUST00507,PROD0079,2026-02-09 22:27:45,45233.71,1
TXN006613,CUST00711,PROD0013,2026-02-15 14:24:58,271.21,7
TXN006614,CUST00720,PROD0070,2026-02-23 22:40:38,109.83,4
TXN006615,CUST00195,PROD0035,2026-02-05 11:00:16,11104.94,5
TXN006616,CUST00812,PROD0075,2026-03-01 23:45:00,168.64,2
TXN006617,CUST00118,PROD0008,2026-02-16 03:33:13,1365.52,6
TXN006618,CUST00958,PROD0061,2026-02-02 20:38:45,2532.25,3
TXN006619,CUST00465,PROD0091,2026-02-21 20:45:23,248.86,1
TXN006620,CUST00985,PROD0059,2026-02-17 04:10:33,6490.14,9
TXN006621,CUST99001,PROD0006,2026-02-02 22:48:32,581.94,7
TXN006622,CUST00322,PROD0028,2026-02-13 20:40:49,304.74,9
TXN006623,CUST00711,PROD0070,2026-02-26 16:35:37,229.96,8
TXN006624,CUST00831,PROD0065,2026-02-07 02:19:27,116180.12,6
TXN005832,CUST00079,PROD0031,2026-02-09 18:11:41,828.52,9
TXN006626,CUST00214,PROD0090,2026-02-01 03:05:45,975.33,4
TXN006627,CUST00651,PROD0049,2026-02-17 20:21:41,821.12,8
TXN006628,CUST00786,PROD0011,2026-02-20 19:01:00,226.74,7
TXN006629,CUST00447,PROD9902,2026-02-25 06:55:30,968.99,10
TXN006630,CUST00923,PROD0076,2026-02-18 05:45:09,269.2,10
TXN006631,CUST00164,PROD0047,2026-02-08 16:22:36,465.91,8
TXN006632,CUST00659,PROD0031,2026-02-08 15:14:09,1019.53,10
TXN006633,CUST00064,PROD0086,2026-02-25 13:53:32,1885.52,2
TXN006634,CUST00338,PROD0051,2026-02-09 13:59:27,865.71,6
TXN006635,CUST00850,PROD0004,2026-02-19 15:40:07,7799.58,4
TXN006636,CUST00327,PROD0053,2026-02-24 20:20:29,41.27,3
TXN006637,CUST00821,PROD0042,2026-02-19 04:03:49,1021.34,4
TXN006638,CUST00109,PROD0074,2026-02-03 08:02:11,652.85,8
TXN006639,CUST00091,PROD0055,2026-02-21 20:24:02,2496.3,9
TXN006640,CUST00418,PROD0085,2026-02-03 14:21:50,10669.1,6
TXN006641,CUST00244,PROD0081,2026-02-28 05:11:36,644.56,1
TXN006642,CUST00092,PROD0004,2026-02-13 23:33:24,5440.24,3
TXN006643,CUST00989,PROD0057,2026-02-03 16:04:32,467.98,3
TXN006644,CUST00209,PROD0064,2026-02-01 05:27:35,864.88,2
TXN006645,CUST00671,PROD0018,2026-01-31 00:04:11,12195.95,5
TXN006646,CUST00934,PROD0025,2026-02-02 18:24:04,41.2,1
TXN006647,CUST00610,PROD0026,2026-02-08 20:41:51,237.02,3
TXN006648,CUST00970,PROD0025,2026-02-24 00:21:33,363.05,8
TXN006649,CUST00184,PROD0060,2026-02-17 20:18:09,102.73,4
TXN006650,CUST00477,PROD0002,2026-02-12 01:39:05,83.91,8
TXN006651,CUST00695,PROD0089,2026-02-22 06:32:57,1816.83,7
TXN000801,CUST00975,PROD0025,2026-02-19 07:23:25,130.38,3
TXN006653,CUST00344,PROD0094,2026-02-21 00:18:57,8481.67,10
TXN006654,CUST00506,PROD0058,2026-02-11 21:57:58,436.27,1
TXN006655,CUST00206,PROD0047,2026-02-02 13:53:47,534.48,9
TXN006656,CUST00248,PROD0005,2026-02-19 06:11:56,83229.77,2
TXN006657,CUST00030,PROD0001,2026-02-07 22:08:18,237.27,2
TXN006658,CUST00973,PROD0017,2026-02-13 07:47:58,73847.14,4
TXN006659,CUST00384,PROD0017,2026-02-24 14:42:20,188632.59,10
TXN006660,CUST00888,PROD0085,2026-02-20 20:13:25,4900.04,3
TXN004993,CUST00297,PROD0058,2026-02-14 16:58:45,1624.9,4
TXN006662,CUST00303,PROD0062,2026-02-23 09:47:54,4777.25,8
TXN006663,CUST00892,PROD0030,2026-02-17 05:02:04,336.31,2
TXN006664,CUST00770,PROD0072,2026-02-22 23:48:49,634.7,3
TXN006665,CUST00240,PROD0052,2026-02-04 06:59:50,647.41,2
TXN006666,CUST00648,PROD0055,2026-02-04 07:27:37,2652.95,10
TXN006567,CUST00749,PROD0026,2026-02-12 22:33:15,154.63,2
TXN006668,CUST00079,PROD0035,2026-02-22 00:14:22,23368.42,10
TXN006669,CUST00128,PROD0045,2026-02-28 05:20:57,4143.63,2
TXN006670,CUST00449,PROD0078,2026-02-18 20:21:39,297.75,7
TXN006671,CUST00172,PROD0068,2026-02-08 00:35:45,732.5,10
TXN006672,CUST00065,PROD0024,2026-02-11 10:51:02,535.47,1
TXN006673,CUST00599,PROD0042,2026-02-24 22:30:26,2037.95,9
TXN006674,CUST00495,PROD0036,2026-02-27 23:33:55,2256.89,5
TXN006675,CUST00861,PROD0100,2026-02-04 09:34:22,246181.01,7
TXN006676,CUST00633,PROD0036,2026-02-15 07:58:58,2814.54,6
TXN006677,CUST00372,PROD0049,2026-02-27 21:37:55,100.53,1
TXN006678,CUST00620,PROD0021,2026-02-17 05:21:41,20658.75,7
TXN006679,CUST00526,PROD0012,2026-02-12 04:57:19,177.71,6
TXN006680,CUST00040,PROD0078,2026-02-24 21:45:38,303.06,7
TXN006681,CUST00039,PROD0085,2026-02-03 14:04:33,10546.1,6
TXN006682,CUST00602,PROD0047,2026-02-17 04:21:22,360.57,7
TXN006683,CUST00958,PROD0085,2026-02-14 07:32:38,18429.17,10
TXN006684,CUST00095,PROD0015,2026-02-12 01:51:05,-357.76,9
TXN006685,CUST00945,PROD0038,2026-02-21 01:16:54,2189.02,9
TXN006686,CUST00062,PROD0039,2026-02-14 04:54:41,255.35,3
TXN006687,CUST00171,PROD0099,2026-02-06 14:20:07,1514.52,9
TXN006688,CUST00672,PROD0066,2026-02-05 14:00:49,714.97,9
TXN006689,CUST00489,PROD0049,2026-02-26 19:54:50,986.41,10
TXN006690,CUST00720,PROD0045,2026-02-21 23:07:05,15991.24,8
TXN006691,CUST00459,PROD0012,2026-02-17 23:07:30,27.72,1
TXN006692,CUST00926,PROD0076,2026-02-04 01:07:48,141.72,6
TXN006693,CUST00604,PROD0033,2026-02-08 06:46:31,1456.66,8
TXN006694,CUST00308,PROD0078,2026-02-12 12:24:25,243.21,6
TXN006695,CUST00065,PROD0093,2026-02-24 02:01:10,4913.44,10
TXN006696,CUST00881,PROD0049,2026-02-07 02:39:14,930.92,9
TXN006697,CUST00997,PROD0084,2026-02-23 22:53:33,216.75,4
TXN006698,CUST00279,PROD0006,2026-02-24 02:43:30,705.33,8
TXN006699,CUST00246,PROD0093,2026-01-31 18:31:49,-396.88,2
TXN006700,CUST99009,PROD0047,2026-02-13 23:10:55,99.61,2
TXN006701,CUST00808,PROD0046,2026-02-23 23:19:26,147.2,
TXN006702,CUST00503,PROD0041,2026-02-22 09:11:16,16910.9,10
TXN006703,CUST00547,PROD0055,2026-02-08 08:51:12,563.7,2
TXN006704,CUST00146,PROD0008,2026-02-05 20:55:31,2037.1,9
TXN006705,CUST00331,PROD0004,2026-02-10 16:58:19,10304.69,5
TXN006706,CUST00553,PROD0095,2026-02-16 10:44:23,923.66,9
TXN006707,CUST00416,PROD0090,2026-01-31 18:02:18,235.84,1
TXN006708,CUST00841,PROD0052,2026-03-01 23:27:54,1344.57,4
TXN006709,CUST00886,PROD0049,2026-02-04 17:59:58,579.95,5
TXN006710,CUST00848,PROD0056,2026-02-16 02:06:31,394450.75,10
TXN006711,CUST00980,PROD0077,2026-02-15 20:26:19,283.04,4
TXN006712,CUST00565,PROD0059,2026-02-10 07:43:30,2137.31,3
TXN006713,CUST00750,PROD0019,2026-02-19 00:31:50,984.28,6
TXN006714,CUST00979,PROD0024,2026-02-05 00:27:30,1575.76,3
TXN006715,CUST00261,PROD0050,2026-02-05 15:24:30,2907.35,10
TXN006716,CUST00485,PROD0083,2026-02-13 21:41:30,889.09,4
TXN006717,CUST00503,PROD0085,2026-02-28 20:52:08,3325.65,2
TXN006718,CUST00616,PROD0099,2026-02-12 02:27:27,160.69,1
TXN006719,CUST00119,PROD0004,2026-02-08 05:59:35,15879.42,9
TXN006720,CUST00857,PROD0085,2026-02-15 22:58:05,12716.18,8
TXN006721,CUST00786,PROD0011,2026-02-08 07:47:09,307.11,8
TXN006722,CUST00890,PROD0069,2026-02-16 06:54:53,123050.55,3
TXN006723,CUST00984,PROD0057,2026-02-19 14:46:35,595.69,0
TXN006724,CUST00274,PROD0067,2026-02-15 18:28:03,554.96,4
TXN006725,CUST00063,PROD0067,2026-01-31 22:24:44,256.88,2
TXN006726,CUST00267,PROD0059,2026-02-08 02:06:47,4043.34,6
TXN006727,CUST00451,PROD0099,2026-02-22 19:55:46,766.85,5
TXN006728,CUST00904,PROD0034,2026-02-24 14:42:53,140.09,2
TXN006729,CUST00688,PROD0063,2026-02-28 00:04:51,4679.14,9
TXN006730,CUST00230,PROD0057,2026-02-06 13:07:04,773.14,5
TXN006731,CUST00185,PROD0025,2026-02-12 12:59:58,385.31,9
TXN006732,CUST00635,PROD0005,2026-02-06 05:03:25,340162.69,9
TXN006733,CUST00813,PROD0032,2026-02-05 15:13:35,977.76,8
TXN006734,CUST00142,PROD0031,2026-02-25 08:00:56,532.42,5
TXN006735,CUST00976,PROD0072,2026-02-27 07:30:36,617.87,3
TXN006736,CUST00261,PROD0017,2026-02-08 13:56:56,154055.01,9
TXN005337,CUST00667,PROD0029,2026-02-08 06:17:02,46.19,2
TXN006738,CUST00946,PROD0073,2026-02-23 08:32:30,10113.04,4
TXN006739,CUST00459,PROD0094,2026-02-11 18:27:15,4000.44,4
TXN006740,CUST00679,PROD0081,2026-02-25 04:17:19,5345.67,8
TXN006741,CUST00713,PROD0055,2026-02-02 15:29:23,746.36,3
TXN006742,CUST00344,PROD0009,2026-02-28 14:51:44,670.35,3
TXN006743,CUST00006,PROD0061,2026-02-02 21:30:02,1653.58,2
TXN006744,CUST00036,PROD0084,2026-02-21 23:35:40,214.91,4
TXN006745,CUST00276,PROD0086,2026-02-07 14:20:18,7635.21,8
TXN006746,CUST00515,PROD0003,2026-02-08 12:36:27,1100.52,8
TXN006747,CUST00730,PROD0022,2026-02-19 07:41:39,,1
TXN006748,CUST00840,PROD0057,2026-02-07 00:17:03,1472.1,10
TXN006749,CUST00878,PROD0056,2026-02-07 13:01:49,243235.59,7
TXN006750,CUST00865,PROD0055,2026-02-16 06:33:00,-281.82,-1
TXN006751,CUST00517,PROD0058,2026-02-17 14:28:42,1719.58,4
TXN006752,CUST00523,PROD0043,2026-02-25 18:27:16,1037.05,10
TXN006753,CUST00418,PROD0091,2026-02-26 06:37:22,1049.94,4
TXN006754,CUST00676,PROD0047,2026-02-07 17:03:50,112.48,2
TXN006755,CUST00931,PROD0097,2026-02-12 17:29:49,395.76,1
TXN006756,CUST00366,PROD0031,2026-02-10 19:20:08,107.93,1
TXN006757,CUST00043,PROD0005,2026-02-11 17:46:40,159686.38,4
TXN006758,CUST00999,PROD0041,2026-02-28 02:02:57,,1
TXN006759,CUST00513,PROD0061,2026-02-23 00:07:38,4746.05,5
TXN006760,CUST00286,PROD0020,2026-02-24 09:29:05,7214.54,6
TXN006761,CUST00890,PROD0072,2026-02-05 18:22:39,435.39,2
TXN006762,CUST00820,PROD0016,2026-02-22 16:27:34,139.07,2
TXN006763,CUST00240,PROD0093,2026-02-10 15:49:20,3892.77,8
TXN006764,CUST00288,PROD0003,2026-02-13 05:31:18,1250.02,10
TXN006765,CUST00207,PROD0007,2026-02-28 18:02:25,236.43,10
TXN006766,CUST00103,PROD9904,2026-02-01 01:24:14,210.57,5
TXN006767,CUST00416,PROD0049,2026-02-27 19:46:48,881.05,9
TXN006768,CUST00835,PROD0051,2026-02-22 02:51:47,901.52,6
TXN006769,CUST00108,PROD0025,2026-02-16 02:45:24,208.38,5
TXN006770,CUST00167,PROD0083,2026-02-16 05:14:30,1680.33,7
TXN006771,CUST00953,PROD0048,2026-02-02 20:45:56,512.12,6
TXN006772,CUST00269,PROD0005,2026-02-14 13:25:26,41361.0,1
TXN006773,CUST00314,PROD0094,2026-02-06 20:36:10,5865.51,6
TXN006774,CUST00305,PROD0039,2026-02-05 18:15:11,549.57,9
TXN006775,CUST00885,PROD0041,2026-02-10 08:53:34,14197.1,8
TXN000405,CUST00115,PROD0012,2026-02-06 19:29:09,235.39,9
TXN006777,CUST00049,PROD0089,2026-02-08 21:25:18,249.03,1
TXN006778,CUST00419,PROD0063,2026-02-12 13:02:46,,9
TXN006779,CUST00625,PROD0069,2026-01-31 17:43:56,335555.69,9
TXN006780,CUST00432,PROD0081,2026-02-07 06:45:03,1882.32,3
TXN006781,CUST00559,PROD0090,2026-02-15 23:14:36,2539.1,10
TXN006782,CUST00686,PROD0043,2026-02-22 15:29:19,412481.88,7
TXN006783,CUST00372,PROD0092,2026-02-23 15:35:54,1787.29,9
TXN006784,CUST00073,PROD0056,2026-02-09 16:39:03,219254.05,6
TXN006785,CUST00844,PROD0098,2026-02-08 00:47:48,406.2,2
TXN006786,CUST00675,PROD0006,2026-02-03 05:27:49,809.36,9
TXN006787,CUST00460,PROD0096,2026-02-08 22:28:47,323.54,9
TXN006788,CUST00349,PROD0035,2026-02-26 00:00:12,21704.16,10
TXN006789,CUST00210,PROD0026,2026-02-12 03:25:23,263.12,3
TXN006790,CUST00653,PROD0067,2026-02-07 09:00:27,511.71,4
TXN006791,CUST00986,PROD0079,2026-01-31 20:48:16,364036.5,8
TXN006792,CUST00185,PROD0048,2026-02-23 07:52:08,153.97,2
TXN006793,CUST00828,PROD0082,2026-02-13 14:34:42,1332.82,1
TXN006794,CUST00865,PROD0087,2026-02-17 03:17:13,142.04,7
TXN006795,CUST00242,PROD0010,2026-02-26 03:56:21,-18.81,-1
TXN006796,CUST00662,PROD0013,2026-02-20 02:26:13,274.06,6
TXN006797,CUST00787,PROD0059,2026-02-20 15:15:22,5558.66,8
TXN006798,CUST00831,PROD0029,2026-02-20 08:31:29,187.73,8
TXN006799,CUST00993,PROD0048,2026-02-22 01:41:45,529.22,6
TXN006800,CUST00869,PROD0064,2026-02-02 03:13:04,159.38,4
TXN006801,CUST00131,PROD0099,2026-02-24 21:42:58,1433.45,10
TXN006802,CUST00452,PROD0093,2026-02-28 18:40:28,920.9,2
TXN006803,CUST00846,PROD0094,2026-02-08 03:43:21,9423.7,10
TXN006804,CUST00075,PROD0057,2026-02-19 02:25:17,1250.64,8
TXN006805,CUST00202,PROD0097,2026-02-03 12:10:55,464.78,1
TXN006806,CUST00567,PROD0046,2026-02-06 22:19:56,21.27,1
TXN006807,CUST00575,PROD0030,2026-01-31 18:44:59,897.46,6
TXN006808,CUST00716,PROD0001,2026-02-13 11:47:40,847.69,7
TXN006809,CUST00248,PROD0086,2026-02-28 02:29:17,7118.42,8
TXN006810,CUST00760,PROD0097,2026-02-05 08:07:33,,6
TXN006811,CUST00409,PROD0062,2026-02-07 15:12:56,5451.89,9
TXN006812,CUST00363,PROD0100,2026-02-07 04:23:09,404130.52,5
TXN006813,CUST00231,PROD0082,2026-02-15 14:40:58,7711.06,6
TXN006814,CUST00003,PROD0069,2026-02-04 18:45:35,351825.67,10
TXN006815,CUST00837,PROD0097,2026-02-07 07:10:50,2852.14,6
TXN006816,CUST99002,PROD0019,2026-02-01 20:16:51,920.68,7
TXN006817,CUST00114,PROD0049,2026-02-10 20:42:17,488.45,5
TXN006818,CUST00602,PROD0089,2026-02-20 21:22:16,738.81,3
TXN006819,CUST00411,PROD0076,2026-02-16 03:04:57,201.52,8
TXN006820,CUST00894,PROD0017,2026-02-27 13:27:46,60356.74,3
TXN006821,CUST00939,PROD0052,2026-01-31 15:12:32,103284.9,7
TXN006822,CUST00923,PROD0024,2026-02-16 19:09:13,4086.47,9
TXN006823,CUST00495,PROD0064,2026-02-14 23:49:12,595.86,10
TXN006824,CUST00516,PROD0083,2026-02-23 16:58:17,446.95,2
TXN006825,CUST00216,PROD0022,2026-02-08 02:10:18,210.2,5
TXN006002,CUST00431,PROD0036,2026-02-22 16:42:00,3158.03,6
TXN006827,CUST00529,PROD0029,2026-02-05 09:03:53,149.56,7
TXN006828,CUST00756,PROD0032,2026-02-13 05:44:33,407.19,3
TXN006829,CUST00366,PROD0063,2026-02-26 14:28:26,3474.97,7
TXN006830,CUST00345,PROD0049,2026-02-28 18:16:17,1143.2,10
TXN006831,CUST00873,PROD0080,2026-02-16 04:26:08,2272.6,9
TXN006832,CUST00150,PROD0072,2026-02-10 21:47:35,1834.49,10
TXN006833,CUST00500,PROD0085,2026-02-12 04:56:07,11969.53,7
TXN006834,CUST00939,PROD0036,2026-02-14 03:59:17,914.83,2
TXN006835,CUST00931,PROD0001,2026-02-26 16:14:23,1246.91,9
TXN005377,CUST00071,PROD0002,2026-02-02 13:55:56,10.82,1
TXN006837,CUST00377,PROD0023,2026-02-17 22:27:27,400.25,2
TXN001542,CUST00072,PROD0059,2026-02-03 19:35:48,1522.6,2
TXN006839,CUST00078,PROD0089,2026-03-01 08:45:02,2562.38,10
TXN006840,CUST00826,PROD0043,2026-02-22 04:41:10,887.02,8
TXN006841,CUST00413,PROD0013,2026-02-05 15:53:23,158.11,4
TXN006842,CUST00673,PROD0051,2026-02-06 05:06:40,1182.53,8
TXN006843,CUST00237,PROD0089,2026-02-25 14:44:40,455.25,2
TXN006844,CUST00534,PROD0068,2026-02-11 23:25:43,198.53,3
TXN006845,CUST00276,PROD0010,2026-02-15 00:00:42,190.91,9
TXN006846,CUST00354,PROD0072,2026-02-17 05:04:32,197.19,1
TXN006847,CUST00007,PROD0053,2026-02-25 17:27:35,87.82,7
TXN006848,CUST00617,PROD0076,2026-01-31 15:22:53,24.93,1
TXN006849,CUST00642,PROD0023,2026-02-28 09:13:40,1964.97,9
TXN006850,CUST00983,PROD9908,2026-02-24 12:48:20,723.3,6
TXN006851,CUST00690,PROD0073,2026-02-06 08:19:45,22023.2,9
TXN006852,CUST00012,PROD0059,2026-02-27 14:39:45,4465.19,6
TXN006853,CUST00294,PROD0048,2026-02-24 00:52:35,509.92,6
TXN006854,CUST00568,PROD0012,2026-02-05 13:47:55,264.69,9
TXN006855,CUST00456,PROD0049,2026-02-04 12:49:53,193303.96,1
TXN006856,CUST00170,PROD0063,2026-02-09 07:54:04,3888.65,9
TXN006857,CUST00007,PROD0027,2026-02-14 15:39:36,1033.55,6
TXN006858,CUST00318,PROD0008,2026-02-17 08:44:53,1732.13,8
TXN006859,CUST00585,PROD0028,2026-02-25 23:14:59,168.33,5
TXN005442,CUST00715,PROD0094,2026-02-07 12:38:51,5678.76,6
TXN006861,CUST00615,PROD0074,2026-02-10 07:27:48,449.03,6
TXN006862,CUST00205,PROD0090,2026-02-15 02:20:29,2358.37,9
TXN006863,CUST00144,PROD0018,2026-02-06 03:29:32,8737.06,3
TXN006864,CUST00316,PROD0058,2026-02-02 23:44:47,2139.56,5
TXN006865,CUST00757,PROD0049,2026-02-28 09:57:18,100.28,1
TXN006866,CUST00235,PROD0005,2026-02-11 17:35:49,119207.55,3
TXN006867,CUST00567,PROD0057,2026-01-31 21:06:09,1547.8,10
TXN006868,CUST00526,PROD0041,2026-02-02 11:52:47,9895.84,6
TXN000097,CUST00841,PROD0036,2026-02-16 08:48:23,453.65,1
TXN006870,CUST00803,PROD0014,2026-02-09 17:23:18,1904.6,8
TXN006871,CUST00665,PROD0044,2026-02-12 21:12:34,8687.54,6
TXN006872,CUST00639,PROD0051,2026-02-14 12:01:11,662.56,5
TXN006873,CUST00184,PROD0041,2026-02-06 08:33:32,-1897.63,-1
TXN006874,CUST00607,PROD0040,2026-02-20 02:47:22,109.16,1
TXN006875,CUST00964,PROD0007,2026-02-14 08:34:21,214.64,10
TXN006876,CUST00555,PROD0073,2026-02-24 09:31:47,2184.96,1
TXN006877,CUST00783,PROD0065,2026-02-11 07:37:19,208975.26,10
TXN006878,CUST00087,PROD0024,2026-02-26 07:36:20,983.01,2
TXN006879,CUST00508,PROD0023,2026-02-02 20:41:10,395.83,2
TXN006880,CUST00240,PROD0035,2026-02-08 14:21:34,-358.79,4
TXN006881,CUST00745,PROD0019,2026-02-24 14:21:06,884.54,10
TXN006882,CUST00055,PROD0087,2026-02-09 03:44:16,143.04,7
TXN006883,CUST00625,PROD0012,2026-02-24 08:37:23,257.84,9
TXN006884,CUST00144,PROD0076,2026-02-15 08:55:09,135.1,5
TXN006885,CUST00832,PROD0055,2026-02-17 00:14:33,499.83,
TXN006886,CUST00544,PROD0054,2026-02-04 06:51:04,5531.53,5
TXN006887,CUST00149,PROD0087,2026-02-14 20:07:30,43.39,2
TXN006888,CUST00546,PROD0080,2026-02-06 16:04:23,932.35,4
TXN006889,CUST00849,PROD0046,2026-02-13 06:55:48,20.67,1
TXN006890,CUST00002,PROD0076,2026-02-20 01:16:36,102.9,4
TXN006891,CUST00513,PROD0080,2026-03-01 06:06:07,261.46,1
TXN006892,CUST00396,PROD0093,2026-02-09 01:53:35,1389.59,3
TXN006893,CUST00090,PROD0079,2026-02-28 08:09:36,272237.98,6
TXN006894,CUST00980,PROD0063,2026-02-04 05:31:20,2712.76,6
TXN006895,CUST00786,PROD0094,2026-02-02 09:22:38,8906.91,10
TXN006896,CUST00754,PROD0086,2026-02-26 13:51:44,5353.16,6
TXN006897,CUST00485,PROD0079,2026-02-26 14:24:13,44772.41,1
TXN006898,CUST00287,PROD0048,2026-02-09 17:49:50,634.53,7
TXN006899,CUST00826,PROD0075,2026-02-16 07:05:34,702.74,8
TXN006900,CUST00963,PROD0025,2026-02-01 11:07:37,44.09,1
TXN006901,CUST00018,PROD0046,2026-02-13 03:19:42,42.87,2
TXN006902,CUST00924,PROD0047,2026-02-12 22:32:17,170.28,3
TXN006903,CUST00112,PROD0006,2026-02-10 14:38:42,267.21,3
TXN006904,CUST00831,PROD0092,2026-02-20 00:47:49,872.12,4
TXN006905,CUST00842,PROD0066,2026-02-24 17:28:59,356.59,4
TXN006906,CUST00430,PROD0087,2026-02-13 13:47:08,151.87,7
TXN006907,CUST00013,PROD9904,2026-02-12 21:38:53,703.22,9
TXN006908,CUST00999,PROD0015,2026-02-27 13:59:55,962.14,4
TXN006909,CUST00232,PROD0085,2026-02-07 21:32:25,7036.18,4
TXN006910,CUST00732,PROD0084,2026-02-26 18:37:21,52.12,1
TXN006911,CUST00715,PROD0064,2026-02-20 20:59:07,370.39,2
TXN006912,CUST00526,PROD0037,2026-01-31 07:18:21,124.18,1
TXN006913,CUST00057,PROD0054,2026-02-23 06:32:56,9385.09,9
TXN006914,CUST00616,PROD0014,2026-02-15 07:48:28,1849.74,8
TXN006915,CUST00182,PROD0072,2026-02-19 15:17:12,409.14,2
TXN006916,CUST00193,PROD0003,2026-02-03 23:31:18,526.44,4
TXN006917,CUST00006,PROD0007,2026-02-20 07:46:14,222.74,10
TXN006918,CUST00487,PROD9906,2026-02-25 17:04:21,508.55,4
TXN006919,CUST00118,PROD0014,2026-02-06 23:26:47,392.95,0
TXN006920,CUST00253,PROD0093,2026-02-14 21:27:59,946.25,2
TXN006921,CUST00952,PROD0032,2026-02-03 02:44:26,1147.3,9
TXN006922,CUST00462,PROD0055,2026-02-23 16:21:34,2309.35,8
TXN006923,CUST00872,PROD0042,2026-01-31 11:59:32,225.9,1
TXN006924,CUST00985,PROD0040,2026-02-05 17:54:42,895.17,8
TXN006925,CUST00041,PROD0036,2026-02-04 10:42:33,1495.55,3
TXN000846,CUST00276,PROD0034,2026-02-09 03:54:32,708.01,9
TXN006927,CUST00716,PROD0088,2026-02-17 17:56:27,679.31,2
TXN006928,CUST00715,PROD0012,2026-02-18 20:41:36,173.22,6
TXN006929,CUST00690,PROD0081,2026-02-24 13:17:01,1230.83,2
TXN006930,CUST00486,PROD0046,2026-02-25 03:18:58,24.24,1
TXN006931,CUST00808,PROD0061,2026-02-16 13:19:58,-40.31,1
TXN006932,CUST00552,PROD0048,2026-02-04 14:57:09,247.22,3
TXN006933,CUST00544,PROD0007,2026-02-09 09:33:25,117.23,5
TXN006934,CUST00810,PROD0090,2026-02-26 12:44:37,499.46,2
TXN006935,CUST00942,PROD0078,2026-02-04 07:02:53,315.04,7
TXN006936,CUST00262,PROD0012,2026-02-08 20:30:49,117.34,4
TXN006937,CUST00251,PROD0010,2026-02-26 10:35:49,18.61,1
TXN006938,CUST00293,PROD0017,2026-02-14 08:49:37,69425.17,4
TXN006939,CUST00278,PROD9900,2026-02-20 21:35:33,120.71,-5
TXN006940,CUST00238,PROD0091,2026-02-09 16:25:11,345322.09,3
TXN006941,CUST01000,PROD0046,2026-02-24 18:56:55,241.86,10
TXN006942,CUST00008,PROD0035,2026-02-09 00:26:12,21357.11,9
TXN006943,CUST00998,PROD0042,2026-02-11 10:05:32,408683.07,7
TXN006944,CUST00836,PROD0004,2026-03-01 10:13:11,18157.43,10
TXN006945,CUST00639,PROD0021,2026-02-27 00:26:39,24251.34,9
TXN006946,CUST00093,PROD0027,2026-02-09 08:05:11,1349.19,8
TXN006947,CUST00459,PROD0008,2026-02-24 10:46:44,1999.95,10
TXN006948,CUST00691,PROD0039,2026-02-27 14:47:49,942.41,1
TXN006949,CUST00280,PROD0096,2026-01-31 12:09:49,129.47,4
TXN006950,CUST00407,PROD0058,2026-02-22 07:57:36,3687.05,9
TXN006951,CUST00358,PROD0097,2026-02-03 20:16:39,1373.54,3
TXN000421,CUST00654,PROD0039,2026-02-20 06:43:27,228.2,10
TXN006953,CUST00812,PROD0079,2026-02-19 13:43:33,93102.4,2
TXN006954,CUST00516,PROD0013,2026-02-23 03:53:47,412.54,9
TXN006955,CUST00390,PROD0010,2026-02-23 11:44:32,191.25,9
TXN006956,CUST00975,PROD0077,2026-02-15 11:42:49,17.3,10
TXN006957,CUST00076,PROD0074,2026-02-19 00:23:10,732.39,9
TXN006958,CUST00449,PROD0088,2026-02-28 16:59:30,2292.63,8
TXN006959,CUST00418,PROD0061,2026-02-09 20:54:15,-789.85,9
TXN006960,CUST00644,PROD0007,2026-02-25 04:09:28,66.86,3
TXN006961,CUST00480,PROD0010,2026-02-03 01:48:22,37.11,2
TXN006962,CUST00156,PROD0092,2026-02-08 17:13:03,885.1,4
TXN006963,CUST00891,PROD0033,2026-03-01 01:48:44,1398.48,8
TXN006964,CUST00492,PROD0026,2026-02-05 07:56:55,640.76,8
TXN006965,CUST00699,PROD0077,2026-02-08 18:22:50,965.03,6
TXN006966,CUST00303,PROD0098,2026-02-15 22:06:01,1585.62,8
TXN006967,CUST00494,PROD0070,2026-02-26 03:27:17,93.39,3
TXN006968,CUST00583,PROD0049,2026-02-19 06:41:25,845.48,8
TXN006969,CUST00556,PROD0060,2026-02-05 11:53:29,53.35,2
TXN006970,CUST00783,PROD0029,2026-02-22 17:24:48,213.53,10
TXN006971,CUST00991,PROD0022,2026-02-25 10:17:19,155.33,4
TXN006972,CUST00713,PROD0053,2026-02-11 03:38:30,118.35,10
TXN006973,CUST00322,PROD0080,2026-02-12 08:52:17,2124.84,8
TXN006974,CUST00913,PROD0052,2026-02-14 11:47:24,1703.08,5
TXN006975,CUST00811,PROD0003,2026-02-10 16:32:38,1207.66,9
TXN006976,CUST00207,PROD0093,2026-02-03 11:41:24,3471.62,7
TXN006977,CUST00922,PROD0041,2026-02-27 09:48:48,12976.72,8
TXN006978,CUST00754,PROD0080,2026-02-03 13:02:20,2042.23,8
TXN006979,CUST00073,PROD0050,2026-02-15 23:56:43,576.33,2
TXN006980,CUST00606,PROD0055,2026-02-28 10:42:55,-259.22,-1
TXN006981,CUST00825,PROD0033,2026-02-09 21:07:54,1666.31,10
TXN006982,CUST00399,PROD0042,2026-02-06 13:38:02,1004.38,4
TXN006983,CUST00108,PROD0007,2026-02-26 20:06:30,162.46,8
TXN006984,CUST00280,PROD0096,2026-02-03 22:37:37,247.36,7
TXN006985,CUST00809,PROD0023,2026-02-10 14:42:53,1757.84,9
TXN006986,CUST00807,PROD0046,2026-02-21 04:41:33,,1
TXN006987,CUST00868,PROD0019,2026-02-09 18:19:42,211.7,6
TXN006988,CUST00891,PROD0006,2026-03-01 17:25:46,692.76,8
TXN006989,CUST00485,PROD0017,2026-02-10 18:16:13,110992.83,6
TXN006990,CUST00581,PROD0062,2026-02-23 01:40:56,2319.82,4
TXN006991,CUST00496,PROD0072,2026-02-19 13:30:21,2092.93,10
TXN006992,CUST00606,PROD0045,2026-02-15 18:09:31,15965.84,9
TXN006993,CUST00058,PROD0030,2026-02-20 08:34:18,332.0,2
TXN006994,CUST00058,PROD0036,2026-02-13 04:57:36,907.75,2
TXN006995,CUST00744,PROD0046,2026-02-14 10:10:11,62.83,3
TXN006996,CUST00178,PROD0073,2026-02-23 01:55:07,21559.25,10
TXN006997,CUST00754,PROD0046,2026-02-21 19:41:04,112.19,5
TXN006998,CUST00348,PROD0031,2026-02-26 08:13:29,204.99,2
TXN006999,CUST00832,PROD0026,2026-02-19 17:21:08,183.82,2
TXN007000,CUST00173,PROD0062,2026-02-28 11:53:31,1722.19,3
TXN007001,CUST00430,PROD0025,2026-02-03 04:37:19,90.43,2
TXN007002,CUST00267,PROD0097,2026-02-11 12:44:37,1757.72,4
TXN007003,CUST00870,PROD0007,2026-02-14 22:11:49,,10
TXN007004,CUST00970,PROD0069,2026-02-09 02:45:24,233727.93,6
TXN007005,CUST00354,PROD0072,2026-02-10 19:48:07,1239.8,6
TXN007006,CUST00582,PROD0044,2026-01-31 07:45:15,9068.82,7
TXN007007,CUST00348,PROD0084,2026-02-02 18:33:10,414.07,8
TXN007008,CUST00291,PROD0074,2026-02-12 19:25:54,301.88,4
TXN007009,CUST00890,PROD0046,2026-02-01 01:51:34,104.37,5
TXN007010,CUST00635,PROD0037,2026-02-20 08:30:36,1232.0,9
TXN007011,CUST00535,PROD0068,2026-02-26 04:42:05,634.48,9
TXN007012,CUST00943,PROD0021,2026-02-03 19:23:28,17205.76,7
TXN007013,CUST00662,PROD0051,2026-02-01 06:03:54,-309.45,1
TXN007014,CUST00926,PROD0056,2026-02-09 23:03:00,73325.63,2
TXN007015,CUST00609,PROD0079,2026-02-08 09:51:41,368279.39,8
TXN007016,CUST00636,PROD0005,2026-02-14 12:15:58,175278.19,4
TXN007017,CUST00322,PROD0061,2026-03-01 13:57:02,7726.76,9
TXN007018,CUST00536,PROD0099,2026-01-31 15:36:00,1364.7,8
TXN007019,CUST00239,PROD0042,2026-02-08 01:42:56,1061.69,4
TXN007020,CUST00202,PROD0019,2026-02-28 17:40:43,318.79,8
TXN007021,CUST00813,PROD0001,2026-02-06 03:05:08,129.26,1
TXN007022,CUST00721,PROD0093,2026-02-14 15:40:59,4690.32,10
TXN007023,CUST00964,PROD0006,2026-02-12 05:56:25,702.59,9
TXN007024,CUST00082,PROD0078,2026-01-31 16:35:02,455.36,10
TXN007025,CUST00845,PROD9900,2026-02-26 11:38:07,305.28,8
TXN007026,CUST00684,PROD0061,2026-02-09 23:32:58,1798.02,2
TXN007027,CUST00119,PROD0047,2026-03-01 11:26:41,,3
TXN007028,CUST00941,PROD0067,2026-02-06 10:37:52,801.82,6
TXN007029,CUST00140,PROD0082,2026-01-31 18:00:18,7185.47,6
TXN007030,CUST00093,PROD0062,2026-02-02 17:02:30,2010.11,3
TXN007031,CUST00193,PROD0060,2026-02-13 17:54:45,129.01,5
TXN004187,CUST00568,PROD0068,2026-02-07 10:09:22,230.72,3
TXN007033,CUST00428,PROD0003,2026-02-05 01:48:44,839.11,7
TXN007034,CUST00682,PROD0031,2026-02-02 23:28:00,489.62,5
TXN007035,CUST00800,PROD0057,2026-02-14 10:30:54,1153.68,7
TXN007036,CUST00513,PROD0058,2026-02-17 12:10:25,4478.42,10
TXN007037,CUST00398,PROD0021,2026-02-18 06:28:33,2790.41,1
TXN007038,CUST00739,PROD0097,2026-02-05 12:47:35,4171.3,10
TXN007039,CUST00237,PROD0040,2026-02-11 10:34:25,1036.46,10
TXN007040,CUST00221,PROD0008,2026-02-14 03:46:18,-386.12,7
TXN007041,CUST00090,PROD0098,2026-02-22 18:30:46,708.48,4
TXN007042,CUST00395,PROD0011,2026-02-05 09:47:55,314.94,10
TXN007043,CUST00270,PROD0094,2026-02-25 12:53:13,2599.41,3
TXN007044,CUST00885,PROD0043,2026-02-26 11:15:34,93.86,1
TXN007045,CUST00740,PROD0089,2026-02-17 13:23:44,1018.35,4
TXN007046,CUST00945,PROD0062,2026-02-20 01:49:42,1334.11,2
TXN007047,CUST00038,PROD0026,2026-02-22 22:00:40,-77.82,-1
TXN007048,CUST00143,PROD0063,2026-02-23 09:47:22,1977.53,4
TXN007049,CUST00760,PROD0040,2026-02-10 19:35:33,635.22,6
TXN007050,CUST00478,PROD0052,2026-03-01 13:10:23,2738.01,8
TXN007051,CUST00854,PROD0027,2026-02-10 12:58:25,338947.98,9
TXN001019,CUST00091,PROD0038,2026-02-05 18:27:57,1159.32,4
TXN007053,CUST00392,PROD0078,2026-02-08 02:47:53,466.74,10
TXN007054,CUST00715,PROD0027,2026-02-01 21:06:59,-164.79,-1
TXN007055,CUST00633,PROD0030,2026-02-06 12:48:31,1529.57,9
TXN007056,CUST00168,PROD0013,2026-02-21 04:06:06,120.22,3
TXN000673,CUST00301,PROD9907,2026-02-01 04:48:05,384.51,2
TXN007058,CUST00821,PROD0074,2026-02-05 22:22:26,288.34,4
TXN007059,CUST00413,PROD0028,2026-02-23 18:21:37,197.45,6
TXN007060,CUST00895,PROD0022,2026-02-15 13:23:07,216.23,5
TXN007061,CUST00062,PROD0053,2026-02-10 01:01:53,112.13,9
TXN007062,CUST00420,PROD0055,2026-02-27 00:54:10,521.62,2
TXN007063,CUST00662,PROD0097,2026-02-11 07:16:28,796.65,2
TXN007064,CUST00768,PROD0043,2026-02-11 15:14:30,201.71,2
TXN007065,CUST00066,PROD0095,2026-02-25 05:41:08,507.7,6
TXN007066,CUST00740,PROD0081,2026-02-07 11:26:36,2905.46,5
TXN007067,CUST00565,PROD0016,2026-02-21 20:13:22,61.59,1
TXN007068,CUST00181,PROD0040,2026-02-22 12:21:27,608.8,6
TXN007069,CUST00272,PROD0004,2026-02-25 14:32:39,3658.61,2
TXN007070,CUST00341,PROD0003,2026-02-18 08:02:17,639.82,5
TXN007071,CUST00910,PROD0040,2026-02-27 07:49:56,282.4,3
TXN007072,CUST00972,PROD0072,2026-02-03 23:18:13,827.06,4
TXN007073,CUST00266,PROD0045,2026-03-01 10:19:31,9137.49,5
TXN007074,CUST00801,PROD0067,2026-02-25 06:27:11,1004.84,8
TXN007075,CUST00208,PROD0085,2026-02-20 01:20:40,3713.08,2
TXN007076,CUST00568,PROD0015,2026-02-23 16:07:19,284.96,1
TXN007077,CUST00961,PROD0024,2026-02-14 20:21:24,3129.66,6
TXN007078,CUST00440,PROD0091,2026-02-19 04:54:44,729.22,3
TXN007079,CUST00527,PROD0058,2026-02-05 20:13:04,,7
TXN007080,CUST00295,PROD0093,2026-03-01 06:27:03,441.6,1
TXN007081,CUST00367,PROD0036,2026-02-11 17:30:22,1361.8,3
TXN007082,CUST00112,PROD0084,2026-02-22 16:36:25,290.32,6
TXN007083,CUST00430,PROD0065,2026-02-03 11:01:14,207705.31,6
TXN007084,CUST00081,PROD0027,2026-02-25 19:03:00,531.67,3
TXN007085,CUST00931,PROD0089,2026-02-06 01:31:12,727.0,3
TXN007086,CUST00023,PROD0015,2026-02-21 01:09:17,2516.27,9
TXN007087,CUST00109,PROD0015,2026-02-08 03:20:08,550.22,2
TXN007088,CUST00650,PROD0024,2026-02-15 15:24:22,3251.2,6
TXN007089,CUST00840,PROD0035,2026-02-24 10:55:52,18231.06,8
TXN007090,CUST00609,PROD0070,2026-02-10 13:42:06,240.84,8
TXN007091,CUST00456,PROD0055,2026-02-25 08:20:34,759.98,3
TXN007092,CUST00054,PROD0093,2026-02-12 16:57:33,452844.71,7
TXN007093,CUST00624,PROD0037,2026-03-01 23:26:57,721.15,5
TXN007094,CUST00594,PROD0044,2026-02-18 18:14:12,2617.75,2
TXN007095,CUST00703,PROD0081,2026-02-26 10:23:40,2559.48,4
TXN007096,CUST00847,PROD0067,2026-02-20 14:13:24,1297.77,10
TXN007097,CUST00708,PROD0093,2026-02-14 12:48:56,2873.65,6
TXN007098,CUST00003,PROD0091,2026-01-31 16:58:30,2204.73,9
TXN007099,CUST00013,PROD0060,2026-02-06 22:25:17,-574.4,6
TXN007100,CUST00685,PROD0068,2026-02-15 06:09:57,442.6,6
TXN007101,CUST00741,PROD0045,2026-02-05 20:15:32,-2111.97,-1
TXN007102,CUST00728,PROD0027,2026-03-01 15:00:44,1628.86,9
TXN007103,CUST00979,PROD0082,2026-02-20 16:38:33,10517.22,8
TXN007104,CUST00648,PROD0067,2026-02-10 15:40:45,910.39,7
TXN007105,CUST00682,PROD0005,2026-02-12 08:56:12,429922.23,10
TXN007106,CUST00531,PROD0014,2026-02-21 12:01:03,244527.82,6
TXN004519,CUST00314,PROD0074,2026-02-06 02:46:36,,5
TXN007108,CUST00978,PROD0003,2026-02-23 10:17:16,407.0,3
TXN007109,CUST00872,PROD0091,2026-02-27 06:20:23,755.27,3
TXN001543,CUST00207,PROD0058,2026-02-18 10:39:50,2840.7,7
TXN007111,CUST00202,PROD0058,2026-02-23 16:31:20,3411.56,8
TXN007112,CUST00782,PROD0071,2026-02-20 16:04:28,9935.13,5
TXN007113,CUST00603,PROD0054,2026-02-17 03:30:15,7681.27,8
TXN007114,CUST00101,PROD0001,2026-02-08 18:28:02,963.37,8
TXN005602,CUST00223,PROD0023,2026-02-18 01:39:44,1753.5,9
TXN007116,CUST00562,PROD0016,2026-02-02 17:39:46,272.24,4
TXN007117,CUST00525,PROD0054,2026-02-02 21:40:38,2244.47,2
TXN007118,CUST00604,PROD0008,2026-02-09 01:43:56,1201.42,6
TXN007119,CUST00345,PROD0039,2026-02-24 20:07:01,868.7,9
TXN007120,CUST00126,PROD0030,2026-02-28 23:43:22,,8
TXN007121,CUST00548,PROD0040,2026-02-05 01:45:19,100.77,1
TXN007122,CUST00797,PROD0098,2026-02-09 20:23:42,1682.82,9
TXN007123,CUST00025,PROD0097,2026-02-07 06:05:51,2169.25,5
TXN007124,CUST00281,PROD0048,2026-02-02 15:48:21,176.23,2
TXN007125,CUST00052,PROD0052,2026-02-25 07:40:14,3521.81,10
TXN007126,CUST00135,PROD0079,2026-03-01 12:54:18,447932.48,10
TXN007127,CUST00700,PROD0061,2026-02-21 09:04:46,823.63,1
TXN000768,CUST00829,PROD0038,2026-02-17 12:27:10,531.21,2
TXN007129,CUST00788,PROD0036,2026-02-09 02:30:27,-400.05,1
TXN007130,CUST00477,PROD0068,2026-02-27 01:59:37,625.18,9
TXN007131,CUST00325,PROD0039,2026-02-09 16:35:08,313.44,3
TXN007132,CUST00357,PROD0019,2026-02-11 11:24:37,725.36,1
TXN007133,CUST00291,PROD0080,2026-02-07 22:36:21,534.68,2
TXN006965,CUST00538,PROD0074,2026-02-24 03:04:26,406.56,5
TXN007135,CUST00258,PROD0031,2026-02-08 20:43:32,989.81,10
TXN007136,CUST00679,PROD0093,2026-02-27 18:30:13,-2590.39,-5
TXN007137,CUST00688,PROD0065,2026-02-11 19:00:42,154926.34,8
TXN007138,CUST00266,PROD0078,2026-02-28 15:39:24,209.37,5
TXN007139,CUST00734,PROD0036,2026-02-08 01:07:27,1881.23,4
TXN007140,CUST00078,PROD0074,2026-02-12 09:16:40,740.88,10
TXN007141,CUST00276,PROD0026,2026-02-26 04:17:48,546.31,6
TXN007142,CUST00780,PROD0072,2026-02-02 20:43:39,1670.82,8
TXN007143,CUST99000,PROD0095,2026-02-21 18:05:12,101.44,1
TXN007144,CUST00143,PROD0050,2026-02-03 07:04:21,2327.1,7
TXN007145,CUST00658,PROD0029,2026-02-17 08:50:38,21.8,1
TXN007146,CUST00381,PROD0073,2026-02-06 20:27:28,11703.19,5
TXN007147,CUST00627,PROD0074,2026-02-26 01:50:56,563.66,7
TXN007148,CUST00520,PROD0003,2026-02-17 12:36:02,489.24,4
TXN007149,CUST00963,PROD0078,2026-02-16 20:39:31,384.76,8
TXN007150,CUST00418,PROD0085,2026-03-01 00:48:47,4595.5,3
TXN007151,CUST00875,PROD0011,2026-02-28 00:39:32,197.52,6
TXN007152,CUST00891,PROD0095,2026-02-20 14:00:11,632.32,7
TXN007153,CUST00474,PROD0074,2026-02-02 15:04:17,518.59,7
TXN007154,CUST00308,PROD0067,2026-02-12 20:10:20,143.04,1
TXN007155,CUST00642,PROD0060,2026-02-13 01:42:36,83.18,3
TXN007156,CUST00458,PROD0080,2026-02-13 19:32:28,1689.09,7
TXN007157,CUST00424,PROD0049,2026-02-22 18:54:52,507.92,5
TXN007158,CUST00222,PROD0086,2026-02-27 06:19:51,647.31,0
TXN007159,CUST00049,PROD0032,2026-02-09 16:03:49,726.94,5
TXN007160,CUST00002,PROD0025,2026-02-12 07:57:55,216.65,5
TXN007161,CUST00976,PROD0030,2026-02-16 11:10:34,1616.69,10
TXN007162,CUST00933,PROD0038,2026-02-18 17:10:22,2118.18,8
TXN007163,CUST00953,PROD0028,2026-02-21 10:13:01,204.03,6
TXN007164,CUST00705,PROD0031,2026-02-10 11:59:01,850.59,9
TXN007165,CUST00530,PROD0093,2026-02-27 19:45:15,516.14,1
TXN007166,CUST00175,PROD0056,2026-02-12 10:28:34,141603.84,4
TXN007167,CUST00672,PROD0005,2026-02-19 21:29:09,245111.02,6
TXN007168,CUST00405,PROD0042,2026-02-11 12:20:19,436.29,2
TXN007169,CUST00529,PROD0081,2026-01-31 14:15:33,1973.54,3
TXN007170,CUST00609,PROD0085,2026-02-07 19:57:13,3471.17,2
TXN007171,CUST00756,PROD0032,2026-01-31 00:42:01,261.01,2
TXN007172,CUST00828,PROD0073,2026-02-21 12:21:47,12225.05,5
TXN007173,CUST00702,PROD0051,2026-01-31 05:17:47,285.79,2
TXN007174,CUST00923,PROD0024,2026-02-18 18:51:55,2250.99,5
TXN007175,CUST00627,PROD0044,2026-02-08 10:13:17,1357.62,1
TXN006809,CUST00311,PROD0048,2026-02-04 06:14:37,174.32,2
TXN005562,CUST00909,PROD0070,2026-02-23 02:11:16,-278.62,6
TXN007178,CUST00372,PROD0019,2026-02-27 10:28:10,584.83,4
TXN007179,CUST00969,PROD0073,2026-02-16 16:16:07,23576.28,10
TXN007180,CUST00924,PROD0079,2026-02-10 00:57:35,302335.72,6
TXN007181,CUST00977,PROD0082,2026-02-05 06:21:08,10549.05,8
TXN007182,CUST00222,PROD0048,2026-02-09 17:46:17,169.05,2
TXN007183,CUST00083,PROD0094,2026-02-07 19:00:29,5197.8,6
TXN007184,CUST00034,PROD0029,2026-02-05 12:33:26,171.78,8
TXN007185,CUST00126,PROD0047,2026-02-08 16:40:40,168.29,3
TXN000026,CUST00801,PROD0077,2026-02-25 19:03:09,188.23,5
TXN007187,CUST00589,PROD0076,2026-02-12 03:54:22,147.24,6
TXN007188,CUST00082,PROD0008,2026-02-01 05:01:26,1000.83,5
TXN007189,CUST00200,PROD0012,2026-02-18 05:06:13,202.37,7
TXN007190,CUST00528,PROD0080,2026-03-01 14:04:15,1230.21,5
TXN007191,CUST00833,PROD0036,2026-02-02 16:17:49,4240.76,9
TXN007192,CUST00732,PROD0033,2026-02-20 18:47:34,1640.44,9
TXN007193,CUST00219,PROD0066,2026-02-08 20:52:43,330.38,4
TXN003118,CUST00672,PROD0005,2026-02-20 18:37:02,133687.21,3
TXN007195,CUST00816,PROD0098,2026-02-19 20:06:49,1461.97,8
TXN007196,CUST00124,PROD0031,2026-02-11 00:57:35,96.12,1
TXN007197,CUST00518,PROD0025,2026-02-27 11:18:09,123.15,3
TXN007198,CUST00054,PROD0034,2026-02-21 23:23:09,669.02,10
TXN007199,CUST00550,PROD0047,2026-02-08 00:03:57,486.93,9
TXN002109,CUST00586,PROD0033,2026-02-26 00:29:57,1456.77,8
TXN007201,CUST00272,PROD0041,2026-02-09 08:40:16,11608.84,7
TXN007202,CUST00042,PROD0038,2026-03-01 15:01:11,2230.78,8
TXN007203,CUST00884,PROD0098,2026-03-01 07:33:54,297584.95,5
TXN007204,CUST00765,PROD0089,2026-02-27 09:36:18,471.77,2
TXN007205,CUST00607,PROD0036,2026-02-09 17:37:42,506.97,1
TXN007206,CUST00056,PROD0003,2026-02-09 21:55:32,502.01,4
TXN007207,CUST00291,PROD0088,2026-02-08 17:04:19,2283.98,8
TXN006824,CUST00462,PROD0077,2026-03-01 05:46:46,142.07,2
TXN007209,CUST00090,PROD0014,2026-02-02 09:32:35,1992.55,8
TXN007210,CUST00974,PROD0064,2026-02-27 19:56:18,191.27,6
TXN007211,CUST99009,PROD0070,2026-02-20 00:12:34,177.06,6
TXN007212,CUST00324,PROD0050,2026-02-15 19:22:51,2520.25,9
TXN007213,CUST00038,PROD0058,2026-02-11 06:58:29,404.25,1
TXN007214,CUST00713,PROD0066,2026-03-01 01:08:56,386.77,5
TXN007215,CUST00573,PROD9908,2026-02-01 08:53:36,587.04,2
TXN007216,CUST00820,PROD0067,2026-02-14 17:16:04,832.33,6
TXN007217,CUST00179,PROD0050,2026-02-24 06:37:08,2605.49,8
TXN007218,CUST00697,PROD0007,2026-02-15 14:52:18,47.18,2
TXN007219,CUST00462,PROD0091,2026-02-04 23:48:57,1654.2,7
TXN007220,CUST00633,PROD0067,2026-02-19 06:09:27,860.99,7
TXN007221,CUST00735,PROD0078,2026-02-07 09:16:57,245.11,5
TXN007222,CUST00530,PROD0009,2026-02-26 06:33:16,483.19,2
TXN007223,CUST00767,PROD0086,2026-02-10 18:01:15,7019.87,8
TXN007224,CUST00031,PROD0064,2026-01-31 11:40:09,145.33,10
TXN007225,CUST00679,PROD0036,2026-02-17 14:27:14,3418.65,7
TXN007226,CUST00630,PROD0008,2026-02-07 04:09:47,640.6,3
TXN007227,CUST00237,PROD0036,2026-02-26 12:45:18,3979.38,8
TXN007228,CUST00063,PROD0067,2026-02-26 07:01:44,120.69,1
TXN007229,CUST00664,PROD0033,2026-02-06 19:10:12,336.53,2
TXN007230,CUST00945,PROD0027,2026-02-27 07:40:13,319.94,2
TXN007231,CUST00740,PROD0043,2026-02-06 11:36:30,929.37,9
TXN007232,CUST00780,PROD0035,2026-02-13 06:38:37,2413.19,1
TXN007233,CUST00599,PROD0068,2026-02-23 14:46:50,406.91,6
TXN007234,CUST00387,PROD0045,2026-02-27 23:20:59,20471.92,10
TXN007235,CUST00432,PROD0066,2026-02-18 16:48:33,438.97,5
TXN007236,CUST00785,PROD0009,2026-02-26 12:32:57,659.34,3
TXN007237,CUST00052,PROD0032,2026-02-20 09:08:27,143.7,1
TXN007238,CUST00948,PROD0006,2026-02-21 18:19:47,465.77,6
TXN007239,CUST00042,PROD0100,2026-02-02 04:48:59,324693.52,10
TXN007240,CUST00381,PROD9905,2026-02-03 17:03:09,553.78,10
TXN007241,CUST00935,PROD0061,2026-02-03 17:39:19,8550.36,10
TXN007242,CUST00398,PROD0067,2026-02-04 13:50:17,896.18,7
TXN007243,CUST00494,PROD0021,2026-02-26 20:09:10,2523.48,1
TXN007244,CUST00456,PROD0085,2026-02-07 23:51:13,4648.72,3
TXN007245,CUST00487,PROD0013,2026-01-31 18:27:57,-212.69,1
TXN007246,CUST00607,PROD0003,2026-02-02 10:55:15,1005.15,8
TXN007247,CUST00851,PROD0077,2026-02-21 07:14:05,689.81,3
TXN007248,CUST00755,PROD9907,2026-02-08 08:11:55,37.13,9
TXN007249,CUST00176,PROD0064,2026-02-18 21:32:12,559.75,5
TXN007250,CUST00413,PROD0100,2026-02-12 02:00:54,,4
TXN007251,CUST00697,PROD0013,2026-02-12 05:48:25,176.87,4
TXN007252,CUST00530,PROD0070,2026-02-12 13:48:53,92.64,3
TXN007253,CUST00477,PROD0030,2026-02-06 10:16:36,156.93,1
TXN007254,CUST00500,PROD0095,2026-02-07 13:41:37,756.84,8
TXN007255,CUST00635,PROD0047,2026-02-21 22:10:28,175.91,3
TXN007256,CUST00458,PROD0031,2026-02-08 01:42:39,693.87,7
TXN007257,CUST00363,PROD0016,2026-02-19 14:12:06,234.67,4
TXN000539,CUST00699,PROD0043,2026-02-27 16:52:52,-330.56,9
TXN007259,CUST00169,PROD0070,2026-02-05 07:09:52,,1
TXN007260,CUST00172,PROD0099,2026-02-01 16:04:38,587.03,4
TXN007261,CUST00662,PROD0056,2026-02-26 12:28:15,268948.41,7
TXN007262,CUST00171,PROD0038,2026-02-10 20:01:40,1250.7,5
TXN007263,CUST00248,PROD0060,2026-02-10 10:14:38,181.36,6
TXN007264,CUST00330,PROD0096,2026-02-03 03:49:20,307.07,8
TXN007265,CUST00201,PROD0044,2026-02-25 21:00:15,6398.23,5
TXN007266,CUST00590,PROD0027,2026-02-01 04:10:23,1116.16,7
TXN007267,CUST00300,PROD0040,2026-02-14 17:15:27,449.29,4
TXN007268,CUST00222,PROD0073,2026-02-08 17:26:59,5109.04,2
TXN007269,CUST00903,PROD0046,2026-02-05 19:49:04,104.03,5
TXN007270,CUST00991,PROD0082,2026-02-27 09:03:39,5814.19,5
TXN007271,CUST00106,PROD0011,2026-02-10 02:50:50,33.33,1
TXN007272,CUST00258,PROD0040,2026-02-02 22:35:35,429.87,4
TXN007273,CUST00224,PROD0008,2026-03-01 14:12:17,782.73,4
TXN007274,CUST00435,PROD0011,2026-02-03 21:22:57,238.58,7
TXN007275,CUST00626,PROD0010,2026-02-27 01:30:25,100.57,5
TXN007276,CUST00693,PROD0005,2026-02-17 03:17:46,396279.42,9
TXN007277,CUST00843,PROD0013,2026-01-31 02:32:18,,6
TXN007278,CUST00899,PROD0058,2026-02-14 23:11:25,790.96,2
TXN007279,CUST00664,PROD0057,2026-02-17 16:45:17,585.97,4
TXN007280,CUST00672,PROD0027,2026-02-08 00:04:33,963.24,5
TXN007281,CUST99002,PROD0020,2026-02-12 08:14:07,11749.5,10
TXN007282,CUST00246,PROD0100,2026-02-11 09:28:11,-135.45,4
TXN007283,CUST00333,PROD0037,2026-02-04 08:11:56,555.38,4
TXN007284,CUST00495,PROD0018,2026-02-26 14:27:46,19458.79,8
TXN007285,CUST00618,PROD0072,2026-02-09 08:23:10,,3
TXN007286,CUST00614,PROD0088,2026-02-12 08:42:47,1977.12,6
TXN004909,CUST00914,PROD0081,2026-02-03 00:32:04,2361.0,4
TXN007288,CUST00458,PROD0086,2026-02-01 16:30:49,7362.77,9
TXN007289,CUST00661,PROD0064,2026-02-02 04:32:35,668.25,7
TXN007290,CUST00149,PROD0080,2026-02-12 10:22:24,-502.82,8
TXN007291,CUST00997,PROD0100,2026-02-10 16:23:05,68798.93,2
TXN007292,CUST00662,PROD0099,2026-02-15 04:55:48,762.96,5
TXN007293,CUST00103,PROD0006,2026-02-24 13:58:50,760.58,9
TXN007294,CUST00887,PROD0022,2026-02-28 19:15:55,188.78,5
TXN007295,CUST00343,PROD0100,2026-02-19 21:40:02,67887.18,2
TXN007296,CUST00262,PROD0059,2026-02-25 02:06:35,1984.92,3
TXN007297,CUST00635,PROD0086,2026-02-02 01:12:23,1840.58,2
TXN007298,CUST00507,PROD0091,2026-02-20 00:14:07,235.76,1
TXN007299,CUST00371,PROD0065,2026-02-08 11:33:01,56752.38,3
TXN007300,CUST00754,PROD0076,2026-02-03 08:51:29,242.18,10
TXN007301,CUST00334,PROD0036,2026-02-28 06:48:21,1434.91,3
TXN007302,CUST00247,PROD0007,2026-03-01 07:05:50,94.19,4
TXN007303,CUST00562,PROD0026,2026-02-04 14:25:14,834.41,9
TXN007304,CUST00085,PROD0080,2026-02-23 03:56:05,1969.87,8
TXN007305,CUST00975,PROD0031,2026-02-14 01:56:56,309.49,3
TXN000031,CUST00284,PROD0067,2026-02-24 08:34:34,616.42,5
TXN007307,CUST00738,PROD0008,2026-02-21 00:05:56,230.49,1
TXN007308,CUST00015,PROD0045,2026-02-10 11:14:16,18941.69,10
TXN007309,CUST00624,PROD0013,2026-02-23 03:14:08,317.53,8
TXN007310,CUST00905,PROD0015,2026-02-04 04:40:08,1391.1,5
TXN007311,CUST00269,PROD0038,2026-02-11 16:27:59,1134.65,4
TXN007312,CUST99004,PROD0079,2026-02-15 14:55:13,359273.93,7
TXN007313,CUST00442,PROD0093,2026-02-10 13:04:28,1427.22,3
TXN007314,CUST00080,PROD0003,2026-02-15 22:10:49,1218.8,9
TXN007315,CUST00006,PROD0031,2026-02-08 15:29:21,618.79,6
TXN007316,CUST00744,PROD0062,2026-02-07 06:59:35,3729.21,6
TXN007317,CUST00770,PROD0072,2026-02-02 01:29:05,209.44,1
TXN003252,CUST00157,PROD0047,2026-02-08 22:24:24,57.58,1
TXN007319,CUST00326,PROD0076,2026-02-06 09:32:28,178.31,7
TXN007320,CUST00290,PROD0091,2026-03-01 22:49:00,961.3,4
TXN007321,CUST00088,PROD0030,2026-02-02 12:18:17,475.46,3
TXN007322,CUST00369,PROD0039,2026-02-17 02:45:59,421.33,6
TXN007323,CUST00253,PROD0030,2026-02-03 03:56:45,763.77,5
TXN007324,CUST00576,PROD0027,2026-02-22 19:06:32,1446.77,9
TXN007325,CUST99008,PROD0066,2026-02-14 09:54:13,89.82,1
TXN007326,CUST00110,PROD0094,2026-02-11 13:17:25,2559.42,3
TXN007327,CUST00331,PROD0089,2026-01-31 06:59:02,476.02,2
TXN007328,CUST00473,PROD0076,2026-02-05 23:25:47,72.92,3
TXN007329,CUST00471,PROD0035,2026-02-14 00:57:10,25585.24,10
TXN007330,CUST00538,PROD0050,2026-02-27 03:06:28,2529.95,8
TXN007331,CUST00125,PROD0054,2026-02-18 07:47:17,1961.6,2
TXN007332,CUST00056,PROD0007,2026-02-25 18:32:37,141.88,6
TXN007333,CUST00415,PROD0089,2026-02-22 02:42:09,924.35,4
TXN007334,CUST00649,PROD0055,2026-02-04 01:09:47,2101.48,8
TXN002240,CUST00644,PROD0057,2026-02-08 17:24:16,1177.61,8
TXN007336,CUST00926,PROD0082,2026-02-28 23:49:00,11636.4,9
TXN003369,CUST00249,PROD0025,2026-02-20 19:00:11,273.81,6
TXN007338,CUST00671,PROD0078,2026-01-31 01:07:42,43.77,1
TXN007339,CUST00605,PROD0073,2026-02-14 10:13:38,23216.96,10
TXN007340,CUST00592,PROD0044,2026-02-13 12:14:06,14952.79,10
TXN007341,CUST00679,PROD0071,2026-02-05 02:15:54,6708.32,3
TXN007342,CUST00493,PROD0063,2026-02-16 10:04:44,2170.89,5
TXN004498,CUST00711,PROD0081,2026-03-01 12:42:23,5326.93,8
TXN007344,CUST00475,PROD0004,2026-02-20 21:15:16,3506.29,2
TXN007345,CUST00644,PROD0026,2026-02-27 15:45:47,163.72,2
TXN007346,CUST00527,PROD0033,2026-02-12 03:53:20,1277.76,7
TXN007347,CUST00278,PROD0077,2026-02-26 11:07:42,721.28,2
TXN007348,CUST00076,PROD0074,2026-02-19 10:58:07,-148.2,3
TXN007349,CUST00117,PROD0077,2026-02-04 06:09:54,417.45,7
TXN007350,CUST99004,PROD0040,2026-02-28 03:44:17,690.91,7
TXN007351,CUST00166,PROD0055,2026-02-17 13:48:47,1594.45,6
TXN007352,CUST00256,PROD0034,2026-02-15 20:49:08,436.87,6
TXN007353,CUST00098,PROD0086,2026-02-03 12:14:05,8819.42,10
TXN007354,CUST00757,PROD0020,2026-02-20 07:36:03,2558.36,2
TXN007355,CUST00683,PROD0083,2026-02-23 21:07:39,2055.7,10
TXN007356,CUST00291,PROD0017,2026-02-11 19:32:48,,7
TXN007357,CUST00767,PROD0077,2026-02-04 14:54:21,753.72,9
TXN007358,CUST00626,PROD9907,2026-02-26 07:28:47,325.19,9
TXN007359,CUST00823,PROD0042,2026-01-31 17:18:38,721.78,3
TXN007360,CUST00607,PROD0037,2026-02-03 17:15:09,926.4,7
TXN007361,CUST00636,PROD0051,2026-02-12 11:28:24,1236.62,9
TXN005958,CUST00706,PROD0005,2026-02-10 20:51:58,335558.55,8
TXN007363,CUST00156,PROD0088,2026-02-05 11:37:48,610.29,2
TXN007364,CUST00679,PROD0007,2026-02-11 18:35:43,146.91,7
TXN007365,CUST00679,PROD9907,2026-02-07 06:30:01,207.92,8
TXN007366,CUST00925,PROD0096,2026-02-24 18:57:32,360.77,10
TXN007367,CUST00699,PROD0066,2026-02-19 02:56:50,509.52,6
TXN007368,CUST00664,PROD0070,2026-02-22 13:05:27,208.0,7
TXN007369,CUST00405,PROD0077,2026-02-11 10:33:45,446.27,3
TXN007370,CUST00758,PROD0096,2026-02-28 17:15:03,38.8,1
TXN007371,CUST00947,PROD0022,2026-02-24 15:25:38,175.56,4
TXN007372,CUST00930,PROD0059,2026-02-12 16:21:22,7332.01,10
TXN007373,CUST00459,PROD0087,2026-02-25 06:58:27,450169.49,2
TXN007374,CUST00843,PROD0091,2026-02-25 20:02:48,484.47,2
TXN007375,CUST00904,PROD0077,2026-02-21 08:56:45,76.06,2
TXN007376,CUST00496,PROD0013,2026-02-03 19:06:45,407.41,10
TXN007377,CUST00539,PROD0052,2026-02-03 15:01:17,2395.43,7
TXN007378,CUST00530,PROD0051,2026-02-19 08:29:51,407.61,3
TXN007379,CUST00627,PROD0071,2026-02-14 01:22:27,17552.26,9
TXN007380,CUST00998,PROD0032,2026-02-22 02:08:10,1091.4,9
TXN007381,CUST00473,PROD0008,2026-02-23 09:17:19,210.8,1
TXN007382,CUST00232,PROD0045,2026-02-23 12:20:14,13292.98,7
TXN007383,CUST00859,PROD0045,2026-02-28 10:10:56,17031.22,9
TXN007384,CUST00008,PROD9909,2026-02-23 00:15:29,-268.8,1
TXN007385,CUST00281,PROD0071,2026-02-07 08:03:14,8251.38,4
TXN007386,CUST00171,PROD0035,2026-02-24 16:52:20,18266.58,8
TXN007387,CUST00259,PROD0089,2026-02-26 17:05:24,1222.07,5
TXN007388,CUST00366,PROD0042,2026-02-15 19:56:21,235.58,1
TXN007389,CUST00088,PROD0045,2026-02-22 04:47:11,14083.78,7
TXN007390,CUST00595,PROD0060,2026-02-16 04:06:54,81.07,3
TXN007391,CUST00883,PROD0001,2026-02-19 18:48:06,1015.89,8
TXN007392,CUST00828,PROD0018,2026-02-23 23:47:43,11201.95,4
TXN007393,CUST00583,PROD0066,2026-02-08 04:55:55,,7
TXN007394,CUST00619,PROD0081,2026-02-02 16:11:13,581.42,1
TXN007395,CUST00751,PROD0018,2026-02-12 20:28:35,9770.94,4
TXN007396,CUST00103,PROD0092,2026-02-17 07:38:30,215.12,1
TXN007397,CUST00642,PROD0007,2026-02-10 12:21:01,177.37,8
TXN007398,CUST00487,PROD0080,2026-02-05 03:07:56,2260.84,9
TXN007399,CUST00284,PROD0098,2026-02-25 14:32:15,377.03,2
TXN007400,CUST00263,PROD0092,2026-02-28 02:15:31,559.65,3
TXN007401,CUST00313,PROD0022,2026-02-06 14:23:19,398.06,10
TXN007402,CUST00305,PROD0053,2026-02-17 14:58:06,131.63,10
TXN007403,CUST00029,PROD0096,2026-02-11 17:40:42,33.86,1
TXN007404,CUST00578,PROD0024,2026-02-07 09:10:42,4613.75,9
TXN007405,CUST00917,PROD0070,2026-02-03 04:32:33,232.62,8
TXN007406,CUST00901,PROD9905,2026-02-14 08:15:15,-179.11,6
TXN007407,CUST00862,PROD0052,2026-02-22 00:16:56,1730.4,5
TXN007408,CUST00245,PROD0093,2026-02-13 06:25:30,1743.67,4
TXN007409,CUST00397,PROD0006,2026-02-25 21:31:24,521.81,7
TXN007410,CUST00734,PROD0096,2026-03-01 13:39:57,138.88,4
TXN007411,CUST00930,PROD0080,2026-03-01 13:36:07,485.06,2
TXN007412,CUST00015,PROD0032,2026-02-04 16:35:03,977.4,7
TXN007413,CUST00153,PROD0074,2026-02-26 20:10:11,660.84,8
TXN007414,CUST00761,PROD0062,2026-02-10 23:45:39,2463.6,4
TXN007415,CUST00844,PROD0079,2026-02-26 17:49:54,153875.52,3
TXN007416,CUST00322,PROD0026,2026-02-12 13:37:13,91.11,1
TXN007417,CUST00228,PROD0067,2026-02-11 11:39:42,413.39,3
TXN007418,CUST00387,PROD0063,2026-02-01 16:01:52,4378.24,9
TXN007419,CUST00011,PROD0006,2026-02-26 16:48:56,148.68,2
TXN007420,CUST00582,PROD0069,2026-02-01 06:04:33,33948.85,1
TXN007421,CUST00899,PROD0063,2026-02-22 15:30:15,5092.87,10
TXN007422,CUST00608,PROD0010,2026-02-11 16:18:15,245871.65,3
TXN007423,CUST00124,PROD0022,2026-02-07 15:45:30,159.34,4
TXN007424,CUST00418,PROD0047,2026-02-26 22:47:15,407.44,8
TXN007425,CUST00726,PROD0051,2026-02-22 21:04:33,1114.2,8
TXN007426,CUST00151,PROD0027,2026-02-15 16:37:21,907.61,5
TXN007427,CUST00601,PROD0022,2026-02-01 01:32:52,224.49,5
TXN007428,CUST00332,PROD0086,2026-02-21 15:07:13,6710.1,7
TXN007429,CUST00151,PROD0095,2026-02-27 15:13:42,98.19,1
TXN007430,CUST00943,PROD0027,2026-02-27 04:14:51,1641.54,10
TXN007431,CUST00665,PROD0042,2026-02-03 01:15:00,2174.04,9
TXN001016,CUST00625,PROD0058,2026-02-09 03:16:13,2870.92,7
TXN007433,CUST00817,PROD0037,2026-02-17 09:18:18,1116.15,8
TXN007434,CUST00429,PROD0079,2026-02-11 07:19:45,256150.81,5
TXN007435,CUST99002,PROD0072,2026-02-09 13:12:06,428.91,2
TXN007436,CUST00012,PROD0056,2026-03-01 15:24:09,39120.77,1
TXN007437,CUST00913,PROD0039,2026-03-01 23:25:51,195.07,3
TXN007438,CUST00038,PROD0097,2026-02-17 09:09:31,895.79,2
TXN007439,CUST00971,PROD0042,2026-02-23 11:17:15,1754.6,7
TXN007440,CUST99007,PROD0066,2026-02-27 17:31:33,-516.69,8
TXN007441,CUST00819,PROD0045,2026-02-26 09:49:09,11153.46,6
TXN007442,CUST00535,PROD0032,2026-02-25 16:12:06,405.74,3
TXN007443,CUST00485,PROD0066,2026-02-16 21:52:41,88.29,1
TXN007444,CUST00968,PROD0072,2026-02-01 07:52:40,1703.81,8
TXN007445,CUST00974,PROD0071,2026-02-12 03:24:47,19986.06,9
TXN007446,CUST00187,PROD0093,2026-03-01 09:04:07,2815.91,6
TXN007447,CUST00024,PROD0021,2026-02-13 16:15:16,2777.32,1
TXN007448,CUST00673,PROD0099,2026-02-23 06:20:09,478.41,3
TXN007449,CUST00099,PROD0041,2026-02-09 13:08:21,11909.43,7
TXN007450,CUST00128,PROD0049,2026-02-22 10:41:13,344.96,3
TXN007451,CUST99004,PROD0097,2026-02-17 19:41:16,4398.66,10
TXN007452,CUST00861,PROD0030,2026-02-28 23:36:02,916.37,6
TXN007453,CUST00278,PROD0011,2026-02-18 05:11:45,204.99,6
TXN007454,CUST00084,PROD0093,2026-02-05 16:03:49,-233.11,2
TXN007455,CUST00177,PROD0048,2026-02-13 13:13:25,682.24,9
TXN007456,CUST00912,PROD0039,2026-02-21 18:49:21,283.73,7
TXN007457,CUST00515,PROD0020,2026-02-01 22:50:26,13562.93,10
TXN007458,CUST00381,PROD0020,2026-02-14 07:13:18,1342.87,1
TXN007459,CUST00942,PROD0068,2026-02-20 15:56:52,292.47,4
TXN007460,CUST00669,PROD0016,2026-02-22 10:52:30,454.92,7
TXN007461,CUST00801,PROD0089,2026-02-01 21:06:50,1190.21,5
TXN007462,CUST00463,PROD0072,2026-02-14 20:14:29,1132.08,6
TXN007463,CUST00053,PROD0055,2026-02-25 15:28:09,2069.08,8
TXN007464,CUST00852,PROD0090,2026-02-06 02:10:27,1661.85,7
TXN007465,CUST00903,PROD0033,2026-02-10 00:00:27,-823.23,3
TXN007466,CUST00897,PROD0015,2026-02-24 00:32:34,1009.75,4
TXN007467,CUST00713,PROD0026,2026-01-31 12:33:55,354.94,4
TXN007468,CUST00443,PROD0063,2026-02-25 07:27:18,,4
TXN007469,CUST00062,PROD0077,2026-02-06 03:58:36,657.1,6
TXN007470,CUST00838,PROD0038,2026-02-14 12:49:40,2615.52,10
TXN007471,CUST00965,PROD0025,2026-02-18 19:03:17,288591.12,5
TXN007472,CUST00231,PROD9906,2026-02-09 00:06:37,537.57,8
TXN007473,CUST00273,PROD0077,2026-02-23 01:24:36,720.66,3
TXN007474,CUST00681,PROD0010,2026-02-24 17:46:22,59.29,3
TXN007475,CUST00318,PROD0022,2026-02-17 23:52:02,212.12,5
TXN007476,CUST00877,PROD0080,2026-02-19 16:50:02,493.85,2
TXN007477,CUST00971,PROD0062,2026-03-01 19:57:30,5649.33,9
TXN007478,CUST00099,PROD0085,2026-02-12 20:23:23,13826.54,8
TXN007479,CUST00354,PROD0083,2026-02-08 20:00:07,217.44,1
TXN007480,CUST00932,PROD0037,2026-02-27 16:43:29,1023.62,8
TXN005270,CUST00028,PROD0076,2026-02-15 07:13:40,47.46,2
TXN007482,CUST00610,PROD0090,2026-02-07 06:22:59,468.77,2
TXN007483,CUST00457,PROD0082,2026-02-19 17:40:45,1362.65,1
TXN007484,CUST00963,PROD0047,2026-02-09 16:08:47,216.47,4
TXN007485,CUST00994,PROD0077,2026-02-23 05:35:38,677.31,6
TXN007486,CUST00484,PROD0098,2026-02-12 10:41:07,566.66,3
TXN007487,CUST00665,PROD0053,2026-02-28 00:53:23,28.29,2
TXN007488,CUST00274,PROD0065,2026-02-17 16:37:25,38387.86,2
TXN007489,CUST00516,PROD0029,2026-03-01 17:07:08,48.6,2
TXN007490,CUST00995,PROD0081,2026-02-17 06:30:57,216990.87,3
TXN005751,CUST00352,PROD0059,2026-02-17 14:21:44,4502.73,7
TXN007492,CUST00917,PROD0066,2026-02-04 10:15:14,627.07,7
TXN007493,CUST00563,PROD0100,2026-02-13 07:26:29,73811.17,2
TXN007494,CUST00583,PROD0080,2026-02-01 06:10:06,2220.88,9
TXN007495,CUST00707,PROD0013,2026-02-14 22:18:52,157.39,4
TXN007496,CUST00285,PROD0084,2026-02-27 10:19:13,55.01,1
TXN007497,CUST00215,PROD0090,2026-02-01 14:49:38,497.53,2
TXN007498,CUST00158,PROD0008,2026-02-21 05:06:30,323585.41,5
TXN007499,CUST00097,PROD0095,2026-02-07 19:01:21,280.34,3
TXN007500,CUST00336,PROD0067,2026-02-09 18:38:03,1409.35,10
TXN007501,CUST00160,PROD0002,2026-02-19 17:42:56,98.22,8
TXN007502,CUST00527,PROD0058,2026-02-06 08:03:45,2181.75,5
TXN007503,CUST00368,PROD0004,2026-02-26 11:36:39,16341.05,8
TXN007504,CUST00029,PROD0006,2026-02-06 03:40:51,877.22,10
TXN007505,CUST00809,PROD0001,2026-02-01 19:06:46,823.7,6
TXN007506,CUST00539,PROD0045,2026-03-01 09:50:19,16140.16,9
TXN007507,CUST00849,PROD0043,2026-02-05 07:13:24,532.83,5
TXN000345,CUST00289,PROD0042,2026-02-18 05:15:19,2244.56,10
TXN007509,CUST00691,PROD0071,2026-02-28 21:46:29,312657.58,6
TXN005189,CUST00561,PROD0086,2026-02-04 10:05:00,4956.59,6
TXN007511,CUST00087,PROD0037,2026-02-19 00:19:07,813.17,6
TXN007512,CUST00724,PROD0002,2026-02-24 18:35:40,94.63,8
TXN007513,CUST00952,PROD0066,2026-02-03 11:59:41,593.83,7
TXN007514,CUST00765,PROD0049,2026-02-16 02:49:34,111.88,1
TXN007515,CUST00878,PROD0078,2026-02-18 10:09:06,131.5,3
TXN007516,CUST00675,PROD0004,2026-02-21 10:43:27,10202.94,5
TXN007517,CUST00390,PROD0037,2026-02-24 23:10:41,483603.18,3
TXN007518,CUST00839,PROD0067,2026-02-22 03:05:03,265.14,2
TXN007519,CUST00400,PROD0043,2026-02-27 21:07:34,617.5,6
TXN007520,CUST00006,PROD0086,2026-02-28 15:38:18,5820.13,7
TXN007521,CUST00243,PROD0050,2026-02-25 20:11:05,,6
TXN007522,CUST00137,PROD0085,2026-02-09 18:23:34,1833.65,1
TXN007523,CUST00243,PROD0007,2026-02-06 10:29:42,135.22,6
TXN007524,CUST00377,PROD0029,2026-02-12 13:48:13,166.16,8
TXN007525,CUST00203,PROD0048,2026-02-15 06:14:56,503.68,6
TXN007526,CUST00175,PROD0078,2026-02-25 13:25:21,420.06,10
TXN007527,CUST00423,PROD0070,2026-02-27 15:31:08,,3
TXN007528,CUST99003,PROD0023,2026-02-13 07:05:05,204.36,1
TXN007529,CUST00822,PROD0097,2026-02-10 11:27:44,2951.5,7
TXN007530,CUST00715,PROD0059,2026-02-04 04:58:01,663.83,1
TXN007531,CUST99006,PROD0085,2026-02-26 12:47:17,13815.72,9
TXN007532,CUST00327,PROD0061,2026-02-13 03:41:40,866.67,1
TXN007533,CUST00654,PROD0018,2026-02-17 01:43:26,13496.0,5
TXN007534,CUST00762,PROD0024,2026-02-22 02:12:56,2649.05,5
TXN007535,CUST00451,PROD0027,2026-02-15 11:13:19,1270.08,8
TXN007536,CUST99005,PROD0089,2026-02-27 04:07:10,781.43,3
TXN007537,CUST00947,PROD0085,2026-02-16 00:57:51,-768.8,2
TXN007538,CUST00825,PROD0014,2026-02-04 00:00:40,488.87,2
TXN007539,CUST00625,PROD9902,2026-02-28 15:56:00,579.22,9
TXN007540,CUST00989,PROD0048,2026-02-07 16:23:20,635.29,8
TXN007541,CUST00125,PROD0096,2026-02-17 01:42:28,279.48,8
TXN007542,CUST00184,PROD0047,2026-02-21 20:39:12,51.77,1
TXN007543,CUST00012,PROD0095,2026-03-01 08:39:13,1010.94,10
TXN007544,CUST00667,PROD0079,2026-02-21 01:07:52,-682.68,2
TXN007545,CUST00058,PROD0003,2026-02-27 04:47:57,1087.38,9
TXN007546,CUST00033,PROD0090,2026-02-12 07:51:23,256.27,1
TXN007547,CUST00282,PROD0009,2026-02-17 10:33:45,419.65,2
TXN007548,CUST00139,PROD0094,2026-02-22 04:01:38,5117.31,5
TXN007549,CUST00849,PROD0010,2026-01-31 11:25:36,40.76,2
TXN007550,CUST00512,PROD0017,2026-01-31 02:17:22,161501.89,8
TXN001424,CUST00676,PROD0054,2026-02-26 17:40:24,4196.51,4
TXN007552,CUST00879,PROD0074,2026-02-12 17:49:46,666.76,8
TXN007553,CUST00614,PROD0057,2026-02-12 13:42:10,1581.04,10
TXN007554,CUST00071,PROD0023,2026-02-09 06:45:34,850.03,4
TXN007555,CUST00419,PROD0004,2026-02-13 12:38:10,5707.43,3
TXN007556,CUST00306,PROD0083,2026-02-20 09:50:15,1529.72,7
TXN007557,CUST00136,PROD0029,2026-02-28 10:29:38,154.63,7
TXN007558,CUST00385,PROD0037,2026-02-07 12:17:17,1149.11,8
TXN007559,CUST00644,PROD0001,2026-02-02 08:58:59,-661.72,-5
TXN007560,CUST00631,PROD0003,2026-02-20 19:22:12,605.3,5
TXN000117,CUST00007,PROD0081,2026-02-06 02:14:24,4481.71,7
TXN007562,CUST00709,PROD0070,2026-02-27 04:03:00,170.13,6
TXN007563,CUST00166,PROD0091,2026-02-13 02:01:35,261.09,1
TXN007564,CUST00500,PROD0060,2026-02-10 09:07:03,29.91,1
TXN007565,CUST00468,PROD0069,2026-02-14 17:47:09,160121.93,4
TXN007566,CUST00267,PROD0049,2026-02-14 10:55:02,749.93,7
TXN007567,CUST00306,PROD0034,2026-02-28 15:25:26,334.85,5
TXN007568,CUST00801,PROD0040,2026-02-05 02:45:08,104.62,1
TXN007569,CUST00213,PROD0094,2026-02-20 04:37:46,4332.04,5
TXN007570,CUST00516,PROD0096,2026-02-18 21:46:56,192.21,5
TXN007571,CUST00241,PROD0022,2026-02-10 05:25:56,175.96,4
TXN007572,CUST00507,PROD0098,2026-02-21 09:15:04,1467.24,8
TXN007573,CUST00009,PROD0092,2026-02-06 17:31:01,630.5,3
TXN007574,CUST00228,PROD0077,2026-02-27 21:43:16,994.14,2
TXN007575,CUST00595,PROD0010,2026-02-09 00:46:32,95.03,5
TXN007576,CUST00541,PROD0076,2026-02-12 02:33:04,164.51,7
TXN007577,CUST00467,PROD0041,2026-02-11 15:46:16,7375.33,4
TXN007578,CUST00518,PROD0082,2026-02-06 11:53:41,6484.55,5
TXN002772,CUST00601,PROD0065,2026-02-22 01:44:48,,3
TXN007580,CUST00539,PROD0086,2026-02-22 20:39:59,5885.28,6
TXN007581,CUST00933,PROD0035,2026-02-27 22:35:54,18876.11,8
TXN007582,CUST00855,PROD0067,2026-02-18 09:04:31,367.82,3
TXN007583,CUST00517,PROD0056,2026-02-26 14:20:41,237805.08,6
TXN007584,CUST00173,PROD0095,2026-02-28 20:40:40,198.52,2
TXN007585,CUST00384,PROD0099,2026-02-18 16:48:16,165.71,1
TXN007586,CUST00732,PROD0067,2026-02-12 09:13:03,-697.59,-5
TXN007587,CUST00184,PROD0033,2026-02-10 04:37:43,1044.09,6
TXN007588,CUST00953,PROD0072,2026-02-05 12:00:03,562.4,3
TXN007589,CUST00952,PROD0092,2026-02-06 15:30:20,1348.02,7
TXN007590,CUST00677,PROD0013,2026-02-16 05:44:19,217.3,5
TXN007591,CUST00454,PROD0001,2026-01-31 00:40:19,1264.61,9
TXN007592,CUST00405,PROD0050,2026-02-17 04:25:57,3053.76,10
TXN007593,CUST00643,PROD0016,2026-02-02 01:13:21,572.09,9
TXN007594,CUST00242,PROD0060,2026-02-20 00:16:31,157.8,6
TXN007595,CUST00837,PROD0065,2026-02-12 15:56:01,82779.06,4
TXN003993,CUST00811,PROD0067,2026-02-02 23:36:39,1324.98,10
TXN007597,CUST00442,PROD0026,2026-02-23 23:17:41,901.14,10
TXN007598,CUST00474,PROD0022,2026-02-20 14:46:55,149.4,4
TXN003477,CUST00332,PROD0044,2026-02-17 08:10:25,4294.7,3
TXN007600,CUST00390,PROD0041,2026-02-20 00:00:06,-709.38,9
TXN007601,CUST00567,PROD0052,2026-02-15 15:55:09,393418.1,4
TXN007602,CUST00097,PROD9901,2026-02-24 23:20:04,706.57,4
TXN007603,CUST00215,PROD0023,2026-02-21 20:10:56,2015.64,10
TXN007604,CUST00904,PROD0065,2026-03-01 16:05:49,155299.0,8
TXN007605,CUST00754,PROD0009,2026-02-18 04:15:22,-301.97,3
TXN007606,CUST00893,PROD0068,2026-02-14 01:05:28,-535.19,4
TXN007607,CUST00219,PROD0100,2026-02-04 18:28:19,362627.6,10
TXN007608,CUST00771,PROD0039,2026-02-25 23:02:17,814.71,8
TXN007609,CUST00985,PROD0016,2026-01-31 08:16:58,685.34,10
TXN007610,CUST00074,PROD0017,2026-02-15 06:36:30,128939.31,7
TXN007611,CUST00763,PROD9901,2026-02-13 00:56:51,88.92,8
TXN007612,CUST00918,PROD0096,2026-02-04 01:27:10,273.36,8
TXN007613,CUST00538,PROD0024,2026-02-24 06:18:59,1804.22,4
TXN007614,CUST00648,PROD0012,2026-02-07 05:24:35,80.41,3
TXN007615,CUST00967,PROD0100,2026-02-04 13:46:52,112517.2,3
TXN007616,CUST99006,PROD0036,2026-02-23 18:30:40,2341.82,5
TXN007617,CUST00675,PROD0061,2026-02-19 04:10:28,7225.58,9
TXN007618,CUST00256,PROD0026,2026-02-21 14:38:30,234.44,3
TXN007619,CUST00369,PROD0073,2026-02-07 09:34:40,15204.83,7
TXN007620,CUST00741,PROD0046,2026-02-17 03:44:09,23.53,1
TXN007621,CUST00159,PROD0088,2026-02-26 15:03:05,2000.42,7
TXN007622,CUST00443,PROD0021,2026-02-24 19:28:33,2641.35,1
TXN007623,CUST00686,PROD0066,2026-02-24 15:04:48,559.8,7
TXN007624,CUST00391,PROD0015,2026-02-13 08:36:35,563.87,2
TXN007625,CUST00105,PROD0061,2026-02-19 21:44:13,3757.79,4
TXN007626,CUST00743,PROD0096,2026-02-21 10:23:49,349.97,10
TXN007627,CUST00844,PROD0048,2026-02-16 07:16:28,334.36,4
TXN007628,CUST00622,PROD0047,2026-02-20 11:50:22,285.11,5
TXN007629,CUST00616,PROD0004,2026-02-04 08:32:51,14086.78,7
TXN007630,CUST00184,PROD0091,2026-02-21 19:44:14,659.42,3
TXN007631,CUST00307,PROD0070,2026-02-01 23:18:52,251.11,9
TXN007628,CUST00203,PROD0034,2026-02-14 08:57:59,587.27,8
TXN007633,CUST00888,PROD0038,2026-02-19 16:12:04,261.94,1
TXN007634,CUST00036,PROD0099,2026-02-01 19:12:37,1498.24,10
TXN007635,CUST00153,PROD0063,2026-02-15 10:03:27,4016.49,8
TXN007636,CUST00352,PROD0074,2026-02-28 08:07:45,750.5,9
TXN007637,CUST00079,PROD0050,2026-02-14 14:19:15,589.82,2
TXN007638,CUST00011,PROD0056,2026-02-20 10:10:55,159934.6,4
TXN007639,CUST99003,PROD0091,2026-02-06 07:46:24,1623.99,7
TXN007640,CUST00111,PROD0089,2026-02-16 14:52:23,,1
TXN007641,CUST00272,PROD0009,2026-02-05 03:20:08,690.54,3
TXN007642,CUST99008,PROD0061,2026-02-25 09:01:42,5135.83,6
TXN007643,CUST00900,PROD0038,2026-02-09 23:53:28,1692.47,6
TXN007644,CUST00929,PROD0024,2026-02-15 06:04:55,1513.74,3
TXN007645,CUST00006,PROD0036,2026-02-26 13:38:39,3499.39,7
TXN007646,CUST00403,PROD0043,2026-02-12 08:37:14,1011.87,10
TXN007647,CUST00101,PROD0016,2026-02-09 20:31:11,183.14,3
TXN007648,CUST00791,PROD0068,2026-02-13 10:13:30,307.8,4
TXN007649,CUST00411,PROD0081,2026-02-20 20:00:41,1793.15,3
TXN007650,CUST00104,PROD0036,2026-02-02 21:58:09,4941.14,9
TXN007651,CUST00582,PROD0033,2026-02-22 04:10:44,368.88,2
TXN007652,CUST00744,PROD0010,2026-02-20 17:07:54,63.49,3
TXN007653,CUST00134,PROD0079,2026-02-10 02:17:00,102587.32,2
TXN007654,CUST00245,PROD0038,2026-03-01 00:19:23,1519.47,6
TXN007655,CUST00619,PROD0065,2026-02-12 16:57:14,-567.04,6
TXN004948,CUST00864,PROD0042,2026-02-28 20:12:28,1628.89,7
TXN007657,CUST00966,PROD0030,2026-02-10 00:00:30,432.2,3
TXN007658,CUST00005,PROD0083,2026-02-06 17:13:59,1890.97,8
TXN007659,CUST00624,PROD0056,2026-02-01 08:41:03,132271.43,4
TXN007660,CUST00011,PROD0023,2026-02-02 20:43:21,203.82,1
TXN007661,CUST00724,PROD0089,2026-02-24 02:44:52,2045.18,9
TXN007662,CUST00583,PROD0052,2026-02-28 11:26:49,1510.77,4
TXN007663,CUST00925,PROD0033,2026-02-01 05:01:54,318.55,2
TXN004233,CUST00592,PROD0095,2026-02-26 14:58:55,177.83,2
TXN007665,CUST00854,PROD0006,2026-02-10 05:04:44,233.38,3
TXN007666,CUST00193,PROD0088,2026-02-18 10:57:28,2774.13,8
TXN007667,CUST00950,PROD0041,2026-01-31 09:04:45,9568.55,6
TXN007668,CUST00930,PROD0051,2026-02-11 14:45:12,1062.89,7
TXN007669,CUST00035,PROD0036,2026-02-23 16:25:49,3531.41,7
TXN007670,CUST00029,PROD0079,2026-02-28 01:39:00,297707.64,6
TXN007671,CUST00772,PROD0045,2026-02-16 10:57:26,12334.74,7
TXN007672,CUST99005,PROD0060,2026-02-23 03:55:25,263.71,10
TXN007673,CUST00318,PROD0034,2026-02-17 00:44:54,393.97,6
TXN007674,CUST00778,PROD0010,2026-02-08 14:47:18,135.2,7
TXN007675,CUST00999,PROD0083,2026-03-01 03:11:13,2248.61,10
TXN007676,CUST00586,PROD0044,2026-02-02 11:13:44,1460.55,1
TXN007677,CUST00495,PROD0094,2026-02-02 16:33:25,7841.58,9
TXN007678,CUST00085,PROD0030,2026-02-10 16:37:31,1269.85,8
TXN007679,CUST00390,PROD0071,2026-02-20 01:56:25,12253.64,6
TXN007680,CUST00893,PROD0088,2026-02-28 13:09:41,,7
TXN007681,CUST00112,PROD0099,2026-03-01 23:14:06,299.22,2
TXN007682,CUST00659,PROD0055,2026-02-26 20:46:09,270.55,1
TXN007683,CUST00648,PROD0032,2026-02-26 10:42:03,1160.09,8
TXN002386,CUST00077,PROD0026,2026-02-03 20:54:33,186.42,2
TXN000747,CUST00979,PROD0092,2026-02-09 10:54:12,936.04,5
TXN007686,CUST00647,PROD0069,2026-02-05 06:36:29,287345.17,8
TXN007687,CUST00157,PROD0048,2026-02-04 15:27:59,,6
TXN007688,CUST00476,PROD0078,2026-02-26 09:10:55,243.39,5
TXN007689,CUST00350,PROD0033,2026-02-26 14:39:52,490.54,3
TXN007690,CUST00490,PROD0015,2026-02-13 04:26:07,2275.51,9
TXN007691,CUST00914,PROD0013,2026-02-20 17:33:29,43.76,1
TXN007692,CUST00925,PROD0039,2026-02-17 11:48:33,624.83,3
TXN007693,CUST00490,PROD0016,2026-02-13 02:14:01,127.29,2
TXN007694,CUST00714,PROD0015,2026-02-01 18:48:27,261.87,1
TXN007695,CUST00755,PROD0078,2026-02-09 09:55:22,97.44,2
TXN007696,CUST99006,PROD0036,2026-03-01 15:19:07,4441.25,9
TXN007697,CUST00127,PROD0062,2026-02-11 17:28:34,1302.41,2
TXN007698,CUST00674,PROD0071,2026-02-08 05:04:02,5758.51,3
TXN007699,CUST00688,PROD0022,2026-02-08 12:52:01,314.64,7
TXN007700,CUST00815,PROD0064,2026-02-03 04:19:37,367.73,9
TXN005887,CUST00214,PROD0044,2026-02-20 03:14:36,12661.79,9
TXN007702,CUST99005,PROD0075,2026-01-31 03:48:23,677.13,8
TXN001102,CUST00791,PROD0027,2026-02-14 12:03:50,190.55,1
TXN007704,CUST00007,PROD0047,2026-02-18 13:58:53,148.73,3
TXN007705,CUST00908,PROD0035,2026-02-12 14:40:47,-149.54,6
TXN007706,CUST00755,PROD0011,2026-02-15 08:06:35,342.84,9
TXN007707,CUST00449,PROD0012,2026-02-20 21:52:52,27.35,1
TXN007708,CUST00818,PROD0031,2026-03-01 21:52:05,787.69,8
TXN007709,CUST00901,PROD0059,2026-02-08 04:34:11,6952.4,10
TXN007710,CUST00098,PROD0093,2026-02-06 05:46:17,2389.73,5
TXN007711,CUST00219,PROD0058,2026-02-20 20:46:17,1869.04,5
TXN007712,CUST00681,PROD0052,2026-02-24 01:23:28,348.92,1
TXN007713,CUST00695,PROD0060,2026-02-01 16:04:24,57.68,2
TXN007714,CUST00899,PROD0015,2026-02-08 14:32:23,1654.19,7
TXN007715,CUST00808,PROD0097,2026-02-28 16:59:04,1271.23,3
TXN007716,CUST99001,PROD0031,2026-02-20 17:48:23,423.68,4
TXN007717,CUST00831,PROD0055,2026-02-14 09:36:26,2906.94,10
TXN007718,CUST00872,PROD0089,2026-02-11 07:58:30,243.09,1
TXN007719,CUST00184,PROD0043,2026-02-20 13:56:11,97.5,1
TXN007720,CUST00516,PROD0027,2026-02-11 13:31:28,1522.7,8
TXN007721,CUST99001,PROD0091,2026-02-11 23:05:35,526.52,2
TXN007722,CUST00538,PROD0029,2026-02-04 21:54:59,-354.37,2
TXN007723,CUST00426,PROD0024,2026-03-01 13:27:45,969.0,2
TXN007724,CUST00681,PROD0057,2026-02-17 11:52:21,1004.65,7
TXN007725,CUST00490,PROD0032,2026-03-01 19:08:36,699.83,0
TXN007726,CUST00332,PROD0083,2026-01-31 22:48:32,664.7,3
TXN007727,CUST00609,PROD0041,2026-02-08 05:56:28,3218.44,2
TXN007728,CUST00972,PROD0031,2026-02-05 11:23:04,373.48,4
TXN007729,CUST00607,PROD0029,2026-02-13 01:39:49,177.24,8
TXN007730,CUST00678,PROD0086,2026-02-13 17:20:11,8348.68,9
TXN003757,CUST00424,PROD0060,2026-02-11 08:13:12,265.06,10
TXN007732,CUST00595,PROD0069,2026-01-31 02:29:11,235584.98,6
TXN007733,CUST00514,PROD0053,2026-02-01 05:13:43,70.53,5
TXN007734,CUST00865,PROD0090,2026-02-28 02:13:46,1738.97,7
TXN007735,CUST00412,PROD0052,2026-02-01 12:02:11,2214.14,6
TXN007736,CUST00826,PROD0030,2026-02-06 07:40:52,-680.49,10
TXN007737,CUST00562,PROD0087,2026-02-27 13:38:20,198.4,9
TXN007738,CUST00683,PROD0026,2026-02-28 22:22:06,279.27,3
TXN007739,CUST00550,PROD0077,2026-02-24 02:33:07,876.7,8
TXN007740,CUST00384,PROD0037,2026-02-17 08:05:58,1182.58,8
TXN007741,CUST00086,PROD0037,2026-02-13 20:48:38,1323.13,10
TXN007742,CUST00060,PROD0057,2026-02-20 17:28:06,792.02,5
TXN007743,CUST00058,PROD0043,2026-02-23 07:07:27,105.08,1
TXN007744,CUST00577,PROD0073,2026-02-15 12:23:43,2380.14,1
TXN007745,CUST00529,PROD0075,2026-02-15 16:22:30,721.41,9
TXN007746,CUST00059,PROD0019,2026-02-04 11:42:09,911.94,7
TXN007747,CUST00299,PROD0016,2026-02-28 14:49:18,69.92,1
TXN007748,CUST00032,PROD0011,2026-02-13 08:07:35,170.01,5
TXN007749,CUST00974,PROD0086,2026-02-02 22:36:26,2700.94,3
TXN007750,CUST00170,PROD0079,2026-02-20 16:52:28,376501.53,7
TXN007751,CUST00470,PROD0028,2026-02-14 02:42:18,102.39,3
TXN007752,CUST00566,PROD0021,2026-02-11 00:06:20,105081.25,5
TXN007753,CUST00336,PROD0089,2026-02-28 06:02:53,236.03,1
TXN007754,CUST00103,PROD0032,2026-02-04 03:42:12,146.87,1
TXN007755,CUST00904,PROD0082,2026-02-24 23:24:33,2375.81,2
TXN007756,CUST00313,PROD0053,2026-02-21 21:27:12,23.7,2
TXN007757,CUST00312,PROD0046,2026-02-23 19:57:15,197.12,9
TXN007758,CUST00713,PROD0053,2026-02-19 10:14:08,107.22,8
TXN007759,CUST00351,PROD0081,2026-02-02 04:46:42,4382.01,7
TXN007760,CUST00293,PROD0014,2026-02-22 21:07:09,1188.58,5
TXN007761,CUST00519,PROD0087,2026-02-20 20:18:42,97.15,4
TXN007762,CUST00073,PROD0099,2026-02-21 04:22:24,1510.71,10
TXN007763,CUST00119,PROD0046,2026-02-10 01:53:27,233.0,10
TXN007764,CUST00407,PROD0036,2026-02-07 14:44:48,1087.72,2
TXN007765,CUST00641,PROD0083,2026-02-14 17:14:59,410.87,2
TXN007766,CUST00323,PROD0039,2026-02-22 12:32:00,886.71,1
TXN007767,CUST00040,PROD0089,2026-03-01 17:21:12,1896.95,8
TXN007768,CUST00379,PROD0002,2026-02-14 12:41:47,47.38,4
TXN007769,CUST00002,PROD0024,2026-02-18 02:18:18,4229.42,9
TXN007770,CUST00619,PROD0009,2026-02-14 21:42:39,886.43,4
TXN007771,CUST00499,PROD0084,2026-02-19 14:54:02,217.23,4
TXN007772,CUST00082,PROD0086,2026-02-25 15:19:28,8837.88,10
TXN007773,CUST00510,PROD0032,2026-02-05 22:56:34,848.41,6
TXN007774,CUST00789,PROD0022,2026-02-17 02:54:17,132.77,3
TXN007775,CUST00228,PROD0020,2026-02-25 22:02:29,-1313.67,-1
TXN007776,CUST00234,PROD0079,2026-02-02 12:52:02,452272.41,9
TXN007777,CUST00089,PROD0100,2026-02-03 07:07:20,304300.7,9
TXN007778,CUST00042,PROD0007,2026-01-31 05:51:10,186.53,8
TXN007779,CUST00811,PROD0001,2026-02-06 18:46:41,410.15,3
TXN007780,CUST00225,PROD0066,2026-03-01 15:04:37,321.67,4
TXN007781,CUST00327,PROD0003,2026-02-20 23:41:59,792.83,6
TXN007782,CUST00924,PROD0088,2026-02-02 15:01:19,3399.25,10
TXN002804,CUST00774,PROD0016,2026-02-28 19:13:32,604.61,9
TXN007784,CUST00399,PROD0089,2026-02-17 06:23:37,2319.86,10
TXN007785,CUST00908,PROD0024,2026-02-10 15:41:21,4871.76,10
TXN007786,CUST00289,PROD0033,2026-02-10 14:17:48,1819.21,10
TXN007787,CUST00790,PROD0004,2026-02-27 15:39:54,8916.15,5
TXN007788,CUST00275,PROD0001,2026-02-15 21:50:09,481.59,4
TXN007789,CUST00323,PROD0019,2026-02-03 00:41:16,308.89,3
TXN007790,CUST00721,PROD0091,2026-02-11 00:37:03,1069.08,4
TXN007791,CUST00031,PROD0089,2026-02-09 17:42:59,257410.99,8
TXN007792,CUST00418,PROD0014,2026-02-21 19:11:24,1109.44,5
TXN007793,CUST00347,PROD0049,2026-02-06 21:34:13,448.52,4
TXN007794,CUST00555,PROD0086,2026-02-20 12:24:01,3941.72,4
TXN007795,CUST00167,PROD0008,2026-02-08 03:20:22,1384.6,7
TXN007796,CUST00540,PROD0031,2026-02-09 04:07:19,718.59,7
TXN007797,CUST00608,PROD0051,2026-02-19 05:10:30,792.38,5
TXN007798,CUST00068,PROD0047,2026-02-19 13:26:18,295.2,6
TXN007799,CUST00383,PROD9908,2026-02-28 08:22:34,221.07,5
TXN007800,CUST00534,PROD0017,2026-02-25 09:55:10,184908.32,10
TXN007801,CUST00078,PROD0060,2026-02-10 09:43:46,27.67,1
TXN007802,CUST00369,PROD0079,2026-02-06 11:25:51,538195.01,10
TXN007803,CUST00902,PROD0062,2026-02-02 16:48:38,635.34,1
TXN007804,CUST00701,PROD0036,2026-02-22 16:32:20,4227.25,9
TXN007805,CUST00664,PROD0071,2026-02-24 15:26:32,,6
TXN007806,CUST00364,PROD0007,2026-02-24 19:39:39,177.83,8
TXN007807,CUST00471,PROD0064,2026-02-22 11:34:27,436095.9,3
TXN007808,CUST00607,PROD0001,2026-02-11 02:40:15,352.29,3
TXN003956,CUST00695,PROD0029,2026-02-04 14:40:37,141.0,6
TXN007810,CUST00056,PROD0060,2026-02-25 10:38:32,145.2,5
TXN007811,CUST00146,PROD0086,2026-02-01 10:47:54,2831.06,3
TXN007812,CUST00423,PROD0005,2026-02-17 14:53:49,415672.33,8
TXN007813,CUST00426,PROD0059,2026-02-26 05:09:12,6545.98,10
TXN007814,CUST00382,PROD0083,2026-02-18 23:30:03,-115.58,7
TXN007815,CUST00568,PROD0021,2026-02-06 21:05:25,12579.37,5
TXN007816,CUST00904,PROD0099,2026-02-16 10:03:02,1541.55,10
TXN007817,CUST00211,PROD0058,2026-02-26 21:07:13,863.29,2
TXN007818,CUST00505,PROD0034,2026-02-17 17:06:27,233.28,3
TXN007819,CUST00862,PROD0062,2026-02-04 02:52:17,6529.63,10
TXN007820,CUST00347,PROD0030,2026-02-19 18:21:31,748.95,5
TXN007821,CUST00816,PROD0083,2026-02-01 06:59:04,425.54,2
TXN007822,CUST00599,PROD0051,2026-02-18 09:42:41,291.75,2
TXN007823,CUST00971,PROD0054,2026-02-21 14:59:02,,7
TXN007824,CUST00985,PROD0035,2026-02-23 13:37:41,15620.95,7
TXN007825,CUST00345,PROD0036,2026-02-04 02:20:15,2180.15,4
TXN007826,CUST00764,PROD0021,2026-02-07 18:04:42,25247.96,10
TXN007827,CUST00603,PROD9908,2026-02-02 20:27:37,990.67,5
TXN007828,CUST00161,PROD0042,2026-02-24 17:54:17,265.56,1
TXN007829,CUST00273,PROD0041,2026-02-15 13:32:34,6819.79,4
TXN007830,CUST00439,PROD0059,2026-02-23 14:32:34,5257.05,7
TXN007831,CUST00982,PROD0014,2026-02-06 06:11:00,651.29,3
TXN007832,CUST00855,PROD0023,2026-02-24 15:43:25,576.67,3
TXN007833,CUST00007,PROD0087,2026-02-06 13:33:07,192.96,9
TXN007834,CUST00272,PROD0090,2026-02-10 13:06:47,461.53,2
TXN007835,CUST00695,PROD0008,2026-02-10 04:18:54,207.76,1
TXN007836,CUST00754,PROD0074,2026-02-22 13:44:06,234.49,3
TXN007837,CUST00095,PROD0074,2026-02-18 06:48:19,784.46,10
TXN007838,CUST00056,PROD0046,2026-02-26 12:27:00,214.47,9
TXN007839,CUST00234,PROD0076,2026-02-13 07:59:27,131.64,5
TXN007840,CUST00736,PROD0047,2026-02-17 15:55:15,321.01,6
TXN007841,CUST00172,PROD0035,2026-02-06 21:37:07,2390.7,1
TXN007842,CUST00023,PROD0008,2026-02-01 08:46:18,1877.81,9
TXN007843,CUST00568,PROD0091,2026-02-14 20:02:03,1515.63,6
TXN007844,CUST00908,PROD0029,2026-01-31 15:38:09,-21.85,-1
TXN007845,CUST00160,PROD0008,2026-02-17 08:15:43,1834.93,9
TXN007846,CUST00821,PROD0076,2026-02-26 12:55:45,221.87,9
TXN007847,CUST99002,PROD0065,2026-02-23 14:40:15,98741.33,5
TXN007848,CUST00586,PROD0018,2026-02-19 10:19:09,14923.52,6
TXN007849,CUST00969,PROD0044,2026-02-08 07:12:54,11300.29,8
TXN007850,CUST00568,PROD0013,2026-02-18 16:44:21,405.85,10
TXN007851,CUST00452,PROD0021,2026-01-31 18:06:57,,6
TXN007852,CUST00129,PROD0100,2026-02-03 11:18:31,371759.37,10
TXN007853,CUST00666,PROD0084,2026-02-06 08:09:48,300.86,6
TXN007854,CUST00393,PROD0081,2026-02-26 05:12:51,628.84,1
TXN007855,CUST00322,PROD9902,2026-02-18 16:48:43,731.87,4
TXN007856,CUST00125,PROD0008,2026-02-06 06:54:41,2205.29,10
TXN007857,CUST00567,PROD0050,2026-02-12 11:15:43,2931.37,10
TXN007858,CUST00310,PROD0022,2026-02-10 04:30:50,358.38,8
TXN007859,CUST00245,PROD0035,2026-02-22 09:08:00,11012.56,5
TXN007860,CUST00809,PROD0068,2026-02-21 21:56:42,-38.74,5
TXN007861,CUST00750,PROD0049,2026-02-11 17:39:13,230.78,2
TXN007862,CUST00714,PROD0042,2026-02-24 16:11:40,1525.13,6
TXN007863,CUST00835,PROD0043,2026-02-22 20:00:05,394.24,4
TXN007864,CUST00726,PROD0058,2026-02-07 11:05:23,2512.01,6
TXN007865,CUST00225,PROD0023,2026-02-01 02:26:30,1834.56,9
TXN007866,CUST00818,PROD0032,2026-02-10 01:05:32,1143.83,9
TXN007867,CUST00053,PROD0038,2026-02-10 01:11:11,1560.13,6
TXN007868,CUST00952,PROD0018,2026-02-25 06:40:40,10498.48,4
TXN007869,CUST00522,PROD0013,2026-02-17 13:48:05,396.7,9
TXN007870,CUST00714,PROD0093,2026-02-25 17:47:56,1480.1,3
TXN007871,CUST00645,PROD0031,2026-02-18 17:14:23,99.34,1
TXN007872,CUST00873,PROD0055,2026-02-02 22:26:07,257.24,1
TXN007873,CUST00957,PROD0096,2026-02-16 16:39:59,130.1,4
TXN007874,CUST00936,PROD0068,2026-02-11 01:24:20,525.29,8
TXN007875,CUST00701,PROD0013,2026-02-28 10:45:50,300.21,7
TXN007876,CUST00727,PROD0094,2026-02-19 12:35:27,4617.87,5
TXN007877,CUST00532,PROD0019,2026-02-03 02:33:31,490.68,1
TXN007878,CUST00301,PROD0045,2026-02-25 14:31:49,,4
TXN007879,CUST00482,PROD0070,2026-02-09 23:02:07,167.37,6
TXN007880,CUST00740,PROD0046,2026-02-28 21:53:13,187.86,8
TXN007881,CUST00905,PROD0056,2026-02-14 07:47:33,,1
TXN007882,CUST00385,PROD0030,2026-02-27 20:53:51,1323.22,8
TXN007883,CUST00051,PROD0037,2026-02-25 08:53:56,857.46,7
TXN007884,CUST00611,PROD0080,2026-02-03 16:50:37,997.76,4
TXN007885,CUST00303,PROD0024,2026-02-09 04:28:30,4725.43,10
TXN007886,CUST00200,PROD0035,2026-02-05 16:36:03,2111.06,1
TXN007887,CUST00828,PROD0087,2026-02-08 20:05:40,104.09,5
TXN007888,CUST00686,PROD0086,2026-02-23 20:14:59,4877.69,6
TXN007889,CUST00765,PROD0046,2026-02-18 22:46:59,40.41,2
TXN007890,CUST00668,PROD0097,2026-02-28 00:11:08,,10
TXN007891,CUST00492,PROD0056,2026-02-19 11:23:02,178461.25,5
TXN007892,CUST00013,PROD0025,2026-02-17 19:38:37,293.67,6
TXN007893,CUST00974,PROD0093,2026-02-04 22:11:40,4076.25,9
TXN007894,CUST00008,PROD0014,2026-02-17 13:08:32,659.12,3
TXN007895,CUST00096,PROD0087,2026-02-18 10:22:02,161.19,7
TXN007896,CUST00768,PROD0003,2026-02-08 01:07:43,987.48,7
TXN007897,CUST00831,PROD0060,2026-02-24 14:58:57,30.32,1
TXN007898,CUST00146,PROD0100,2026-02-11 09:26:12,301202.78,9
TXN007899,CUST00296,PROD0098,2026-02-21 03:15:16,1877.4,10
TXN007900,CUST00585,PROD0023,2026-02-12 19:50:09,1727.44,8
TXN007901,CUST00828,PROD0076,2026-02-08 11:29:12,94.84,4
TXN007902,CUST00277,PROD0049,2026-02-17 17:37:50,712.05,7
TXN007903,CUST00786,PROD0091,2026-02-16 10:16:03,1044.86,4
TXN007904,CUST00138,PROD0010,2026-02-25 18:45:49,101.78,5
TXN005723,CUST00791,PROD0046,2026-02-18 01:02:07,236.16,10
TXN007906,CUST00668,PROD0010,2026-02-13 15:57:50,62.27,3
TXN007907,CUST00562,PROD0049,2026-02-21 20:48:48,108.85,1
TXN007908,CUST00393,PROD0077,2026-02-02 17:48:17,986.85,5
TXN007909,CUST00364,PROD0022,2026-02-08 07:09:52,76.51,2
TXN007910,CUST00148,PROD0001,2026-02-12 21:03:29,708.69,5
TXN007911,CUST00016,PROD0051,2026-02-27 05:35:50,1088.55,7
TXN007912,CUST00208,PROD0027,2026-02-02 20:49:20,1501.21,8
TXN007913,CUST00090,PROD0002,2026-02-03 07:53:56,102.99,9
TXN003951,CUST00347,PROD0048,2026-02-06 15:56:54,871.18,10
TXN007915,CUST00814,PROD0056,2026-02-27 19:05:38,281787.1,8
TXN007916,CUST00199,PROD0053,2026-02-24 06:11:24,12.35,1
TXN007917,CUST00308,PROD0045,2026-02-05 22:07:03,4120.11,2
TXN007918,CUST00895,PROD0081,2026-02-01 14:03:51,6601.8,10
TXN007919,CUST00736,PROD0100,2026-02-12 16:13:08,330839.84,10
TXN007920,CUST00177,PROD0060,2026-02-28 14:13:04,226.54,8
TXN007921,CUST00619,PROD0064,2026-02-18 12:25:14,456.5,7
TXN007922,CUST00872,PROD0033,2026-01-31 14:09:48,166.06,1
TXN007923,CUST00978,PROD0044,2026-02-16 23:47:58,13622.29,9
TXN007924,CUST00324,PROD0096,2026-02-22 10:43:46,36.26,1
TXN007925,CUST00606,PROD0066,2026-02-21 04:51:56,743.75,9
TXN007926,CUST00312,PROD0051,2026-02-04 05:08:29,1053.68,7
TXN005251,CUST00915,PROD0075,2026-02-27 06:19:50,390.39,5
TXN007928,CUST00656,PROD0015,2026-02-13 04:05:47,-988.71,5
TXN007929,CUST00689,PROD0049,2026-02-04 19:28:10,106.79,1
TXN007930,CUST00754,PROD0003,2026-02-26 00:15:23,127.56,1
TXN007931,CUST00727,PROD0062,2026-02-26 12:18:31,,10
TXN007932,CUST00728,PROD0047,2026-02-28 05:36:07,506.92,10
TXN007933,CUST00726,PROD0009,2026-02-20 18:27:29,428939.58,4
TXN007934,CUST00670,PROD0097,2026-02-12 01:20:33,4238.85,10
TXN007935,CUST00851,PROD0082,2026-02-03 16:41:26,8805.3,7
TXN007936,CUST00166,PROD0055,2026-02-19 22:34:11,585.36,2
TXN007937,CUST00199,PROD0099,2026-02-18 15:00:59,1594.8,10
TXN007938,CUST00627,PROD0059,2026-02-12 06:21:00,6590.83,10
TXN007939,CUST00104,PROD0006,2026-02-15 05:27:27,700.11,8
TXN007940,CUST00444,PROD0062,2026-01-31 17:55:06,4772.09,8
TXN007941,CUST00515,PROD0036,2026-02-28 23:53:40,1052.63,2
TXN007942,CUST00049,PROD0054,2026-02-17 18:43:06,2032.25,2
TXN007943,CUST00808,PROD0013,2026-02-07 06:27:22,138.36,3
TXN007944,CUST00943,PROD0083,2026-02-12 20:16:45,976.01,
TXN007945,CUST00079,PROD0065,2026-02-21 07:21:35,39269.87,2
TXN007946,CUST00543,PROD0038,2026-02-23 13:50:47,2143.35,8
TXN007947,CUST00161,PROD0064,2026-02-27 22:09:06,706.93,
TXN007948,CUST00351,PROD0091,2026-02-28 03:49:28,1120.24,5
TXN007949,CUST00345,PROD0028,2026-02-04 22:49:33,64.66,2
TXN007950,CUST00558,PROD0014,2026-02-26 12:36:21,1448.46,6
TXN007951,CUST00057,PROD0029,2026-02-24 08:03:47,61.7,3
TXN007952,CUST00563,PROD0092,2026-02-03 10:18:41,221.76,1
TXN007953,CUST00260,PROD0026,2026-02-01 19:36:55,396.27,5
TXN007954,CUST00469,PROD0048,2026-02-24 14:21:15,77.6,1
TXN007955,CUST00621,PROD0059,2026-02-26 06:14:36,-882.13,5
TXN007956,CUST00486,PROD0061,2026-02-12 20:27:50,5600.18,7
TXN007957,CUST00295,PROD0008,2026-02-10 05:20:17,228.68,1
TXN007958,CUST00668,PROD0042,2026-02-02 17:40:30,1534.37,6
TXN007959,CUST00142,PROD0041,2026-02-23 18:26:15,1751.38,1
TXN007960,CUST00846,PROD0062,2026-02-02 00:40:33,4808.46,8
TXN007961,CUST00409,PROD0088,2026-02-12 08:12:10,2316.83,8
TXN007962,CUST00227,PROD0031,2026-02-18 00:26:33,536.59,5
TXN007963,CUST00460,PROD0001,2026-02-10 21:20:54,1280.77,10
TXN007964,CUST00433,PROD0027,2026-02-24 02:28:40,651.47,
TXN007965,CUST00687,PROD0089,2026-02-07 12:19:46,1569.91,6
TXN007966,CUST00690,PROD0048,2026-02-12 10:28:03,,5
TXN007967,CUST00903,PROD0051,2026-02-21 20:13:54,153.36,1
TXN007968,CUST00777,PROD0009,2026-02-16 03:09:52,381655.4,6
TXN007969,CUST00655,PROD0072,2026-02-22 08:12:30,462926.96,5
TXN007970,CUST00208,PROD0030,2026-02-02 14:16:07,1339.37,8
TXN007971,CUST00633,PROD0024,2026-02-07 01:04:22,1358.19,3
TXN007972,CUST00295,PROD0017,2026-03-01 22:01:54,99120.8,5
TXN007973,CUST00928,PROD0010,2026-01-31 16:17:29,18.59,1
TXN007974,CUST00174,PROD0029,2026-02-02 10:50:46,88.2,4
TXN007975,CUST00199,PROD0013,2026-02-05 10:07:33,217.41,5
TXN007976,CUST00043,PROD0064,2026-02-28 00:40:11,,1
TXN007977,CUST00031,PROD0068,2026-02-06 05:24:47,516.15,7
TXN007978,CUST00558,PROD0026,2026-02-12 17:46:23,373.48,4
TXN007979,CUST00847,PROD0030,2026-02-13 07:23:11,786.19,5
TXN004505,CUST00709,PROD0014,2026-02-13 17:14:01,853.61,4
TXN007981,CUST00475,PROD0005,2026-02-08 10:18:03,364260.36,9
TXN007982,CUST00382,PROD0051,2026-02-03 23:58:18,1251.93,8
TXN007983,CUST00491,PROD0031,2026-02-13 13:26:08,317.74,3
TXN007984,CUST00085,PROD0031,2026-02-13 02:41:11,963.61,9
TXN007985,CUST99009,PROD0060,2026-02-13 05:46:37,61.75,2
TXN007986,CUST00619,PROD0041,2026-02-07 07:54:03,9040.99,5
TXN007987,CUST00780,PROD0082,2026-02-16 22:32:45,2519.46,2
TXN007988,CUST00895,PROD0033,2026-02-11 04:46:10,665.48,4
TXN007989,CUST00703,PROD0017,2026-02-11 08:36:18,38339.41,2
TXN007990,CUST00681,PROD0068,2026-02-05 09:48:56,72.86,1
TXN007991,CUST00088,PROD0093,2026-03-01 03:13:47,2348.39,5
TXN007992,CUST00472,PROD0009,2026-02-07 20:02:41,205.43,1
TXN007993,CUST00840,PROD0025,2026-02-12 14:49:15,241.46,5
TXN007994,CUST00987,PROD0092,2026-02-25 23:14:19,210.38,1
TXN007995,CUST00805,PROD0070,2026-02-03 03:41:13,118.72,4
TXN007996,CUST00256,PROD0020,2026-02-01 20:06:54,2704.88,2
TXN007997,CUST00220,PROD0053,2026-01-31 18:43:17,99.97,8
TXN007998,CUST00300,PROD0058,2026-02-04 15:05:16,1312.09,3
TXN007999,CUST00250,PROD0064,2026-02-25 15:41:13,572.98,3
TXN008000,CUST00098,PROD0051,2026-02-01 19:57:22,708.33,5
TXN008001,CUST00659,PROD0041,2026-02-22 06:47:36,1568.39,1
TXN008002,CUST00805,PROD0079,2026-02-23 18:25:50,310544.66,6
TXN008003,CUST00418,PROD0100,2026-02-26 16:19:56,107700.09,3
TXN003464,CUST00129,PROD0069,2026-02-15 03:47:49,270723.28,7
TXN008005,CUST00545,PROD0029,2026-02-09 15:14:49,24.49,1
TXN008006,CUST00425,PROD0086,2026-01-31 09:00:11,8410.71,9
TXN008007,CUST00283,PROD0069,2026-02-02 16:05:40,179085.66,5
TXN008008,CUST00568,PROD0044,2026-02-18 06:33:36,2830.56,2
TXN008009,CUST00933,PROD9909,2026-02-19 13:40:05,335390.18,9
TXN008010,CUST00544,PROD0062,2026-01-31 02:14:48,2582.64,4
TXN008011,CUST00511,PROD0046,2026-02-10 08:27:19,123.94,6
TXN008012,CUST00774,PROD0025,2026-01-31 06:48:57,325.24,8
TXN006254,CUST00658,PROD0097,2026-02-28 03:42:38,2907.6,7
TXN008014,CUST00547,PROD0029,2026-02-01 23:05:00,22.71,1
TXN008015,CUST00144,PROD0035,2026-02-08 20:39:00,4916.4,2
TXN008016,CUST00597,PROD0099,2026-02-25 11:12:04,492.16,3
TXN008017,CUST00906,PROD0093,2026-03-01 00:15:44,875.96,2
TXN008018,CUST00910,PROD0047,2026-02-22 00:14:16,440.35,9
TXN008019,CUST00239,PROD0005,2026-02-20 03:06:52,330625.88,8
TXN008020,CUST00786,PROD0038,2026-02-09 10:07:08,2036.95,7
TXN008021,CUST00693,PROD0062,2026-02-06 12:54:07,1756.86,3
TXN008022,CUST00757,PROD0082,2026-02-03 03:17:33,4592.48,4
TXN008023,CUST00628,PROD0076,2026-02-27 05:27:35,45.06,2
TXN008024,CUST00364,PROD0074,2026-02-24 20:06:34,309.2,4
TXN008025,CUST00457,PROD0026,2026-02-21 06:07:56,-273.15,3
TXN008026,CUST00191,PROD0036,2026-02-13 13:38:24,1875.98,4
TXN008027,CUST00006,PROD0087,2026-02-06 02:25:33,67.81,3
TXN008028,CUST00141,PROD0036,2026-02-28 18:14:38,1357.19,3
TXN008029,CUST00911,PROD0036,2026-02-27 17:55:56,1397.89,3
TXN008030,CUST00651,PROD0084,2026-02-17 17:38:05,52.08,1
TXN008031,CUST00254,PROD0092,2026-02-28 12:12:46,1924.35,10
TXN008032,CUST00229,PROD0024,2026-02-09 10:07:07,4110.75,9
TXN008033,CUST00235,PROD0063,2026-02-27 18:38:55,496.87,1
TXN008034,CUST00857,PROD0006,2026-02-10 19:30:19,167.51,2
TXN008035,CUST00959,PROD0027,2026-02-26 19:18:08,1244.71,7
TXN008036,CUST00373,PROD0066,2026-02-18 17:39:58,958.57,
TXN008037,CUST00972,PROD0097,2026-02-25 07:48:53,924.06,2
TXN008038,CUST00990,PROD0015,2026-02-17 23:35:32,2068.63,8
TXN008039,CUST00226,PROD0021,2026-02-16 05:35:28,12598.55,5
TXN008040,CUST00536,PROD0010,2026-02-27 21:09:06,159.21,9
TXN008041,CUST00415,PROD0019,2026-02-19 06:10:50,757.41,9
TXN008042,CUST00910,PROD0098,2026-02-25 23:25:59,1465.68,7
TXN008043,CUST00621,PROD0089,2026-02-22 11:31:33,501.23,2
TXN008044,CUST00077,PROD0099,2026-02-04 23:26:33,1732.94,10
TXN008045,CUST00883,PROD0045,2026-02-04 22:04:27,1877.97,1
TXN008046,CUST00726,PROD0063,2026-02-15 05:34:25,1855.43,4
TXN008047,CUST00010,PROD0064,2026-02-28 07:50:07,309.04,5
TXN008048,CUST00200,PROD0042,2026-02-12 09:11:19,231.36,1
TXN008049,CUST99003,PROD0026,2026-01-31 15:04:42,649.9,7
TXN008050,CUST99004,PROD0038,2026-02-04 17:52:21,981.13,4
TXN008051,CUST00847,PROD0014,2026-02-15 16:35:06,1273.12,6
TXN008052,CUST00136,PROD0015,2026-02-18 01:57:29,1946.68,7
TXN008053,CUST00438,PROD0009,2026-02-03 22:11:02,1268.13,6
TXN008054,CUST00941,PROD0088,2026-02-10 13:06:37,951.04,3
TXN008055,CUST00442,PROD0019,2026-02-15 13:29:36,939.16,10
TXN008056,CUST00193,PROD0076,2026-02-06 09:47:27,208.58,9
TXN008057,CUST99000,PROD0009,2026-02-20 08:47:06,1159.54,5
TXN008058,CUST00869,PROD0081,2026-02-09 12:12:46,,7
TXN008059,CUST99000,PROD0051,2026-02-09 21:56:20,552.0,4
TXN008060,CUST00041,PROD0040,2026-02-13 05:48:05,946.52,9
TXN008061,CUST00069,PROD0032,2026-02-02 15:15:46,-363.81,8
TXN008062,CUST00813,PROD0007,2026-03-01 02:38:49,66.93,3
TXN008063,CUST00880,PROD0066,2026-02-07 04:02:02,,6
TXN008064,CUST00056,PROD0090,2026-02-08 11:48:39,1188.92,5
TXN008065,CUST00541,PROD0002,2026-02-08 17:05:24,-840.37,8
TXN008066,CUST00938,PROD0094,2026-02-19 07:34:17,6856.59,7
TXN008067,CUST99002,PROD0067,2026-03-01 07:15:52,1022.1,8
TXN003300,CUST00734,PROD0089,2026-02-11 11:06:30,,9
TXN008069,CUST00209,PROD0023,2026-02-04 22:09:08,1873.35,9
TXN008070,CUST00724,PROD0068,2026-02-25 13:09:17,715.15,9
TXN008071,CUST00729,PROD0049,2026-02-19 03:03:48,234.2,2
TXN008072,CUST00741,PROD0012,2026-02-19 05:17:01,109.22,4
TXN008073,CUST00084,PROD0085,2026-02-23 18:53:29,17804.92,10
TXN008074,CUST00082,PROD0042,2026-02-17 04:48:16,1993.1,9
TXN008075,CUST00208,PROD0061,2026-02-01 05:51:22,-492.44,4
TXN008076,CUST00767,PROD0051,2026-02-24 13:46:12,955.26,7
TXN008077,CUST00473,PROD0031,2026-02-09 12:10:13,608.36,6
TXN008078,CUST00413,PROD0094,2026-02-19 06:09:22,6748.94,8
TXN008079,CUST00197,PROD0043,2026-02-24 16:38:57,1008.55,9
TXN008080,CUST00369,PROD0021,2026-02-08 01:25:45,11823.22,4
TXN008081,CUST00030,PROD0072,2026-02-04 10:59:20,2096.24,10
TXN008082,CUST00865,PROD0098,2026-02-12 05:13:01,1880.63,9
TXN008083,CUST00572,PROD0034,2026-02-05 05:07:39,462.33,7
TXN008084,CUST00257,PROD0020,2026-02-12 08:46:56,4981.35,4
TXN008085,CUST00269,PROD0096,2026-02-26 11:44:48,-647.44,6
TXN008086,CUST00234,PROD0093,2026-02-18 20:14:15,2992.01,6
TXN008087,CUST00151,PROD0088,2026-02-24 11:48:26,1850.28,6
TXN008088,CUST00403,PROD0066,2026-02-27 00:35:20,-694.66,9
TXN008089,CUST00405,PROD0058,2026-02-08 13:18:58,1200.26,3
TXN008090,CUST00294,PROD0076,2026-02-01 16:31:57,119.24,5
TXN008091,CUST00409,PROD0086,2026-02-13 02:16:18,4883.78,5
TXN008092,CUST00610,PROD0071,2026-02-09 11:38:48,4528.64,2
TXN008093,CUST00226,PROD0052,2026-02-17 15:54:06,3339.85,9
TXN008094,CUST00450,PROD0010,2026-03-01 16:16:52,56.27,3
TXN008095,CUST00850,PROD0024,2026-02-18 12:25:10,1343.58,3
TXN008096,CUST00007,PROD0030,2026-02-24 15:00:32,510.29,3
TXN008097,CUST00042,PROD0050,2026-02-04 03:21:33,175219.95,10
TXN008098,CUST00132,PROD0047,2026-02-05 14:37:24,227.05,4
TXN008099,CUST00367,PROD0094,2026-02-21 01:39:14,853.73,1
TXN008100,CUST00138,PROD0097,2026-02-17 04:13:24,3022.21,7
TXN008101,CUST99005,PROD0061,2026-02-03 01:49:52,6314.38,8
TXN008102,CUST00903,PROD0063,2026-02-06 14:27:49,4372.14,9
TXN008103,CUST00759,PROD0026,2026-02-08 21:22:35,545.23,6
TXN008104,CUST00549,PROD0042,2026-02-07 10:02:57,915.65,4
TXN000256,CUST00452,PROD0038,2026-02-27 02:01:56,1012.07,4
TXN008106,CUST00770,PROD0012,2026-02-03 15:52:56,106.03,4
TXN008107,CUST00974,PROD0065,2026-02-25 23:51:22,177134.35,10
TXN008108,CUST00754,PROD0069,2026-02-24 21:13:13,405443.48,10
TXN008109,CUST00718,PROD9907,2026-02-12 20:21:06,490.49,2
TXN004610,CUST00634,PROD9900,2026-02-14 16:13:07,580.89,10
TXN008111,CUST00494,PROD0075,2026-02-23 13:15:48,591.83,8
TXN008112,CUST00536,PROD0017,2026-02-09 06:53:39,17798.94,1
TXN008113,CUST00075,PROD0095,2026-02-24 20:23:51,366.87,4
TXN008114,CUST00523,PROD0006,2026-02-06 20:31:53,692.41,9
TXN008115,CUST00502,PROD0032,2026-02-18 22:41:09,133.78,1
TXN002175,CUST00290,PROD9909,2026-02-14 03:26:11,344.93,5
TXN008117,CUST99002,PROD0035,2026-02-04 13:56:31,2133.61,1
TXN008118,CUST00137,PROD0066,2026-02-05 19:28:02,883.29,10
TXN008119,CUST00625,PROD0066,2026-02-03 03:47:07,434.85,5
TXN008120,CUST00811,PROD0100,2026-02-27 01:51:38,222963.26,7
TXN008121,CUST00570,PROD0068,2026-02-07 22:12:42,305.68,4
TXN008122,CUST00880,PROD0031,2026-02-19 15:19:07,207.66,2
TXN008123,CUST00240,PROD0010,2026-02-01 20:39:11,143.41,8
TXN008124,CUST00225,PROD0050,2026-02-23 00:40:38,316.59,1
TXN008125,CUST00252,PROD0037,2026-02-08 10:35:51,770.16,6
TXN005341,CUST00549,PROD0014,2026-02-07 22:34:38,435.63,2
TXN008127,CUST00136,PROD0027,2026-02-28 06:21:38,912.68,5
TXN008128,CUST00828,PROD0005,2026-02-23 07:15:36,225006.58,10
TXN008129,CUST00347,PROD0091,2026-02-04 10:12:41,970.95,4
TXN008130,CUST00007,PROD0033,2026-02-08 22:53:41,354.81,2
TXN008131,CUST00877,PROD0098,2026-02-14 22:05:10,413.8,2
TXN008132,CUST00811,PROD0035,2026-02-03 09:32:31,10194.75,4
TXN008133,CUST00657,PROD0042,2026-02-18 19:02:55,1496.5,6
TXN008134,CUST00036,PROD0056,2026-02-15 15:42:52,99009.22,3
TXN008135,CUST00277,PROD0088,2026-01-31 15:57:06,874.35,3
TXN008136,CUST00328,PROD0079,2026-02-23 08:38:11,377779.99,7
TXN008137,CUST00494,PROD0082,2026-02-11 17:48:58,6643.81,5
TXN008138,CUST00139,PROD0020,2026-02-13 19:07:45,5197.67,4
TXN008139,CUST00287,PROD0083,2026-02-07 23:48:23,1219.49,6
TXN008140,CUST00800,PROD0050,2026-02-05 07:32:31,1205.63,4
TXN008141,CUST00809,PROD0068,2026-02-01 02:15:09,480.81,7
TXN008142,CUST00555,PROD0072,2026-02-03 20:37:51,1325.6,6
TXN008143,CUST00498,PROD0082,2026-02-06 06:11:01,2249.43,2
TXN008144,CUST00760,PROD0050,2026-02-27 18:04:51,1640.19,5
TXN008145,CUST00492,PROD0025,2026-02-11 17:34:15,285.82,6
TXN008146,CUST00465,PROD0050,2026-02-08 07:32:08,315.09,1
TXN008147,CUST00173,PROD0093,2026-02-12 08:14:06,2538.96,5
TXN008148,CUST00478,PROD0080,2026-02-22 05:59:58,,8
TXN008149,CUST00732,PROD0089,2026-03-01 10:07:41,1415.06,6
TXN008150,CUST00735,PROD0022,2026-02-18 10:43:05,405.79,10
TXN008151,CUST00944,PROD0025,2026-02-06 19:51:39,98.26,2
TXN008152,CUST00510,PROD0073,2026-01-31 01:09:59,6598.89,3
TXN008153,CUST00660,PROD0008,2026-01-31 13:02:54,212.47,1
TXN008154,CUST00630,PROD0022,2026-02-14 19:09:16,375.91,9
TXN008155,CUST00400,PROD0078,2026-01-31 03:55:43,437.49,10
TXN008156,CUST00394,PROD0078,2026-02-26 18:12:00,297.63,7
TXN008157,CUST00304,PROD0064,2026-02-12 22:36:03,259146.85,3
TXN008158,CUST00719,PROD0025,2026-02-23 02:29:44,-128.65,9
TXN008159,CUST00854,PROD0051,2026-02-02 10:50:14,1364.29,10
TXN008160,CUST00910,PROD0002,2026-02-24 11:42:07,84.39,8
TXN008161,CUST00919,PROD0024,2026-02-20 19:51:08,4302.29,9
TXN008162,CUST99001,PROD0006,2026-02-08 21:31:52,295.84,4
TXN008163,CUST00202,PROD0071,2026-02-23 04:05:36,,1
TXN008164,CUST00682,PROD0081,2026-02-04 01:15:15,2276.61,4
TXN008165,CUST00714,PROD0022,2026-02-24 10:43:13,37.78,1
TXN002722,CUST00002,PROD0099,2026-02-18 16:59:44,637.98,4
TXN008167,CUST00842,PROD9904,2026-02-01 23:58:44,494.38,8
TXN008168,CUST00185,PROD0004,2026-02-01 05:51:53,20042.93,10
TXN008169,CUST00138,PROD0049,2026-02-19 10:39:01,854.53,8
TXN008170,CUST00760,PROD0053,2026-02-13 10:33:03,109.76,9
TXN008171,CUST00874,PROD0011,2026-02-13 16:59:04,130.09,4
TXN008172,CUST00713,PROD0081,2026-02-27 20:30:04,2353.73,4
TXN008173,CUST00952,PROD0082,2026-02-01 07:37:35,2332.9,2
TXN008174,CUST00793,PROD0033,2026-02-18 16:57:34,537.48,3
TXN008175,CUST00225,PROD0029,2026-02-24 15:43:53,120337.19,3
TXN008176,CUST00166,PROD0037,2026-02-08 23:19:37,1085.88,8
TXN008177,CUST00287,PROD0071,2026-02-17 04:18:29,16374.61,8
TXN008178,CUST00192,PROD0083,2026-02-15 11:40:27,795.02,4
TXN008179,CUST00012,PROD0033,2026-02-04 20:27:34,1170.73,7
TXN008180,CUST00304,PROD0058,2026-02-21 19:36:35,1501.96,4
TXN008181,CUST00267,PROD0005,2026-02-21 11:58:03,305051.43,8
TXN008182,CUST00314,PROD0024,2026-03-01 06:27:24,466283.78,5
TXN008183,CUST00515,PROD0063,2026-02-06 15:28:45,883.1,2
TXN008184,CUST00420,PROD0083,2026-02-14 02:39:12,2069.05,9
TXN008185,CUST00490,PROD0070,2026-02-18 21:53:56,202.53,7
TXN008186,CUST00708,PROD0099,2026-02-26 01:04:18,351099.74,3
TXN008187,CUST00610,PROD0046,2026-02-26 17:51:23,147.51,7
TXN008188,CUST00200,PROD0037,2026-02-27 15:48:00,761.61,6
TXN000235,CUST00739,PROD0021,2026-02-27 04:18:40,11073.36,4
TXN008190,CUST00673,PROD0070,2026-02-07 17:01:08,88.44,3
TXN008191,CUST00684,PROD0006,2026-02-22 21:47:06,89.89,1
TXN008192,CUST00068,PROD0064,2026-02-03 13:06:24,346.28,5
TXN008193,CUST00659,PROD0033,2026-02-24 12:57:58,170.14,1
TXN008194,CUST00308,PROD0001,2026-02-14 11:11:52,520.61,4
TXN003159,CUST00070,PROD9902,2026-02-03 02:14:44,829.11,1
TXN008196,CUST00168,PROD0076,2026-03-01 13:14:42,206.24,8
TXN008197,CUST00359,PROD0086,2026-02-02 15:50:26,5932.31,7
TXN008198,CUST00953,PROD0078,2026-02-06 21:58:30,172.98,4
TXN008199,CUST00123,PROD0098,2026-02-02 00:34:51,932.73,5
TXN008200,CUST00427,PROD0032,2026-02-08 17:22:35,243.17,2
TXN008201,CUST00343,PROD0078,2026-02-19 17:38:10,366.62,9
TXN008202,CUST00177,PROD0067,2026-02-23 20:18:47,1446.73,10
TXN008203,CUST00289,PROD0070,2026-02-28 23:20:42,259.12,9
TXN008204,CUST00028,PROD0066,2026-02-22 21:19:58,836.34,9
TXN008205,CUST00539,PROD0029,2026-02-15 03:10:21,195.08,9
TXN008206,CUST00246,PROD0100,2026-01-31 22:13:31,184408.99,5
TXN008207,CUST00664,PROD0017,2026-02-13 02:55:40,19301.31,1
TXN008208,CUST00848,PROD0023,2026-02-07 21:40:05,848.65,4
TXN008209,CUST00849,PROD0098,2026-02-15 11:11:44,1623.91,9
TXN008210,CUST00518,PROD0090,2026-02-02 10:59:33,1643.49,7
TXN008211,CUST00641,PROD0091,2026-02-09 01:32:10,1586.13,6
TXN008212,CUST00167,PROD0030,2026-02-26 00:29:54,1060.17,7
TXN008213,CUST00729,PROD0021,2026-02-23 05:31:13,8497.8,3
TXN008214,CUST00850,PROD0032,2026-02-11 20:42:28,291.13,2
TXN005811,CUST00111,PROD0087,2026-02-28 09:43:32,101.59,5
TXN008216,CUST00211,PROD0035,2026-03-01 01:27:10,20362.79,8
TXN008217,CUST00396,PROD0051,2026-02-05 23:03:46,849.05,6
TXN008218,CUST00685,PROD0095,2026-02-14 07:04:39,759.91,9
TXN008219,CUST00367,PROD0018,2026-02-08 06:28:45,11290.64,4
TXN008220,CUST00372,PROD0021,2026-02-18 13:53:59,23078.66,9
TXN008221,CUST00965,PROD0005,2026-02-11 00:04:45,80581.21,2
TXN008222,CUST99003,PROD0012,2026-02-18 10:17:52,192.66,7
TXN008223,CUST00575,PROD0075,2026-02-22 07:05:42,310.11,4
TXN008224,CUST00887,PROD0054,2026-02-04 06:32:54,10319.43,9
TXN008225,CUST00549,PROD9902,2026-02-20 17:38:33,771.03,5
TXN008226,CUST00472,PROD0031,2026-02-12 16:03:42,608.73,6
TXN008227,CUST00618,PROD0057,2026-02-02 22:56:53,906.65,6
TXN008228,CUST00260,PROD0035,2026-02-11 00:37:00,22330.95,10
TXN008229,CUST00859,PROD0056,2026-02-18 11:43:22,388672.29,10
TXN008230,CUST00141,PROD0095,2026-02-26 06:42:01,818.59,9
TXN008231,CUST00557,PROD0063,2026-02-05 01:10:08,4643.71,9
TXN008232,CUST00233,PROD0066,2026-02-07 19:46:03,541.21,7
TXN008233,CUST00161,PROD0039,2026-01-31 00:41:30,558.54,7
TXN008234,CUST00430,PROD0069,2026-02-08 19:20:59,373186.28,10
TXN008235,CUST99009,PROD0036,2026-02-14 04:54:19,1574.77,3
TXN008236,CUST00326,PROD0089,2026-02-11 01:10:12,240.45,1
TXN008237,CUST00707,PROD0053,2026-02-12 09:09:27,13.44,1
TXN008238,CUST00241,PROD0053,2026-02-18 18:35:58,85.81,7
TXN008239,CUST00053,PROD0059,2026-02-03 18:13:24,3490.99,5
TXN008240,CUST00142,PROD0022,2026-02-22 17:11:51,269.61,7
TXN008241,CUST00635,PROD0081,2026-02-11 09:52:16,614.6,1
TXN008242,CUST00609,PROD0001,2026-02-25 23:57:39,1185.31,10
TXN008243,CUST00218,PROD0021,2026-02-01 16:47:54,2730.57,1
TXN008244,CUST00241,PROD0014,2026-02-25 14:29:22,,4
TXN008245,CUST00814,PROD0036,2026-01-31 03:14:27,4523.16,10
TXN008246,CUST00437,PROD0025,2026-02-14 23:15:33,90.09,2
TXN008247,CUST00392,PROD0092,2026-02-19 02:19:50,437.02,2
TXN008248,CUST00364,PROD0065,2026-02-04 13:35:09,41688.54,2
TXN008249,CUST00851,PROD0046,2026-02-10 03:21:58,105.53,5
TXN008250,CUST00551,PROD0094,2026-02-14 14:54:00,6235.38,7
TXN008251,CUST00348,PROD0012,2026-02-14 18:42:48,182.33,7
TXN008252,CUST00751,PROD0068,2026-02-20 08:12:53,507.12,7
TXN008253,CUST00979,PROD0003,2026-02-09 18:13:52,558.88,4
TXN008254,CUST00807,PROD0021,2026-02-21 02:06:35,23459.79,9
TXN008255,CUST00346,PROD0021,2026-02-13 09:02:33,19446.59,7
TXN008256,CUST00802,PROD0096,2026-02-23 01:03:27,344.28,10
TXN008257,CUST00449,PROD0028,2026-02-13 03:06:06,146.41,5
TXN008258,CUST00327,PROD0005,2026-02-13 03:59:23,79908.94,2
TXN008259,CUST00479,PROD0029,2026-02-09 18:12:04,93.71,4
TXN008260,CUST00150,PROD0068,2026-02-14 01:44:30,67.93,1
TXN008261,CUST00705,PROD0096,2026-02-20 14:44:09,-349.63,7
TXN008262,CUST00276,PROD0022,2026-02-18 11:13:25,122.91,3
TXN008263,CUST00878,PROD9908,2026-02-09 20:42:31,-533.13,5
TXN008264,CUST00749,PROD0077,2026-02-25 12:20:41,620.96,4
TXN008265,CUST00748,PROD0082,2026-02-07 08:05:08,,6
TXN008266,CUST00762,PROD0021,2026-02-07 22:50:41,5025.51,2
TXN008267,CUST00885,PROD0092,2026-02-06 20:11:58,1314.86,7
TXN008268,CUST00889,PROD0002,2026-02-19 20:43:38,37.01,3
TXN008269,CUST00674,PROD0073,2026-02-22 08:33:54,18407.28,8
TXN008270,CUST00885,PROD0058,2026-02-25 19:49:46,2144.54,5
TXN008271,CUST00880,PROD0087,2026-02-16 10:21:34,217.0,9
TXN008272,CUST00857,PROD0036,2026-02-25 23:10:04,901.22,2
TXN008273,CUST00544,PROD0022,2026-02-23 20:58:56,120.59,3
TXN008274,CUST00778,PROD0003,2026-02-17 20:21:55,1257.68,9
TXN001516,CUST00605,PROD0080,2026-02-23 09:45:58,1382.81,5
TXN008276,CUST00634,PROD0026,2026-02-01 10:12:24,365.45,4
TXN008277,CUST00862,PROD0053,2026-02-05 09:33:58,99.94,7
TXN008278,CUST00402,PROD0017,2026-02-11 08:49:22,117997.13,6
TXN008279,CUST00785,PROD0063,2026-02-19 04:51:47,2618.07,6
TXN008280,CUST00689,PROD0002,2026-02-14 07:12:27,42.02,4
TXN008281,CUST00783,PROD0016,2026-02-05 17:07:52,68.38,1
TXN008282,CUST00091,PROD0062,2026-02-10 11:47:58,2576.3,4
TXN003046,CUST00545,PROD0060,2026-02-14 19:30:40,168.58,6
TXN008284,CUST00239,PROD0048,2026-02-01 04:31:18,310.46,4
TXN008285,CUST00268,PROD0015,2026-02-26 12:54:12,286.12,1
TXN008286,CUST00921,PROD0026,2026-02-24 20:19:36,373.75,4
TXN008287,CUST00073,PROD0020,2026-02-11 06:36:16,6098.2,5
TXN008288,CUST00700,PROD0096,2026-03-01 12:47:25,141.1,4
TXN008289,CUST00816,PROD0012,2026-02-21 11:48:52,276.67,10
TXN008290,CUST00503,PROD0095,2026-02-22 04:55:44,679.68,7
TXN008291,CUST00678,PROD0084,2026-02-01 01:25:00,245.77,5
TXN008292,CUST00591,PROD0004,2026-02-14 07:56:08,19483.81,10
TXN008293,CUST00544,PROD0085,2026-02-20 23:43:26,11314.66,7
TXN002388,CUST00387,PROD0033,2026-02-14 09:10:13,1284.27,7
TXN008295,CUST00525,PROD0002,2026-01-31 21:39:57,72.69,6
TXN008296,CUST00169,PROD0059,2026-02-13 11:07:09,641.68,1
TXN008297,CUST00523,PROD0011,2026-02-14 07:24:09,36.28,1
TXN008298,CUST00522,PROD0038,2026-02-17 20:00:30,2137.81,8
TXN008299,CUST00969,PROD0058,2026-02-28 08:14:39,1754.92,4
TXN008300,CUST00807,PROD0042,2026-02-13 02:50:51,2333.8,10
TXN008301,CUST00533,PROD0091,2026-02-10 04:46:21,445.1,2
TXN008302,CUST00575,PROD0035,2026-02-11 11:33:24,6391.28,3
TXN008303,CUST00104,PROD0016,2026-02-13 08:03:24,261.02,4
TXN008304,CUST00432,PROD0057,2026-02-13 23:50:27,1493.44,10
TXN008305,CUST00666,PROD0077,2026-02-05 07:12:38,34.21,10
TXN008306,CUST00444,PROD0097,2026-02-24 19:51:19,1878.44,4
TXN008307,CUST00994,PROD0039,2026-02-17 21:55:39,557.27,3
TXN008308,CUST00662,PROD9909,2026-02-17 15:04:58,670.26,3
TXN008309,CUST00914,PROD0011,2026-02-07 04:15:27,300.85,9
TXN008310,CUST00885,PROD0054,2026-02-25 23:16:56,4365.96,4
TXN008311,CUST00987,PROD0002,2026-02-08 23:57:51,116.24,10
TXN008312,CUST00124,PROD0030,2026-02-17 05:07:51,1612.77,10
TXN008313,CUST00833,PROD0029,2026-02-09 06:46:18,169.71,7
TXN008314,CUST99000,PROD0062,2026-02-03 06:44:22,4432.16,8
TXN008315,CUST00962,PROD0088,2026-02-15 01:43:53,951.97,3
TXN008316,CUST00376,PROD0093,2026-02-16 20:30:30,3049.5,6
TXN008317,CUST00417,PROD0064,2026-02-12 05:43:40,-348.43,6
TXN008318,CUST00650,PROD0079,2026-02-15 03:06:58,406043.77,8
TXN008319,CUST00851,PROD0086,2026-02-09 05:31:29,2580.95,3
TXN008320,CUST00553,PROD0040,2026-02-14 10:42:40,698.19,7
TXN008321,CUST00150,PROD0080,2026-02-23 04:34:39,2243.69,9
TXN008322,CUST00493,PROD0051,2026-03-01 23:18:07,1189.85,9
TXN008323,CUST00428,PROD0050,2026-02-07 05:27:32,275.97,1
TXN005972,CUST00441,PROD0021,2026-02-04 04:05:59,16014.11,6
TXN008325,CUST00942,PROD0011,2026-02-09 11:39:58,284.16,9
TXN008326,CUST00394,PROD0041,2026-02-20 14:02:28,10448.86,6
TXN008327,CUST00328,PROD0076,2026-03-01 12:26:42,142.77,6
TXN008328,CUST00958,PROD0033,2026-02-23 01:32:47,1630.81,10
TXN008329,CUST00587,PROD0089,2026-02-24 11:55:06,1721.26,7
TXN008330,CUST00095,PROD0043,2026-02-01 17:49:04,516.28,5
TXN008331,CUST00361,PROD0014,2026-02-04 01:06:50,209.17,1
TXN008332,CUST00082,PROD0010,2026-02-26 06:22:48,143.48,8
TXN008333,CUST00677,PROD0008,2026-02-21 04:35:28,969.73,0
TXN008334,CUST00146,PROD9902,2026-02-18 12:09:08,89.33,10
TXN008335,CUST00631,PROD0066,2026-02-28 13:41:05,156.02,2
TXN008336,CUST00360,PROD0088,2026-02-06 01:10:36,2255.71,7
TXN008337,CUST00144,PROD0098,2026-02-28 08:09:23,381.15,2
TXN008338,CUST00321,PROD0032,2026-02-15 09:36:21,415.56,3
TXN008339,CUST99008,PROD0088,2026-02-08 00:31:41,2374.52,8
TXN008340,CUST00567,PROD0009,2026-02-18 02:21:37,1671.26,8
TXN008341,CUST00921,PROD0043,2026-02-04 21:13:01,1114.42,10
TXN008342,CUST00029,PROD0044,2026-02-13 19:19:23,2599.93,2
TXN008343,CUST00631,PROD0079,2026-02-06 06:33:11,431093.55,9
TXN008344,CUST00263,PROD0063,2026-02-19 17:19:42,1014.17,2
TXN008345,CUST00027,PROD0002,2026-02-05 21:19:12,11.96,1
TXN008346,CUST00556,PROD0072,2026-02-07 05:41:06,1522.26,8
TXN008347,CUST00829,PROD0015,2026-02-08 15:37:44,1784.26,7
TXN008348,CUST00908,PROD0014,2026-02-04 16:29:07,742.64,3
TXN008349,CUST00345,PROD0042,2026-02-20 10:37:24,2631.25,10
TXN008350,CUST00484,PROD0039,2026-02-13 22:33:20,389.54,9
TXN008351,CUST00080,PROD0080,2026-02-17 19:12:56,1982.19,8
TXN008352,CUST00238,PROD0027,2026-02-21 15:45:36,827.9,5
TXN008353,CUST00174,PROD0090,2026-02-23 15:25:04,1088.97,4
TXN008354,CUST99002,PROD0060,2026-03-01 03:59:02,115.58,4
TXN008355,CUST00201,PROD0001,2026-02-27 17:03:07,817.36,7
TXN008356,CUST00719,PROD0089,2026-02-07 18:47:35,2344.42,9
TXN008357,CUST00308,PROD0043,2026-02-26 06:17:47,576.54,6
TXN008358,CUST00138,PROD0058,2026-02-16 21:44:35,1307.16,3
TXN008359,CUST00749,PROD0036,2026-02-17 03:47:04,,6
TXN008360,CUST00184,PROD0059,2026-02-24 21:25:39,5753.37,8
TXN008361,CUST00578,PROD0001,2026-02-22 23:41:13,488.3,4
TXN008362,CUST00749,PROD0030,2026-02-23 13:37:45,281.81,2
TXN008363,CUST00346,PROD0011,2026-02-14 14:09:26,371.14,10
TXN008364,CUST00064,PROD0054,2026-02-03 03:22:38,1021.73,1
TXN008365,CUST00864,PROD0030,2026-02-09 21:39:13,332.1,2
TXN008366,CUST00112,PROD0085,2026-02-18 21:34:50,9511.95,6
TXN008367,CUST00992,PROD0015,2026-02-02 21:49:34,277.9,1
TXN008368,CUST00842,PROD0037,2026-02-16 08:52:34,1154.18,9
TXN008369,CUST00974,PROD0091,2026-02-11 18:29:48,167189.95,4
TXN008370,CUST00799,PROD0045,2026-02-17 17:24:20,,10
TXN008371,CUST00297,PROD0022,2026-02-22 05:57:14,335.74,8
TXN008372,CUST00529,PROD0067,2026-02-25 02:13:09,711.49,6
TXN008373,CUST00591,PROD0009,2026-02-17 09:38:40,1647.49,8
TXN008374,CUST00813,PROD0068,2026-02-09 18:45:16,475.98,6
TXN008375,CUST00631,PROD0072,2026-01-31 03:42:00,,2
TXN008376,CUST00531,PROD0096,2026-02-01 07:30:38,211.85,6
TXN008377,CUST00494,PROD0011,2026-02-09 14:40:38,113.59,3
TXN008378,CUST00011,PROD0099,2026-02-07 17:05:20,1506.1,10
TXN008379,CUST00741,PROD0046,2026-02-15 09:41:26,144.62,7
TXN008380,CUST00767,PROD0005,2026-02-18 01:17:42,-840.49,1
TXN008381,CUST00626,PROD0041,2026-02-11 11:48:40,3413.19,2
TXN008382,CUST00158,PROD0006,2026-02-03 05:23:18,81.88,1
TXN008383,CUST00351,PROD0052,2026-02-06 08:42:44,714.73,2
TXN006123,CUST00128,PROD0037,2026-02-04 04:31:31,265.58,2
TXN008385,CUST00342,PROD0050,2026-02-12 06:57:47,2657.38,9
TXN008386,CUST00198,PROD0094,2026-01-31 11:57:16,4765.57,5
TXN008387,CUST00303,PROD0040,2026-02-24 05:28:09,898.16,9
TXN008388,CUST00206,PROD0046,2026-02-11 18:41:32,20.25,1
TXN008389,CUST00880,PROD0041,2026-01-31 23:30:38,5279.16,3
TXN008390,CUST00668,PROD0079,2026-02-18 21:00:32,472858.58,10
TXN008391,CUST00118,PROD0040,2026-03-01 18:24:52,306.07,3
TXN008392,CUST00610,PROD0016,2026-02-07 23:16:12,133.16,2
TXN008393,CUST00564,PROD0092,2026-02-01 23:26:57,208.88,1
TXN008394,CUST00902,PROD0014,2026-02-28 13:45:16,1085.81,5
TXN008395,CUST00069,PROD0018,2026-02-10 21:43:49,7305.2,3
TXN008396,CUST00319,PROD0027,2026-02-13 06:27:05,1570.94,9
TXN008397,CUST00061,PROD0096,2026-02-08 00:18:55,141.18,4
TXN008398,CUST00330,PROD0053,2026-03-01 11:16:03,24.95,2
TXN008399,CUST00707,PROD0025,2026-02-05 06:33:49,229.17,5
TXN008400,CUST00772,PROD0071,2026-02-28 14:18:51,12193.01,6
TXN008401,CUST00237,PROD0060,2026-02-04 18:36:34,168.45,6
TXN008402,CUST00397,PROD0044,2026-02-27 13:06:26,2662.45,2
TXN008403,CUST00017,PROD0036,2026-02-13 04:04:50,-513.01,-1
TXN008404,CUST00545,PROD0081,2026-02-14 21:55:31,5236.23,8
TXN001848,CUST00019,PROD0012,2026-02-19 05:05:21,153.05,6
TXN008406,CUST00146,PROD0041,2026-02-18 06:11:34,4976.09,3
TXN008407,CUST00936,PROD0026,2026-02-11 23:59:16,543.99,7
TXN008408,CUST00662,PROD0050,2026-02-07 01:24:48,2520.37,9
TXN008409,CUST00026,PROD0038,2026-03-01 00:55:48,-938.64,1
TXN008410,CUST00767,PROD0055,2026-02-25 10:53:33,1296.23,5
TXN008411,CUST00636,PROD0045,2026-02-10 21:54:39,18673.24,9
TXN008412,CUST00299,PROD0048,2026-02-05 19:01:52,268.33,3
TXN008413,CUST00420,PROD0002,2026-02-09 16:19:06,58.23,5
TXN008414,CUST00897,PROD0057,2026-02-02 04:22:37,559.57,4
TXN008415,CUST00734,PROD0023,2026-02-04 22:36:38,1191.89,6
TXN008416,CUST00078,PROD0082,2026-02-15 22:50:04,7621.46,6
TXN008417,CUST00442,PROD0065,2026-02-07 09:06:27,117040.51,6
TXN008418,CUST00356,PROD0078,2026-03-01 02:02:09,397.35,9
TXN008419,CUST00943,PROD0069,2026-02-23 15:42:49,248941.11,7
TXN008420,CUST00287,PROD0012,2026-02-15 07:57:20,277.17,9
TXN008421,CUST00566,PROD0028,2026-02-19 03:26:31,342.18,10
TXN008422,CUST00313,PROD0068,2026-02-10 02:25:07,750.06,10
TXN008423,CUST00809,PROD0024,2026-02-13 00:36:34,4735.18,10
TXN008424,CUST00910,PROD9905,2026-02-24 14:38:52,662.38,3
TXN008425,CUST99009,PROD0012,2026-02-28 03:42:24,278.27,9
TXN008426,CUST00579,PROD0041,2026-02-08 05:31:25,1580.63,1
TXN008427,CUST00110,PROD0038,2026-02-18 16:06:51,2852.82,10
TXN008428,CUST00126,PROD0055,2026-02-27 04:45:43,581.79,2
TXN008429,CUST00963,PROD0031,2026-02-13 18:30:28,183.38,2
TXN008430,CUST00043,PROD0030,2026-02-26 04:50:09,1014.34,6
TXN008431,CUST00102,PROD0023,2026-02-07 14:08:00,1141.7,6
TXN008432,CUST00595,PROD0027,2026-02-13 13:12:27,187.14,1
TXN008433,CUST00672,PROD0019,2026-01-31 10:11:42,836.25,4
TXN008434,CUST00731,PROD0008,2026-02-07 06:50:52,1118.34,5
TXN008435,CUST00764,PROD0045,2026-02-07 19:42:19,20855.85,10
TXN008436,CUST00799,PROD0023,2026-02-08 00:20:09,,1
TXN008437,CUST00475,PROD0040,2026-02-22 13:39:45,899.17,9
TXN008438,CUST00889,PROD0088,2026-02-27 00:25:34,3267.19,10
TXN008439,CUST00049,PROD0061,2026-02-13 07:44:01,2732.52,3
TXN008440,CUST00743,PROD0094,2026-02-15 11:44:53,4724.08,5
TXN008441,CUST00245,PROD0003,2026-02-21 20:55:11,259.22,2
TXN008442,CUST00534,PROD0087,2026-02-25 06:20:32,116.13,5
TXN008443,CUST00081,PROD0079,2026-02-25 00:19:23,98045.16,2
TXN008444,CUST00966,PROD0075,2026-02-07 00:03:17,441.16,5
TXN008445,CUST00507,PROD0051,2026-02-20 00:13:59,603.37,4
TXN008446,CUST00223,PROD0044,2026-02-10 18:34:19,1358.16,1
TXN008447,CUST00299,PROD0041,2026-02-12 20:30:29,8918.43,5
TXN008448,CUST00815,PROD0001,2026-02-11 03:17:38,954.82,7
TXN008449,CUST00271,PROD0075,2026-02-24 04:08:02,-410.79,-5
TXN008450,CUST00849,PROD0034,2026-02-09 12:56:26,692.63,10
TXN008451,CUST00623,PROD0038,2026-02-08 13:30:14,1620.91,6
TXN008452,CUST00508,PROD0043,2026-03-01 16:33:08,701.11,7
TXN008453,CUST00550,PROD0009,2026-02-12 23:14:11,678.9,3
TXN008454,CUST00957,PROD0037,2026-02-12 05:31:25,1139.42,8
TXN008455,CUST00306,PROD0099,2026-02-14 00:30:53,1094.83,7
TXN008456,CUST00138,PROD0076,2026-02-02 07:25:57,50.46,2
TXN008457,CUST00148,PROD0088,2026-02-27 17:28:52,1311.5,4
TXN008458,CUST00537,PROD0045,2026-02-10 05:50:01,10261.29,5
TXN008459,CUST00663,PROD0052,2026-02-16 17:01:39,1559.46,5
TXN008460,CUST00632,PROD0020,2026-02-25 06:19:36,3781.61,3
TXN008461,CUST00259,PROD0063,2026-02-28 16:00:59,1303.63,3
TXN000009,CUST00774,PROD0038,2026-02-24 07:46:46,1475.72,6
TXN008463,CUST00916,PROD0027,2026-02-27 01:50:15,1630.53,9
TXN008464,CUST00202,PROD0075,2026-02-26 07:48:12,378.42,5
TXN008465,CUST00984,PROD0012,2026-02-28 01:41:10,123.07,4
TXN008466,CUST00885,PROD0031,2026-02-17 04:19:33,886.85,9
TXN008467,CUST00906,PROD0078,2026-02-27 15:55:25,303.72,7
TXN008468,CUST00117,PROD0086,2026-02-23 17:38:38,4584.4,5
TXN008469,CUST00586,PROD0028,2026-02-20 05:55:42,123.59,4
TXN002264,CUST00206,PROD0021,2026-02-22 23:54:42,8206.97,3
TXN008471,CUST00290,PROD0019,2026-02-18 19:28:42,496.65,1
TXN008472,CUST00368,PROD0065,2026-02-24 11:55:04,,5
TXN008473,CUST00023,PROD0037,2026-02-09 20:22:06,1344.32,10
TXN008474,CUST00283,PROD0084,2026-02-10 19:03:25,146.69,3
TXN008475,CUST00886,PROD0010,2026-02-13 09:59:54,161.16,9
TXN008476,CUST00036,PROD0067,2026-02-22 13:07:46,898.37,7
TXN008477,CUST00636,PROD0041,2026-02-01 00:50:36,7012.63,4
TXN008478,CUST00642,PROD0012,2026-02-08 12:11:23,154.44,5
TXN008479,CUST00290,PROD9902,2026-02-24 03:54:06,142.68,9
TXN008480,CUST00004,PROD9901,2026-02-06 18:27:22,735.52,9
TXN008481,CUST00484,PROD0095,2026-02-10 15:07:11,742.92,8
TXN008482,CUST00642,PROD0066,2026-02-13 10:12:28,330.61,4
TXN008483,CUST00515,PROD0006,2026-02-14 20:26:37,628.82,8
TXN008484,CUST00592,PROD0061,2026-02-24 07:42:26,4978.39,6
TXN008485,CUST00608,PROD0034,2026-02-28 17:40:53,327.31,5
TXN008486,CUST00445,PROD0098,2026-02-08 01:03:21,1620.45,8
TXN008487,CUST00859,PROD0020,2026-02-15 09:42:52,,-5
TXN008488,CUST00503,PROD0050,2026-02-07 20:23:51,305.66,1
TXN008489,CUST00047,PROD0077,2026-02-16 09:25:54,702.02,3
TXN008490,CUST00605,PROD0013,2026-02-03 14:56:48,261.54,6
TXN008491,CUST00096,PROD0028,2026-02-04 14:17:04,173.26,6
TXN008492,CUST00535,PROD0068,2026-02-01 14:24:12,779.6,10
TXN008493,CUST00311,PROD0079,2026-02-22 22:34:35,444582.18,10
TXN008494,CUST00783,PROD0040,2026-02-24 08:57:50,640.8,6
TXN008495,CUST00270,PROD0032,2026-02-22 18:31:47,255.38,2
TXN008496,CUST00442,PROD0080,2026-02-12 02:32:18,233.99,1
TXN008497,CUST00860,PROD0089,2026-02-08 14:17:12,1131.8,5
TXN008498,CUST00256,PROD0095,2026-02-21 02:54:25,731.0,8
TXN008499,CUST00629,PROD0014,2026-02-09 12:53:26,1974.61,9
TXN008500,CUST00654,PROD0004,2026-02-08 20:19:56,161079.37,10
TXN008501,CUST00009,PROD0016,2026-02-07 22:02:35,469.86,7
TXN006771,CUST00180,PROD0081,2026-02-08 18:56:12,3432.94,6
TXN008503,CUST00878,PROD0055,2026-02-24 21:21:06,500.37,2
TXN008504,CUST00739,PROD0042,2026-02-14 20:12:08,2408.62,10
TXN008505,CUST00809,PROD0082,2026-01-31 16:49:08,5442.64,4
TXN007461,CUST00879,PROD0088,2026-02-14 03:54:43,-1450.69,-5
TXN008507,CUST00506,PROD0092,2026-02-04 06:29:10,,5
TXN008508,CUST00367,PROD0037,2026-02-16 00:24:48,255.61,2
TXN008509,CUST00459,PROD0043,2026-02-24 02:23:23,291.38,3
TXN008510,CUST00491,PROD0065,2026-02-21 19:20:04,94670.51,5
TXN008511,CUST00830,PROD0026,2026-02-09 19:12:37,326.79,4
TXN008512,CUST00382,PROD0049,2026-02-23 15:46:03,862.73,8
TXN008513,CUST00545,PROD0059,2026-02-16 03:33:17,3249.29,5
TXN008514,CUST00807,PROD0054,2026-02-28 19:12:24,3385.97,3
TXN008515,CUST00127,PROD0023,2026-02-13 20:03:51,1530.11,8
TXN008516,CUST00155,PROD0023,2026-02-20 04:27:28,,10
TXN008517,CUST00994,PROD0023,2026-02-25 22:17:25,1107.39,5
TXN008518,CUST00836,PROD0002,2026-02-23 22:21:27,75.31,7
TXN008519,CUST00346,PROD0016,2026-02-20 03:56:10,186.16,3
TXN008520,CUST00636,PROD0046,2026-02-12 14:42:37,80.8,4
TXN008521,CUST00283,PROD0100,2026-02-05 05:12:49,203175.39,6
TXN008522,CUST00908,PROD0039,2026-02-25 14:38:54,278.57,1
TXN008523,CUST00618,PROD0039,2026-02-18 21:12:24,91.57,1
TXN008524,CUST00354,PROD0050,2026-02-02 07:19:04,1913.08,6
TXN008525,CUST00589,PROD0090,2026-02-16 08:10:34,536.71,2
TXN007719,CUST99004,PROD0047,2026-03-01 14:11:14,545.63,10
TXN008527,CUST00584,PROD0032,2026-02-06 00:53:43,691.53,5
TXN008528,CUST00082,PROD9901,2026-01-31 08:09:07,42.15,7
TXN008529,CUST00615,PROD0052,2026-02-03 01:40:15,1568.95,5
TXN008530,CUST00542,PROD0080,2026-02-06 20:15:47,460508.51,7
TXN008531,CUST00901,PROD0072,2026-02-15 06:43:17,564.16,3
TXN008532,CUST00531,PROD0085,2026-02-06 19:10:55,,6
TXN004108,CUST00310,PROD0053,2026-02-07 14:05:43,99.4,8
TXN008534,CUST00491,PROD0003,2026-02-21 02:26:45,1354.67,10
TXN008535,CUST00625,PROD0009,2026-02-08 11:00:02,1970.65,8
TXN008536,CUST00261,PROD0022,2026-02-03 16:22:52,331.59,8
TXN008537,CUST00413,PROD0011,2026-02-07 05:04:33,-344.69,1
TXN008538,CUST00843,PROD0097,2026-02-26 19:23:38,477125.23,9
TXN008539,CUST00920,PROD0096,2026-02-06 16:45:42,36.11,1
TXN008540,CUST00473,PROD0089,2026-02-17 11:30:45,749.03,3
TXN008541,CUST00673,PROD0090,2026-02-24 07:21:49,1622.76,6
TXN008542,CUST00473,PROD0044,2026-03-01 15:49:20,1445.22,1
TXN008543,CUST00846,PROD0067,2026-02-03 21:08:45,690.42,5
TXN008544,CUST00705,PROD0094,2026-02-06 19:17:02,3494.84,4
TXN008545,CUST00935,PROD0051,2026-02-15 11:51:49,167339.6,9
TXN008546,CUST00832,PROD0059,2026-02-11 15:20:59,626.77,1
TXN008547,CUST00154,PROD0009,2026-02-11 23:50:18,393422.16,6
TXN008548,CUST00242,PROD0092,2026-02-14 00:36:06,1135.78,6
TXN008549,CUST00348,PROD0053,2026-02-26 12:31:19,63.52,5
TXN008550,CUST00734,PROD0018,2026-02-16 01:53:25,26992.91,10
TXN008551,CUST00810,PROD0034,2026-02-17 14:39:56,663.81,10
TXN008552,CUST00479,PROD0012,2026-02-08 09:54:27,266.93,10
TXN008553,CUST00081,PROD0100,2026-02-18 20:34:13,112154.87,3
TXN008554,CUST00304,PROD0017,2026-02-27 21:08:23,18247.71,1
TXN002712,CUST00678,PROD0027,2026-02-13 14:33:21,1722.67,10
TXN008556,CUST00587,PROD0033,2026-02-05 17:07:38,1665.17,9
TXN008557,CUST00840,PROD0025,2026-02-19 12:13:54,367.84,8
TXN008558,CUST00823,PROD0096,2026-02-28 23:25:47,130.79,4
TXN008559,CUST00684,PROD0029,2026-01-31 05:19:46,189.74,9
TXN008560,CUST00212,PROD0066,2026-02-13 05:42:46,725.61,9
TXN008561,CUST00840,PROD0027,2026-02-02 09:19:31,1559.05,9
TXN008562,CUST00620,PROD0022,2026-02-11 04:24:44,86.73,2
TXN008563,CUST00807,PROD0100,2026-02-02 16:45:49,108375.25,3
TXN008564,CUST00761,PROD0076,2026-02-23 13:55:30,23.41,1
TXN008565,CUST00337,PROD0061,2026-02-24 10:05:50,4125.74,5
TXN008566,CUST00432,PROD0072,2026-02-01 05:49:22,187.75,1
TXN001993,CUST00910,PROD0100,2026-02-28 21:39:40,176068.43,5
TXN008568,CUST00617,PROD0073,2026-02-25 21:02:38,6950.46,3
TXN008569,CUST00244,PROD0094,2026-02-22 11:53:53,2735.18,3
TXN008570,CUST00196,PROD0003,2026-02-18 10:53:42,138.27,1
TXN008571,CUST00034,PROD0018,2026-02-02 18:54:00,15826.57,6
TXN008572,CUST00907,PROD0072,2026-02-28 13:09:57,626.31,3
TXN008573,CUST00145,PROD0028,2026-02-14 15:49:02,282.72,10
TXN008574,CUST00951,PROD0059,2026-02-18 18:23:31,3244.99,5
TXN008575,CUST00143,PROD0032,2026-02-15 07:42:39,966.38,7
TXN008576,CUST00173,PROD0025,2026-02-02 03:03:40,86.79,2
TXN008577,CUST00794,PROD0035,2026-02-08 11:42:09,10051.21,4
TXN008578,CUST00233,PROD0076,2026-02-14 03:09:22,189.01,7
TXN008579,CUST00828,PROD0034,2026-02-02 01:37:09,78.08,1
TXN008580,CUST00967,PROD9909,2026-02-06 20:13:02,302.75,1
TXN008581,CUST00941,PROD0059,2026-02-02 14:01:46,6424.81,9
TXN008582,CUST00879,PROD0019,2026-02-17 00:37:54,,4
TXN008583,CUST00948,PROD0027,2026-02-21 15:00:34,1335.05,8
TXN008584,CUST00522,PROD0033,2026-02-06 14:17:49,1575.2,10
TXN008585,CUST00050,PROD0093,2026-02-12 23:16:07,2881.21,6
TXN008586,CUST00092,PROD0100,2026-02-18 17:33:34,110430.33,3
TXN008587,CUST00845,PROD0086,2026-02-01 11:51:25,6914.36,8
TXN001766,CUST00075,PROD0024,2026-02-16 13:00:47,4299.08,9
TXN008589,CUST00166,PROD0009,2026-02-20 11:41:45,217.67,1
TXN008590,CUST00469,PROD0014,2026-02-21 23:07:08,,9
TXN008591,CUST00166,PROD0005,2026-02-10 01:49:24,40629.61,1
TXN008592,CUST00259,PROD0032,2026-02-16 04:36:37,496.47,4
TXN008593,CUST00589,PROD0055,2026-02-21 00:52:29,258.95,1
TXN008594,CUST00066,PROD0041,2026-02-20 02:36:16,12290.85,7
TXN008595,CUST00106,PROD9908,2026-02-22 01:33:26,211.58,10
TXN008596,CUST00223,PROD0099,2026-02-16 02:27:09,1011.04,6
TXN008597,CUST00939,PROD0086,2026-02-09 17:31:17,,9
TXN008598,CUST00776,PROD0066,2026-02-02 10:41:11,486.22,6
TXN008599,CUST00097,PROD0021,2026-02-15 22:33:45,22983.36,8
TXN008600,CUST00467,PROD0019,2026-02-05 04:57:21,164.05,4
TXN008601,CUST00723,PROD0057,2026-02-26 02:42:01,1315.57,8
TXN008602,CUST00376,PROD0035,2026-02-04 07:02:20,20520.92,9
TXN008603,CUST00206,PROD0046,2026-01-31 18:30:23,181.34,8
TXN008604,CUST00858,PROD0004,2026-02-10 04:11:51,3767.3,2
TXN008605,CUST00166,PROD0017,2026-02-22 15:40:08,79373.63,4
TXN008606,CUST00025,PROD0053,2026-02-22 19:17:17,42.66,3
TXN008607,CUST00599,PROD0080,2026-02-24 15:08:22,2085.79,9
TXN008608,CUST00774,PROD0047,2026-02-16 04:10:47,412.1,8
TXN008609,CUST00024,PROD0044,2026-02-13 06:59:34,2924.96,2
TXN008610,CUST00922,PROD0073,2026-02-18 15:23:33,5100.26,2
TXN008611,CUST00408,PROD0073,2026-02-10 06:42:27,19669.03,8
TXN008612,CUST00555,PROD0028,2026-02-11 02:34:59,229.24,8
TXN008613,CUST00914,PROD9900,2026-02-15 13:16:59,,10
TXN008614,CUST00837,PROD0078,2026-02-20 09:38:39,,8
TXN008615,CUST00725,PROD0023,2026-02-26 07:20:59,2145.24,10
TXN008616,CUST00843,PROD0026,2026-02-13 09:36:55,178.56,2
TXN008617,CUST00677,PROD0023,2026-02-24 02:44:19,613.99,3
TXN008618,CUST00127,PROD0055,2026-02-25 10:40:55,2562.27,9
TXN008619,CUST00517,PROD0032,2026-02-24 20:12:50,828.51,6
TXN008620,CUST00057,PROD0037,2026-02-17 09:48:16,-186.98,10
TXN008621,CUST00774,PROD0071,2026-02-17 10:31:34,12408.69,6
TXN008622,CUST99001,PROD0087,2026-03-01 05:23:21,21.02,1
TXN008623,CUST00254,PROD0021,2026-02-14 11:41:58,17371.86,7
TXN008624,CUST00730,PROD0010,2026-02-14 01:59:50,96.79,5
TXN008625,CUST00356,PROD0047,2026-02-12 00:51:41,244.61,5
TXN008626,CUST00873,PROD0074,2026-02-28 14:43:21,142.66,2
TXN008627,CUST00726,PROD0035,2026-02-16 09:00:24,23943.84,10
TXN008628,CUST00066,PROD0093,2026-02-25 11:05:06,1550.58,3
TXN008629,CUST00403,PROD0054,2026-02-15 04:55:27,7863.2,8
TXN003868,CUST00758,PROD0032,2026-02-09 04:18:58,878.25,6
TXN008631,CUST00461,PROD0083,2026-02-13 14:44:05,2165.12,9
TXN008632,CUST00447,PROD0093,2026-02-16 06:28:29,3681.74,7
TXN008633,CUST00136,PROD0002,2026-02-02 21:57:19,46.79,4
TXN008634,CUST00530,PROD0002,2026-02-11 11:03:39,58.36,5
TXN006162,CUST00644,PROD0082,2026-02-15 19:58:04,12139.34,10
TXN008636,CUST00995,PROD0024,2026-02-21 10:17:26,3592.27,8
TXN008637,CUST00106,PROD0037,2026-02-23 21:34:41,419.13,
TXN008638,CUST00099,PROD0076,2026-02-05 03:26:03,50.0,2
TXN008639,CUST00596,PROD0087,2026-02-19 06:08:54,-450.05,3
TXN008640,CUST00732,PROD0053,2026-02-14 13:52:37,24.3,2
TXN008641,CUST00431,PROD0082,2026-02-13 03:49:39,8209.38,6
TXN008642,CUST00406,PROD0072,2026-02-10 14:48:13,200.13,1
TXN008643,CUST00604,PROD0043,2026-02-10 18:08:40,108.66,1
TXN008644,CUST00590,PROD0024,2026-02-03 09:34:28,520.91,1
TXN008645,CUST00852,PROD0096,2026-01-31 02:42:18,340.32,9
TXN008646,CUST00972,PROD0032,2026-02-12 21:52:27,1119.31,9
TXN008647,CUST00835,PROD0059,2026-02-11 01:55:02,3580.12,5
TXN008648,CUST00329,PROD0056,2026-02-02 14:24:50,158652.89,4
TXN008649,CUST00892,PROD0001,2026-02-22 11:36:05,237.49,2
TXN008650,CUST00524,PROD0073,2026-01-31 05:26:21,4294.19,2
TXN000264,CUST00291,PROD0082,2026-02-15 09:25:38,1141.24,1
TXN008652,CUST00481,PROD0064,2026-02-07 01:20:29,806.48,7
TXN002047,CUST00223,PROD0100,2026-02-02 09:25:58,36739.31,1
TXN008654,CUST00001,PROD0089,2026-02-20 08:00:44,1007.55,4
TXN008655,CUST00695,PROD0006,2026-02-02 20:25:51,153.87,2
TXN008656,CUST00236,PROD0067,2026-01-31 21:54:37,1153.29,8
TXN008657,CUST00269,PROD0048,2026-02-15 07:20:34,382.29,5
TXN008658,CUST00801,PROD0006,2026-02-11 17:08:30,74.25,1
TXN008659,CUST00109,PROD0047,2026-02-05 17:41:53,230.74,4
TXN008660,CUST00733,PROD0082,2026-02-18 09:10:32,5942.94,5
TXN008661,CUST00850,PROD0062,2026-02-05 12:42:57,4108.54,7
TXN008662,CUST00628,PROD0031,2026-02-20 14:03:36,207.09,2
TXN008663,CUST00317,PROD0037,2026-02-19 01:37:08,130.77,1
TXN008664,CUST00948,PROD0001,2026-02-06 22:09:50,274.2,2
TXN008665,CUST00964,PROD0062,2026-03-01 18:35:37,-3353.14,-5
TXN008666,CUST00185,PROD0060,2026-02-16 18:23:57,120.6,4
TXN008667,CUST00585,PROD0060,2026-02-13 06:50:11,279.74,10
TXN008668,CUST00066,PROD0047,2026-02-24 17:43:59,55.13,1
TXN008669,CUST00579,PROD0076,2026-02-18 06:37:45,-20.68,10
TXN008670,CUST00003,PROD0088,2026-02-11 08:04:37,1673.72,5
TXN008671,CUST00659,PROD0022,2026-02-09 22:02:55,365.11,9
TXN008672,CUST00438,PROD0083,2026-02-26 07:45:06,1704.35,8
TXN008673,CUST00026,PROD0045,2026-02-17 18:34:30,5892.24,3
TXN008674,CUST00635,PROD0063,2026-02-02 11:18:32,1006.01,2
TXN008675,CUST00236,PROD0031,2026-02-13 14:37:14,306.8,3
TXN008676,CUST00228,PROD0064,2026-02-25 20:26:16,105.39,3
TXN008677,CUST00403,PROD0038,2026-02-23 14:39:58,1821.64,7
TXN008678,CUST00828,PROD0084,2026-02-13 14:14:20,446.04,9
TXN008679,CUST00215,PROD0025,2026-02-03 01:59:55,385.08,8
TXN008680,CUST00576,PROD0020,2026-02-10 17:55:20,4844.86,4
TXN008681,CUST00057,PROD0053,2026-02-14 18:25:50,133.16,10
TXN008682,CUST00269,PROD0052,2026-02-10 09:34:31,684.37,2
TXN008683,CUST00470,PROD0025,2026-02-18 14:27:21,419.61,10
TXN008684,CUST00618,PROD0019,2026-02-06 08:37:04,821.84,2
TXN008685,CUST00529,PROD0079,2026-02-24 08:22:29,534667.46,10
TXN008686,CUST00932,PROD0080,2026-02-03 07:55:34,1081.0,4
TXN003353,CUST00566,PROD0089,2026-02-16 10:22:21,244.38,1
TXN008688,CUST00843,PROD0075,2026-02-04 09:07:15,229.09,3
TXN008689,CUST00983,PROD0013,2026-02-24 20:35:45,118.75,3
TXN008690,CUST00724,PROD0009,2026-02-01 05:02:50,2229.38,10
TXN008691,CUST00679,PROD0018,2026-02-02 20:59:10,12537.84,5
TXN008692,CUST00040,PROD0012,2026-02-23 04:05:17,116.26,4
TXN008693,CUST00375,PROD9901,2026-02-02 19:00:15,237.39,5
TXN008694,CUST00772,PROD0090,2026-02-19 15:30:35,2030.62,8
TXN008695,CUST00600,PROD0070,2026-02-18 04:57:58,315.62,10
TXN008696,CUST00208,PROD0001,2026-02-12 03:20:16,420164.25,10
TXN008697,CUST00554,PROD0030,2026-02-15 10:27:52,1464.02,9
TXN008698,CUST00357,PROD0060,2026-02-21 00:07:45,165.53,6
TXN008699,CUST00375,PROD0007,2026-02-01 19:11:27,215.21,10
TXN008700,CUST00489,PROD0097,2026-02-17 07:01:48,1253.43,3
TXN008701,CUST00467,PROD0002,2026-02-08 14:41:02,,7
TXN008702,CUST00473,PROD0028,2026-02-21 13:06:42,130.98,4
TXN008703,CUST00915,PROD0013,2026-02-18 10:54:40,,4
TXN008704,CUST00093,PROD0062,2026-01-31 20:41:49,5036.74,8
TXN008705,CUST00288,PROD0072,2026-02-05 07:28:04,587.55,3
TXN008706,CUST00889,PROD0040,2026-02-22 18:16:09,761.55,8
TXN008707,CUST00735,PROD0087,2026-02-02 09:18:19,236.23,10
TXN008708,CUST00788,PROD0098,2026-01-31 13:23:59,1254.87,6
TXN008709,CUST00005,PROD0020,2026-02-03 00:20:22,3363.58,3
TXN008710,CUST00264,PROD0025,2026-02-25 01:14:07,43.54,1
TXN008711,CUST00099,PROD0032,2026-03-01 09:47:10,247.98,2
TXN008712,CUST00247,PROD0092,2026-02-22 19:37:08,1234.1,6
TXN008713,CUST00603,PROD0003,2026-02-04 06:26:23,703.43,5
TXN008714,CUST00086,PROD0009,2026-02-09 13:49:57,1461.29,7
TXN008715,CUST00723,PROD0092,2026-02-27 13:32:34,378.63,2
TXN008716,CUST00636,PROD0062,2026-02-16 20:20:07,381841.3,1
TXN008717,CUST00446,PROD0056,2026-02-19 06:08:44,339085.46,9
TXN008718,CUST99007,PROD0031,2026-02-20 09:05:29,817.71,9
TXN008719,CUST00981,PROD0078,2026-02-01 05:04:01,327.15,8
TXN008720,CUST00154,PROD0069,2026-02-16 21:02:46,121922.34,3
TXN008721,CUST00426,PROD0099,2026-02-10 10:47:58,576.14,4
TXN008722,CUST00966,PROD0066,2026-02-13 18:32:47,348.96,4
TXN008723,CUST00144,PROD0026,2026-02-24 19:04:02,598.31,7
TXN008724,CUST00828,PROD0058,2026-02-14 20:30:22,384.95,1
TXN008725,CUST00879,PROD9904,2026-02-14 15:06:27,725.77,8
TXN008726,CUST00794,PROD0039,2026-02-12 05:31:08,201.61,6
TXN008727,CUST00037,PROD0045,2026-02-18 11:58:02,11654.18,6
TXN008728,CUST00643,PROD0039,2026-02-13 12:42:55,411.44,8
TXN008729,CUST00295,PROD0024,2026-02-26 19:04:21,4339.12,8
TXN008730,CUST99008,PROD0065,2026-02-15 05:25:16,92198.38,5
TXN008731,CUST00464,PROD0011,2026-02-05 04:04:15,64.09,2
TXN008732,CUST00470,PROD0041,2026-02-11 09:04:25,3626.05,2
TXN008733,CUST00923,PROD0014,2026-02-28 20:35:21,491.39,2
TXN008734,CUST00709,PROD0079,2026-02-17 15:07:55,514779.91,10
TXN008735,CUST00519,PROD0044,2026-02-15 20:19:48,9158.29,7
TXN008736,CUST00658,PROD0037,2026-02-07 05:27:49,364.28,3
TXN008737,CUST00946,PROD0062,2026-02-17 05:22:27,2211.11,4
TXN008738,CUST00284,PROD0077,2026-02-17 15:24:23,115.71,10
TXN008739,CUST00402,PROD0057,2026-02-16 16:19:21,1610.51,10
TXN008740,CUST00010,PROD0086,2026-02-27 15:35:44,5293.37,6
TXN008741,CUST99008,PROD0083,2026-02-28 00:11:49,1194.41,6
TXN008742,CUST00332,PROD0072,2026-02-08 19:49:58,2132.36,10
TXN008743,CUST00193,PROD0082,2026-02-24 03:18:29,1304.88,1
TXN008744,CUST00741,PROD0028,2026-02-11 00:01:00,208.57,7
TXN008745,CUST00079,PROD0019,2026-02-14 20:37:44,123.19,6
TXN008746,CUST00700,PROD0083,2026-02-22 08:23:46,1621.48,7
TXN008747,CUST00036,PROD0045,2026-02-16 03:14:14,12423.65,7
TXN008748,CUST00680,PROD0070,2026-02-14 03:51:21,111.76,4
TXN008749,CUST00763,PROD0035,2026-02-02 05:16:20,2234.17,1
TXN008750,CUST00057,PROD0057,2026-02-27 20:19:14,721.0,5
TXN008751,CUST00350,PROD0083,2026-03-01 00:24:39,1474.18,7
TXN008752,CUST00465,PROD0072,2026-02-13 13:25:33,603.9,3
TXN008753,CUST00760,PROD0098,2026-02-02 10:08:43,714.39,4
TXN008754,CUST00833,PROD0053,2026-02-10 16:34:11,67.98,5
TXN008755,CUST00497,PROD0012,2026-02-14 21:46:49,223.3,8
TXN008756,CUST00203,PROD0096,2026-02-06 19:10:41,102.24,3
TXN008757,CUST00487,PROD0008,2026-02-03 07:08:55,2159.89,10
TXN008758,CUST00286,PROD0095,2026-02-08 06:47:39,284.58,3
TXN008759,CUST00241,PROD0090,2026-02-26 06:09:17,1080.15,4
TXN008760,CUST00491,PROD0082,2026-02-22 05:31:14,10479.53,8
TXN008761,CUST00555,PROD0051,2026-03-01 09:41:33,1535.34,10
TXN008762,CUST00218,PROD0070,2026-02-02 19:38:26,287.75,10
TXN008763,CUST00042,PROD0023,2026-02-04 00:15:55,417221.52,7
TXN008764,CUST00704,PROD0053,2026-02-05 08:16:35,120.96,9
TXN008765,CUST00534,PROD0031,2026-02-11 22:55:40,959.77,10
TXN008766,CUST00669,PROD0052,2026-02-17 00:51:36,1839.59,5
TXN008767,CUST00124,PROD0054,2026-02-06 01:45:45,9131.2,8
TXN008768,CUST00472,PROD0069,2026-02-11 06:22:43,232184.31,6
TXN008769,CUST00213,PROD0086,2026-02-12 13:14:46,342873.4,10
TXN008770,CUST00761,PROD0015,2026-02-05 08:56:48,1101.42,4
TXN008771,CUST00439,PROD0058,2026-02-25 04:17:12,2960.25,7
TXN008772,CUST00922,PROD0015,2026-02-19 00:08:15,570.4,2
TXN008773,CUST00246,PROD0005,2026-02-20 08:03:50,74225.09,2
TXN008774,CUST00416,PROD0035,2026-02-15 13:01:54,22326.4,10
TXN008775,CUST00093,PROD0040,2026-02-26 07:58:51,974.28,9
TXN008776,CUST00679,PROD0039,2026-02-19 09:36:37,722.31,6
TXN008777,CUST00285,PROD0072,2026-02-23 21:38:08,651.97,3
TXN008778,CUST00410,PROD0034,2026-02-12 23:44:28,73.47,1
TXN008779,CUST00822,PROD0045,2026-02-10 18:22:45,18182.75,10
TXN008780,CUST00936,PROD0092,2026-02-03 11:46:07,797.47,4
TXN008781,CUST00812,PROD0048,2026-02-09 14:17:53,894.11,10
TXN008782,CUST00079,PROD0010,2026-01-31 04:09:45,56.97,3
TXN008783,CUST00987,PROD0010,2026-02-10 15:49:21,19.41,1
TXN008784,CUST00314,PROD0081,2026-02-17 05:49:36,4865.71,8
TXN004829,CUST00947,PROD0017,2026-02-06 23:30:10,,8
TXN008786,CUST00278,PROD0030,2026-02-08 07:59:07,1184.82,7
TXN008787,CUST00757,PROD0084,2026-02-15 08:31:59,311.12,6
TXN008788,CUST00282,PROD0024,2026-02-16 09:47:09,1072.1,2
TXN008789,CUST00255,PROD0025,2026-02-22 13:33:24,47.28,1
TXN008790,CUST00277,PROD0060,2026-02-07 18:51:24,262.74,9
TXN008791,CUST00113,PROD0004,2026-02-06 02:48:17,14302.06,7
TXN008792,CUST00511,PROD0091,2026-02-11 03:57:38,1635.67,7
TXN008793,CUST00150,PROD9907,2026-02-15 11:16:17,964.26,1
TXN008794,CUST00462,PROD0016,2026-02-03 12:16:54,594.55,10
TXN008795,CUST00648,PROD0087,2026-02-19 15:58:52,-980.49,4
TXN008796,CUST00870,PROD0076,2026-02-14 00:14:58,49.11,2
TXN008797,CUST00815,PROD0095,2026-02-25 02:46:13,1024.6,10
TXN008798,CUST00594,PROD0058,2026-01-31 02:23:59,3692.2,9
TXN008799,CUST00622,PROD0014,2026-01-31 15:33:14,1538.39,7
TXN008800,CUST00828,PROD0028,2026-01-31 13:40:29,128.19,4
TXN008801,CUST00942,PROD0002,2026-02-16 20:00:06,107.65,9
TXN008802,CUST99009,PROD0065,2026-02-05 15:50:32,195601.53,10
TXN008803,CUST00545,PROD0052,2026-02-02 08:27:30,2912.62,9
TXN004963,CUST00177,PROD0099,2026-02-16 18:37:33,1355.31,8
TXN008805,CUST00229,PROD0030,2026-02-12 03:55:59,210871.31,10
TXN008806,CUST00809,PROD0082,2026-02-21 01:07:48,,9
TXN008807,CUST00744,PROD0076,2026-02-14 04:13:26,229.41,9
TXN008808,CUST00330,PROD0085,2026-02-20 02:30:58,16139.83,10
TXN008809,CUST00606,PROD0013,2026-02-09 01:19:45,78.47,2
TXN008810,CUST99006,PROD0024,2026-02-22 20:19:07,3659.92,8
TXN008811,CUST00988,PROD0095,2026-02-28 04:09:00,851.05,10
TXN008812,CUST00438,PROD0020,2026-02-15 08:36:58,7192.66,6
TXN008813,CUST00120,PROD0023,2026-02-28 01:35:08,-7.05,6
TXN008814,CUST00391,PROD0017,2026-02-10 03:50:53,189004.68,10
TXN008815,CUST00508,PROD0091,2026-02-07 15:44:21,2241.16,9
TXN007316,CUST00301,PROD0007,2026-02-09 00:13:04,61.0,3
TXN008817,CUST99007,PROD0049,2026-02-23 09:56:01,303816.27,
TXN008818,CUST00668,PROD0082,2026-02-15 07:05:36,10847.64,9
TXN008819,CUST00818,PROD0030,2026-02-15 02:04:42,1245.54,8
TXN008820,CUST00216,PROD0094,2026-02-27 03:20:46,1993.16,2
TXN008821,CUST00401,PROD0074,2026-02-12 18:20:39,485.86,7
TXN008822,CUST00750,PROD0054,2026-02-03 02:39:09,,2
TXN008823,CUST00598,PROD0063,2026-02-25 04:39:12,1978.39,4
TXN008824,CUST00407,PROD0078,2026-01-31 22:32:22,42.39,1
TXN008825,CUST00772,PROD0072,2026-02-18 09:20:04,384.74,2
TXN008826,CUST00690,PROD0016,2026-02-16 00:59:40,579.25,10
TXN008827,CUST00254,PROD0071,2026-02-15 02:05:17,6693.28,3
TXN008828,CUST00505,PROD0094,2026-02-11 11:38:27,7508.89,8
TXN008829,CUST00283,PROD0031,2026-02-17 08:35:14,-102.14,-1
TXN008830,CUST00664,PROD0090,2026-02-15 07:16:28,216720.28,2
TXN008831,CUST00032,PROD0089,2026-02-04 15:17:17,236.23,1
TXN008832,CUST00088,PROD0090,2026-02-05 07:49:31,1386.39,6
TXN008833,CUST00069,PROD0027,2026-02-05 11:12:53,967.01,6
TXN008834,CUST00939,PROD0059,2026-02-10 05:31:03,704.39,1
TXN008835,CUST00135,PROD0053,2026-02-16 22:10:14,13.33,1
TXN008836,CUST00652,PROD0046,2026-02-09 17:41:29,,8
TXN008837,CUST00039,PROD0075,2026-02-23 11:06:29,154.07,2
TXN008838,CUST00833,PROD0087,2026-02-10 18:21:07,210.8,9
TXN008839,CUST00511,PROD0047,2026-02-27 23:54:21,200.12,4
TXN008840,CUST00216,PROD0086,2026-02-28 15:09:14,1714.8,2
TXN008841,CUST00896,PROD0083,2026-02-25 16:03:39,2335.02,10
TXN008842,CUST00797,PROD9901,2026-02-09 15:28:33,70.32,3
TXN008843,CUST00918,PROD0064,2026-02-25 06:05:20,92.66,1
TXN008844,CUST00763,PROD0013,2026-02-26 07:13:31,379.64,10
TXN008845,CUST00948,PROD0034,2026-02-21 11:54:43,477.13,7
TXN008846,CUST00945,PROD0090,2026-02-06 00:38:04,529.86,2
TXN008847,CUST00379,PROD0048,2026-02-21 17:10:50,850.64,10
TXN008848,CUST00328,PROD0090,2026-02-22 14:19:57,,4
TXN008849,CUST00882,PROD0085,2026-02-23 10:47:37,4640.34,3
TXN008850,CUST00402,PROD0026,2026-02-05 23:21:18,77.97,1
TXN008851,CUST00791,PROD0003,2026-02-24 14:49:56,589.51,5
TXN008852,CUST00283,PROD0023,2026-02-07 10:55:53,429.25,2
TXN008853,CUST00349,PROD0077,2026-02-05 07:06:34,724.37,6
TXN008854,CUST00680,PROD0013,2026-02-08 20:11:19,182.92,4
TXN008855,CUST00675,PROD0060,2026-02-27 10:34:35,303.12,10
TXN008856,CUST00114,PROD0064,2026-02-28 22:50:48,357.29,6
TXN008857,CUST99004,PROD0016,2026-02-25 10:35:06,289.23,5
TXN008858,CUST00852,PROD0039,2026-03-01 03:04:40,166.39,5
TXN008859,CUST00732,PROD0096,2026-02-14 16:46:55,68.6,2
TXN008860,CUST00289,PROD0075,2026-02-20 20:12:37,324.84,4
TXN008861,CUST00229,PROD0001,2026-02-23 15:20:00,1121.26,8
TXN008862,CUST00514,PROD0002,2026-02-11 03:07:51,74.53,7
TXN008863,CUST00188,PROD0006,2026-02-26 21:00:53,768.92,10
TXN008864,CUST00794,PROD0042,2026-02-26 07:17:38,1988.2,8
TXN008865,CUST00425,PROD0034,2026-02-08 06:46:37,369.73,5
TXN008866,CUST00035,PROD0070,2026-02-01 02:54:00,28.19,1
TXN008867,CUST00088,PROD0080,2026-02-06 13:26:40,1458.5,6
TXN008868,CUST00498,PROD0064,2026-02-14 00:07:30,233.34,2
TXN008869,CUST00392,PROD0074,2026-02-27 05:12:41,148.96,2
TXN008870,CUST00781,PROD0036,2026-02-02 03:42:09,920.06,2
TXN008871,CUST00231,PROD0069,2026-02-20 12:14:49,36863.73,1
TXN008872,CUST00743,PROD0075,2026-02-12 21:44:00,158.54,2
TXN008873,CUST00732,PROD0014,2026-02-11 05:06:13,2406.14,10
TXN008874,CUST00263,PROD0092,2026-02-01 01:12:50,1762.78,8
TXN008875,CUST00676,PROD0081,2026-02-11 01:42:50,606.27,1
TXN008876,CUST00454,PROD0047,2026-02-19 09:26:32,320.63,6
TXN008877,CUST00819,PROD0046,2026-02-13 12:26:43,23.46,1
TXN008878,CUST00545,PROD0008,2026-02-22 04:59:01,814.87,4
TXN007767,CUST00753,PROD0034,2026-02-01 02:48:19,208353.89,1
TXN008880,CUST00096,PROD0021,2026-02-11 16:35:13,19984.83,7
TXN008881,CUST00971,PROD0096,2026-02-27 02:47:55,-840.18,6
TXN008882,CUST00207,PROD0085,2026-02-11 01:52:13,12557.28,7
TXN008883,CUST00706,PROD0012,2026-02-14 12:38:59,57.72,2
TXN007108,CUST00582,PROD0089,2026-02-15 01:07:42,1880.05,7
TXN008885,CUST00074,PROD0051,2026-02-04 21:36:56,,7
TXN008886,CUST00311,PROD0006,2026-02-06 12:08:37,394.84,5
TXN008887,CUST00273,PROD0075,2026-03-01 17:40:30,178.31,2
TXN001376,CUST00519,PROD0076,2026-02-05 02:08:42,23.81,1
TXN008889,CUST00574,PROD0043,2026-02-18 21:20:21,492.63,5
TXN008890,CUST00838,PROD0059,2026-02-17 08:25:14,2009.6,3
TXN008891,CUST00820,PROD0051,2026-02-22 01:18:38,799.94,6
TXN008892,CUST00113,PROD0028,2026-02-12 20:13:25,103.24,3
TXN008893,CUST00804,PROD0029,2026-02-09 23:03:48,84.62,4
TXN008894,CUST99009,PROD0026,2026-02-06 04:34:05,330.09,4
TXN001307,CUST00919,PROD0040,2026-02-24 11:42:04,,10
TXN008896,CUST00694,PROD0042,2026-01-31 15:29:52,1893.99,8
TXN008897,CUST00663,PROD0011,2026-03-01 01:52:59,212.63,6
TXN008898,CUST00683,PROD0091,2026-02-25 15:24:41,241.5,1
TXN008899,CUST00519,PROD0002,2026-02-21 14:11:42,66.01,6
TXN008900,CUST00456,PROD0022,2026-02-28 01:52:38,258.56,6
TXN008901,CUST00615,PROD0070,2026-02-21 05:40:23,285.35,10
TXN008902,CUST00291,PROD0057,2026-01-31 22:32:02,981.47,6
TXN008903,CUST00512,PROD0013,2026-02-10 12:40:17,357.22,8
TXN008904,CUST00389,PROD0077,2026-02-10 11:34:50,,4
TXN008905,CUST00091,PROD0075,2026-01-31 06:28:56,531.93,6
TXN008906,CUST00068,PROD0039,2026-02-15 18:12:18,365.96,4
TXN008907,CUST00677,PROD0021,2026-02-22 04:15:24,22982.09,8
TXN008908,CUST00257,PROD0036,2026-02-20 13:50:58,2567.02,5
TXN003064,CUST00139,PROD0045,2026-02-28 18:14:48,13951.89,7
TXN008910,CUST00510,PROD0011,2026-02-21 19:38:33,114.75,3
TXN008911,CUST00046,PROD0065,2026-02-13 07:42:40,137882.74,7
TXN008912,CUST00043,PROD0022,2026-01-31 02:37:35,75.16,2
TXN008913,CUST00328,PROD0087,2026-03-01 11:57:05,103.84,5
TXN008914,CUST00693,PROD0035,2026-02-27 11:22:32,4825.03,2
TXN008915,CUST00011,PROD0073,2026-02-08 00:32:44,15905.98,7
TXN006730,CUST00551,PROD0042,2026-02-27 09:08:08,660.86,
TXN008917,CUST00492,PROD0099,2026-02-16 03:26:10,1350.48,8
TXN008918,CUST00962,PROD0084,2026-03-01 01:11:52,283.75,6
TXN008919,CUST00348,PROD0052,2026-02-28 03:36:59,-372.48,-1
TXN008920,CUST00803,PROD0049,2026-02-21 02:27:13,433.27,4
TXN008921,CUST00762,PROD0034,2026-02-18 08:45:17,72.17,1
TXN008922,CUST00969,PROD0014,2026-02-24 23:25:51,1985.17,9
TXN008923,CUST00485,PROD0055,2026-02-23 23:56:38,1994.06,8
TXN008924,CUST00280,PROD0079,2026-02-25 07:19:04,96946.73,2
TXN008925,CUST00729,PROD0068,2026-02-08 09:55:09,669.96,9
TXN008926,CUST00628,PROD0015,2026-02-28 07:52:14,-393.94,3
TXN008927,CUST00025,PROD0020,2026-02-02 20:18:54,7576.09,6
TXN008928,CUST00248,PROD0074,2026-02-15 22:45:16,247.44,3
TXN008929,CUST00628,PROD0074,2026-02-05 02:45:32,344.78,5
TXN008930,CUST00212,PROD0052,2026-02-22 23:15:55,3406.84,10
TXN008931,CUST00770,PROD0060,2026-02-21 21:49:24,276.22,9
TXN008932,CUST00694,PROD0066,2026-02-26 10:08:45,735.73,9
TXN008933,CUST00773,PROD0036,2026-02-24 04:05:21,474.76,1
TXN008934,CUST00337,PROD9900,2026-02-10 17:24:06,556.76,10
TXN008935,CUST00322,PROD0036,2026-01-31 00:21:29,4091.77,8
TXN008936,CUST00626,PROD0015,2026-02-19 10:37:51,761.43,3
TXN008937,CUST00893,PROD0099,2026-02-22 07:57:12,1122.11,7
TXN008938,CUST00286,PROD0043,2026-02-18 23:50:16,331.08,3
TXN008939,CUST00234,PROD0099,2026-02-19 04:39:09,1036.7,6
TXN008940,CUST00181,PROD0063,2026-01-31 14:13:33,511.12,1
TXN008259,CUST00752,PROD0070,2026-02-05 01:14:39,278.02,9
TXN008942,CUST99000,PROD9902,2026-02-23 23:18:05,850.92,3
TXN008943,CUST00363,PROD0038,2026-02-06 04:45:01,1056.55,4
TXN003881,CUST00600,PROD0031,2026-02-06 13:47:45,873.12,9
TXN008945,CUST00854,PROD0075,2026-02-20 02:53:52,601.65,7
TXN008946,CUST00649,PROD0014,2026-02-12 02:11:49,1801.49,8
TXN008947,CUST00285,PROD0018,2026-02-07 09:18:15,8803.9,3
TXN008948,CUST00643,PROD0063,2026-02-15 21:22:18,1353.13,3
TXN008949,CUST00861,PROD0004,2026-02-13 08:09:07,3860.3,2
TXN008950,CUST00181,PROD9900,2026-02-17 06:57:12,116774.54,9
TXN008951,CUST00086,PROD0028,2026-02-26 19:54:35,28.31,1
TXN008952,CUST00101,PROD0081,2026-02-08 09:59:54,3540.22,6
TXN008953,CUST00272,PROD0099,2026-02-22 15:54:22,1676.5,10
TXN008954,CUST00319,PROD0085,2026-02-13 06:08:10,13969.06,8
TXN008955,CUST00053,PROD0029,2026-02-20 16:47:11,241.86,10
TXN008956,CUST00448,PROD0060,2026-02-24 05:53:17,29.41,1
TXN008957,CUST00574,PROD0087,2026-02-15 22:00:36,63.13,3
TXN008958,CUST00728,PROD0064,2026-02-16 17:18:10,771.97,9
TXN008959,CUST00226,PROD0001,2026-02-19 04:19:14,385.85,3
TXN008960,CUST00156,PROD0099,2026-02-13 10:04:50,660.55,4
TXN008961,CUST00197,PROD0099,2026-02-23 21:30:33,786.95,5
TXN008962,CUST00790,PROD0038,2026-02-13 06:18:51,2712.25,10
TXN008963,CUST99008,PROD0093,2026-02-22 01:52:29,1469.47,3
TXN008964,CUST00819,PROD0049,2026-02-14 11:56:53,641.16,6
TXN008965,CUST00787,PROD0027,2026-02-20 12:30:16,170.5,1
TXN008966,CUST00167,PROD0051,2026-02-27 09:30:25,1239.31,9
TXN008967,CUST00429,PROD0063,2026-02-14 11:13:37,,4
TXN001231,CUST00401,PROD0079,2026-02-26 20:06:40,147207.53,3
TXN008969,CUST00805,PROD9906,2026-02-26 12:06:33,786.98,5
TXN008970,CUST00561,PROD0053,2026-02-04 01:33:23,42.65,3
TXN008971,CUST00270,PROD0008,2026-02-08 19:07:00,637.83,3
TXN008972,CUST00892,PROD0038,2026-02-22 02:01:24,248.8,1
TXN008973,CUST00792,PROD0074,2026-02-08 12:18:57,346433.02,10
TXN008974,CUST00588,PROD0028,2026-02-02 12:37:27,225.78,7
TXN008975,CUST00413,PROD0098,2026-02-24 06:31:28,996.15,5
TXN008976,CUST00144,PROD0022,2026-02-09 08:36:46,232.39,6
TXN008977,CUST00536,PROD0026,2026-02-16 10:25:31,464.35,6
TXN007581,CUST00367,PROD0033,2026-02-18 03:11:56,1290.98,8
TXN008979,CUST00862,PROD0041,2026-02-18 06:40:17,3551.08,2
TXN008980,CUST00888,PROD0028,2026-02-15 05:11:37,154.5,5
TXN008981,CUST00645,PROD0032,2026-02-21 12:38:57,405.38,3
TXN008982,CUST00398,PROD0030,2026-02-08 12:53:20,,9
TXN008983,CUST00382,PROD0083,2026-03-01 02:30:11,,8
TXN008984,CUST00967,PROD0096,2026-02-27 23:57:44,279.11,8
TXN008985,CUST00233,PROD0094,2026-02-07 08:19:45,5575.73,6
TXN008986,CUST00694,PROD0056,2026-02-03 02:23:03,68111.35,2
TXN008987,CUST00146,PROD0097,2026-02-18 12:29:40,483.12,1
TXN008988,CUST00639,PROD0014,2026-02-15 16:50:39,693.41,
TXN008989,CUST00259,PROD0036,2026-02-01 09:31:16,511.97,1
TXN008990,CUST99001,PROD0056,2026-02-10 05:42:24,330116.63,10
TXN008991,CUST00548,PROD0002,2026-02-05 00:11:33,47.12,4
TXN008992,CUST00665,PROD0097,2026-01-31 23:11:17,4313.48,10
TXN008993,CUST00590,PROD0003,2026-02-05 12:03:51,355.92,3
TXN006804,CUST00433,PROD0057,2026-02-04 00:12:14,1486.73,10
TXN008995,CUST00161,PROD0075,2026-02-03 14:09:55,659.57,9
TXN008996,CUST00570,PROD0060,2026-02-03 17:11:27,238.9,9
TXN008997,CUST00567,PROD0001,2026-02-21 20:39:30,507.64,4
TXN008998,CUST00785,PROD0086,2026-02-08 22:32:50,4178.79,5
TXN008999,CUST00263,PROD0095,2026-02-11 02:06:36,96.74,1
TXN009000,CUST00111,PROD0074,2026-02-14 23:14:46,164.55,2
TXN009001,CUST00427,PROD0069,2026-02-19 18:20:36,358865.33,9
TXN009002,CUST00155,PROD0059,2026-02-26 08:34:50,755.75,1
TXN002503,CUST00275,PROD0090,2026-02-16 12:59:31,1087.54,4
TXN009004,CUST00015,PROD0017,2026-02-14 04:30:05,127495.3,7
TXN009005,CUST00127,PROD0019,2026-01-31 11:33:58,864.73,
TXN009006,CUST00455,PROD0066,2026-02-21 11:49:57,175.25,2
TXN009007,CUST00458,PROD0006,2026-02-26 03:37:27,585.13,7
TXN009008,CUST00098,PROD0086,2026-02-03 16:32:46,-736.3,10
TXN009009,CUST00756,PROD0091,2026-02-05 18:05:31,443.42,2
TXN009010,CUST00457,PROD0032,2026-02-25 19:09:47,260.89,2
TXN009011,CUST00346,PROD0009,2026-02-25 23:48:20,1700.19,7
TXN009012,CUST00208,PROD0016,2026-02-25 09:28:35,256331.43,1
TXN009013,CUST00010,PROD0001,2026-02-20 13:48:55,936.58,8
TXN006970,CUST00349,PROD0013,2026-02-21 18:33:29,116.5,3
TXN009015,CUST00329,PROD0004,2026-02-06 19:02:16,20560.7,10
TXN009016,CUST00440,PROD0033,2026-02-25 12:17:52,167.06,1
TXN009017,CUST99002,PROD0084,2026-02-26 23:57:50,432.77,9
TXN009018,CUST00397,PROD0046,2026-02-02 08:08:10,21.3,1
TXN009019,CUST00909,PROD0084,2026-02-24 16:18:37,283.9,6
TXN009020,CUST00684,PROD0030,2026-02-17 19:06:45,490.3,3
TXN009021,CUST00542,PROD0056,2026-02-02 11:43:54,112767.94,3
TXN009022,CUST00143,PROD0096,2026-02-04 19:31:23,37.97,1
TXN005184,CUST00419,PROD0038,2026-02-11 12:29:31,1043.31,4
TXN009024,CUST00033,PROD0019,2026-02-27 17:05:12,573.71,2
TXN009025,CUST00945,PROD0068,2026-02-13 03:02:44,520.27,7
TXN009026,CUST00050,PROD0084,2026-02-14 15:52:26,145.29,3
TXN009027,CUST00771,PROD0045,2026-02-06 02:05:59,8444.57,4
TXN009028,CUST00295,PROD0027,2026-02-27 07:05:16,1302.18,8
TXN009029,CUST00769,PROD0058,2026-02-06 04:41:47,4086.96,10
TXN009030,CUST99001,PROD0011,2026-03-01 07:02:54,795.84,0
TXN002847,CUST00511,PROD0093,2026-02-21 04:44:47,,4
TXN009032,CUST00137,PROD0033,2026-02-27 21:11:30,815.75,5
TXN009033,CUST00604,PROD0079,2026-02-11 16:16:21,-50960.19,-1
TXN009034,CUST00819,PROD0055,2026-03-01 18:56:11,1220.87,5
TXN009035,CUST99001,PROD0048,2026-02-05 07:26:21,442.38,5
TXN009036,CUST00385,PROD0080,2026-02-15 23:26:18,1092.32,4
TXN009037,CUST00470,PROD0098,2026-02-16 21:04:06,920.67,5
TXN009038,CUST00685,PROD0037,2026-02-01 06:37:51,1170.32,9
TXN009039,CUST00196,PROD0047,2026-02-15 14:37:17,547.62,10
TXN009040,CUST00611,PROD9907,2026-02-27 06:46:37,550.64,8
TXN009041,CUST00416,PROD0011,2026-02-26 06:27:39,316.06,10
TXN009042,CUST00625,PROD0013,2026-02-06 11:49:22,264.53,6
TXN009043,CUST00773,PROD0066,2026-02-13 11:17:16,153.88,2
TXN009044,CUST00361,PROD0056,2026-02-05 09:22:31,117646.3,3
TXN009045,CUST00115,PROD0096,2026-02-28 02:00:46,107.56,3
TXN009046,CUST00200,PROD0029,2026-02-26 15:48:31,88.56,4
TXN009047,CUST00405,PROD0095,2026-02-13 22:35:05,299.81,3
TXN009048,CUST00394,PROD0010,2026-02-15 07:42:38,57.31,3
TXN009049,CUST00182,PROD0097,2026-02-02 03:05:31,1772.3,4
TXN009050,CUST00497,PROD0063,2026-02-05 18:44:04,3026.14,6
TXN009051,CUST00584,PROD0087,2026-02-21 22:04:52,141.73,6
TXN009052,CUST00044,PROD0015,2026-02-15 12:16:31,2143.46,8
TXN009053,CUST00968,PROD0010,2026-02-20 23:50:56,184.47,10
TXN009054,CUST00377,PROD0088,2026-02-22 05:59:28,1757.96,6
TXN009055,CUST00815,PROD0053,2026-02-11 01:25:33,13.87,1
TXN009056,CUST00639,PROD0025,2026-02-08 00:06:35,,3
TXN009057,CUST00549,PROD0033,2026-02-25 16:07:05,1392.17,8
TXN009058,CUST00465,PROD0035,2026-02-11 09:03:56,21314.7,9
TXN009059,CUST00658,PROD0036,2026-02-20 03:05:44,5111.34,10
TXN003819,CUST00741,PROD0092,2026-02-23 07:33:18,842.1,4
TXN009061,CUST00800,PROD0015,2026-02-01 08:54:05,1900.65,8
TXN009062,CUST00274,PROD0059,2026-02-14 14:29:29,5907.23,8
TXN009063,CUST00167,PROD0076,2026-02-26 02:39:35,73.96,3
TXN009064,CUST00863,PROD0080,2026-02-20 13:51:44,1597.83,6
TXN009065,CUST00057,PROD0083,2026-02-03 04:31:54,209.02,1
TXN009066,CUST00900,PROD0010,2026-02-16 23:46:55,84.11,4
TXN009067,CUST00496,PROD0081,2026-03-01 04:17:43,3214.57,5
TXN009068,CUST00671,PROD0092,2026-02-17 06:06:43,1486.6,7
TXN009069,CUST00900,PROD0011,2026-02-11 02:25:18,174.49,5
TXN009070,CUST00986,PROD0006,2026-02-17 10:55:52,381.09,5
TXN000455,CUST00221,PROD0004,2026-02-23 21:38:10,9165.16,5
TXN009072,CUST00401,PROD0080,2026-02-11 18:30:33,505.1,2
TXN009073,CUST00178,PROD0100,2026-02-13 23:26:58,36495.6,1
TXN009074,CUST00887,PROD0082,2026-02-08 17:32:18,6814.01,6
TXN009075,CUST00823,PROD0077,2026-02-13 19:52:23,163.74,8
TXN009076,CUST00643,PROD9908,2026-02-16 13:00:46,371.66,5
TXN009077,CUST00494,PROD0054,2026-02-09 03:07:10,9510.92,10
TXN009078,CUST00770,PROD0062,2026-02-12 18:34:11,5196.85,8
TXN009079,CUST00917,PROD0055,2026-02-13 02:31:16,1964.22,7
TXN009080,CUST00138,PROD0040,2026-02-19 05:59:19,565.77,5
TXN009081,CUST00689,PROD0041,2026-02-11 02:45:15,11900.6,7
TXN009082,CUST00096,PROD0013,2026-02-26 09:40:20,287.09,7
TXN009083,CUST00634,PROD0055,2026-02-23 10:03:11,748.2,3
TXN009084,CUST00657,PROD0009,2026-02-21 19:25:02,457.12,2
TXN009085,CUST99005,PROD0080,2026-02-02 08:04:46,971.72,4
TXN009086,CUST00595,PROD0026,2026-02-02 13:49:04,388.02,5
TXN009087,CUST00373,PROD0100,2026-02-03 08:22:13,112153.67,3
TXN009088,CUST00762,PROD0025,2026-02-06 20:19:59,389.16,9
TXN009089,CUST00077,PROD0018,2026-02-09 03:58:05,17857.35,7
TXN009090,CUST00481,PROD0025,2026-02-08 09:37:06,-216.67,-5
TXN009091,CUST00586,PROD0059,2026-02-04 04:27:56,6841.0,10
TXN009092,CUST00988,PROD0079,2026-02-22 03:02:01,512233.62,10
TXN009093,CUST00351,PROD0016,2026-02-12 02:15:14,202.02,3
TXN009094,CUST00317,PROD0023,2026-02-20 20:37:05,1127.66,5
TXN009095,CUST00653,PROD0021,2026-02-03 13:41:04,9934.63,4
TXN009096,CUST00964,PROD0053,2026-02-20 20:13:19,104.42,8
TXN009097,CUST00916,PROD0042,2026-02-09 04:45:09,1056.08,4
TXN009098,CUST00813,PROD0087,2026-02-22 00:47:07,179.85,8
TXN009099,CUST00902,PROD0030,2026-02-20 04:12:25,708.21,5
TXN009100,CUST00082,PROD0018,2026-02-22 10:53:53,7372.59,3
TXN009101,CUST00885,PROD0079,2026-02-05 19:46:03,387765.79,8
TXN009102,CUST00031,PROD0082,2026-02-16 18:59:41,1159.31,1
TXN009103,CUST00056,PROD9903,2026-03-01 06:46:05,976.77,4
TXN009104,CUST00178,PROD0088,2026-02-11 02:13:41,2661.0,9
TXN001334,CUST00374,PROD0037,2026-02-14 01:24:28,,-5
TXN009106,CUST00715,PROD0058,2026-02-22 15:21:43,422.17,1
TXN009107,CUST00248,PROD0049,2026-02-14 20:36:40,786.49,8
TXN009108,CUST00274,PROD0049,2026-02-15 18:57:17,634.46,6
TXN009109,CUST00658,PROD0037,2026-02-02 06:06:33,832.34,
TXN009110,CUST00597,PROD0056,2026-02-16 20:24:45,277604.53,8
TXN009111,CUST00047,PROD0027,2026-02-28 06:07:57,716.36,4
TXN009112,CUST00506,PROD0012,2026-02-13 09:34:12,224.51,8
TXN009113,CUST00411,PROD0025,2026-02-22 11:24:42,145.04,3
TXN009114,CUST00254,PROD0034,2026-02-28 18:07:07,,7
TXN009115,CUST00933,PROD0002,2026-01-31 19:37:25,42.53,4
TXN009116,CUST00508,PROD0078,2026-02-12 11:59:02,-798.01,1
TXN001026,CUST00119,PROD0030,2026-02-16 12:56:24,728.03,5
TXN009118,CUST00540,PROD0097,2026-02-16 07:24:26,3525.64,8
TXN009119,CUST00590,PROD0003,2026-02-20 06:27:45,1071.83,9
TXN009120,CUST00663,PROD0060,2026-02-13 13:55:48,113.01,4
TXN009121,CUST00862,PROD0085,2026-02-21 20:21:12,11430.52,7
TXN009122,CUST00885,PROD0027,2026-02-14 11:41:10,1490.16,8
TXN009123,CUST00007,PROD0100,2026-02-20 19:04:47,114141.33,3
TXN009124,CUST00501,PROD0042,2026-02-09 11:54:33,1917.28,8
TXN009125,CUST00076,PROD0020,2026-02-27 18:32:13,7979.88,7
TXN009126,CUST00512,PROD0065,2026-02-06 16:39:32,82076.65,4
TXN009127,CUST00641,PROD0068,2026-02-24 20:05:43,72.88,1
TXN009128,CUST00838,PROD0066,2026-02-06 23:10:23,497.89,6
TXN009129,CUST00605,PROD0007,2026-02-19 08:52:51,284742.45,-5
TXN009130,CUST00518,PROD0050,2026-02-22 12:06:28,2988.04,10
TXN009131,CUST00935,PROD0035,2026-02-10 06:39:48,11551.65,5
TXN009132,CUST00350,PROD0067,2026-02-01 09:17:48,,10
TXN009133,CUST00499,PROD0046,2026-02-25 13:42:30,82.52,4
TXN009134,CUST00638,PROD0064,2026-02-27 07:18:51,197.42,4
TXN009135,CUST00490,PROD0078,2026-02-03 16:16:11,285.29,6
TXN009136,CUST00934,PROD0078,2026-02-10 04:21:36,238.22,5
TXN009137,CUST00853,PROD0012,2026-02-06 06:36:14,82.35,3
TXN009138,CUST00507,PROD0042,2026-02-20 13:44:12,2385.41,10
TXN009139,CUST00051,PROD0016,2026-02-26 06:15:31,575.0,10
TXN009140,CUST00106,PROD0078,2026-02-06 02:09:03,,10
TXN009141,CUST00229,PROD0045,2026-02-02 18:58:29,14782.33,7
TXN009142,CUST00321,PROD0027,2026-02-01 18:27:13,1341.84,8
TXN009143,CUST00687,PROD0055,2026-02-23 13:07:40,291.08,1
TXN009144,CUST00650,PROD0081,2026-02-12 05:56:16,5887.18,10
TXN009145,CUST00568,PROD0038,2026-02-14 09:56:07,2373.87,9
TXN009146,CUST00101,PROD0072,2026-02-01 08:11:43,1523.96,8
TXN009147,CUST00460,PROD0027,2026-02-24 00:39:50,177.59,1
TXN009148,CUST00127,PROD0069,2026-02-09 11:58:02,155547.84,4
TXN009149,CUST00505,PROD0026,2026-02-15 01:24:33,93.51,1
TXN009150,CUST00210,PROD0012,2026-02-23 06:40:08,235.66,9
TXN009151,CUST00767,PROD0048,2026-02-06 20:15:21,409.8,5
TXN001617,CUST00670,PROD0054,2026-02-25 22:11:42,1920.63,2
TXN009153,CUST00829,PROD0009,2026-03-01 15:03:37,1777.24,8
TXN009154,CUST00678,PROD0011,2026-02-12 14:43:42,256.3,7
TXN009155,CUST00700,PROD0009,2026-02-28 05:40:44,1099.88,5
TXN009156,CUST00798,PROD0066,2026-02-14 23:03:29,719.61,8
TXN009157,CUST00970,PROD0014,2026-02-15 01:49:28,1436.04,6
TXN009158,CUST00753,PROD0058,2026-02-15 12:23:16,895.99,2
TXN009159,CUST00359,PROD0024,2026-02-07 15:43:36,4808.77,10
TXN009160,CUST00688,PROD0088,2026-02-18 11:27:52,1270.66,4
TXN009161,CUST00940,PROD0002,2026-02-01 19:45:25,47.66,4
TXN009162,CUST00807,PROD0014,2026-02-27 10:23:26,441.23,2
TXN009163,CUST00018,PROD0031,2026-02-03 06:43:31,97.07,1
TXN009164,CUST00072,PROD0004,2026-02-08 10:26:42,6096.79,3
TXN009165,CUST00798,PROD0059,2026-03-01 12:29:59,,1
TXN009166,CUST00696,PROD0086,2026-02-04 21:01:47,4700.91,5
TXN009167,CUST00321,PROD0017,2026-02-24 20:06:55,54424.97,3
TXN009168,CUST00424,PROD0077,2026-02-21 14:01:14,856.29,3
TXN009169,CUST00611,PROD0003,2026-02-11 16:21:47,618.69,5
TXN009170,CUST00797,PROD0036,2026-03-01 09:38:48,2541.12,5
TXN009171,CUST00512,PROD0038,2026-02-21 11:11:35,2270.01,9
TXN009172,CUST00459,PROD0064,2026-02-27 20:57:13,421202.54,2
TXN009173,CUST00640,PROD0049,2026-02-22 13:28:30,335.23,3
TXN009174,CUST00902,PROD0067,2026-02-23 00:57:41,-42.49,9
TXN009175,CUST00610,PROD0015,2026-02-23 22:12:29,2620.04,10
TXN009176,CUST99001,PROD9907,2026-02-13 14:00:18,621.79,9
TXN009177,CUST00196,PROD0026,2026-02-12 15:17:27,806.52,10
TXN009178,CUST00378,PROD0099,2026-02-05 04:21:26,798.15,5
TXN009179,CUST00611,PROD0036,2026-02-14 01:48:53,5145.1,10
TXN009180,CUST00907,PROD0039,2026-02-05 14:59:33,486.71,5
TXN009181,CUST00769,PROD0030,2026-03-01 23:46:45,1151.09,7
TXN009182,CUST00122,PROD0099,2026-02-03 13:30:22,1635.52,10
TXN009183,CUST00643,PROD0056,2026-01-31 21:47:03,311753.88,8
TXN009184,CUST00320,PROD0053,2026-02-25 19:38:33,27.34,2
TXN009185,CUST00392,PROD0019,2026-02-20 06:38:58,594.88,6
TXN009186,CUST00687,PROD0063,2026-02-15 10:20:53,5096.78,10
TXN009187,CUST00400,PROD0066,2026-02-22 07:01:57,789.93,10
TXN009188,CUST00063,PROD0073,2026-02-27 20:44:56,17692.06,8
TXN009189,CUST00517,PROD0088,2026-02-06 18:47:14,-333.7,-1
TXN009190,CUST00509,PROD0093,2026-02-09 02:44:20,3086.06,6
TXN009191,CUST00985,PROD0021,2026-01-31 01:11:31,7958.36,3
TXN009192,CUST00255,PROD0059,2026-02-03 00:34:26,6444.07,9
TXN009193,CUST00933,PROD0041,2026-02-12 17:54:48,13112.04,7
TXN009194,CUST00371,PROD0041,2026-02-10 10:20:48,14453.8,8
TXN009195,CUST00689,PROD0058,2026-02-11 20:14:46,3538.47,8
TXN009196,CUST00470,PROD0038,2026-02-05 07:42:48,2019.25,8
TXN009197,CUST00418,PROD0062,2026-02-15 02:49:36,1321.74,2
TXN009198,CUST00860,PROD0051,2026-02-14 11:25:42,946.14,6
TXN009199,CUST00334,PROD0067,2026-01-31 15:32:30,1003.01,8
TXN009200,CUST00504,PROD0096,2026-02-22 15:43:55,205.32,6
TXN009201,CUST00098,PROD0093,2026-02-14 01:43:18,2194.08,5
TXN009202,CUST00111,PROD0066,2026-02-27 11:38:04,80.94,1
TXN009203,CUST00122,PROD0009,2026-02-15 04:02:11,1767.22,8
TXN009204,CUST00294,PROD0047,2026-02-28 07:40:32,325.29,6
TXN009205,CUST00285,PROD0026,2026-02-18 15:03:20,905.95,10
TXN009206,CUST00761,PROD0061,2026-02-04 23:11:37,788.25,1
TXN008942,CUST00562,PROD0089,2026-02-11 00:46:53,1026.92,4
TXN009208,CUST00484,PROD0055,2026-02-22 00:07:18,533.62,2
TXN009209,CUST00646,PROD0034,2026-02-06 19:21:17,284.13,
TXN003725,CUST00944,PROD0035,2026-02-20 20:07:00,15018.05,6
TXN009211,CUST00523,PROD0049,2026-02-01 01:28:23,799.85,8
TXN009212,CUST00064,PROD0055,2026-02-12 21:56:03,1283.64,5
TXN009213,CUST00537,PROD0019,2026-02-15 11:49:54,260.44,9
TXN009214,CUST00484,PROD0049,2026-02-12 17:48:55,398.49,4
TXN009215,CUST00661,PROD0059,2026-02-18 05:42:03,3290.47,5
TXN009216,CUST00735,PROD0093,2026-02-13 15:41:54,4768.05,10
TXN009217,CUST00140,PROD0100,2026-02-20 02:52:49,68904.75,2
TXN009218,CUST00355,PROD0027,2026-02-13 18:39:00,1118.4,6
TXN009219,CUST00209,PROD0071,2026-02-07 18:49:19,16447.21,8
TXN009220,CUST00960,PROD0035,2026-02-09 11:56:47,9331.49,4
TXN009221,CUST00138,PROD0098,2026-01-31 16:42:03,1068.8,6
TXN009222,CUST00616,PROD0041,2026-02-18 05:42:39,1732.61,1
TXN009223,CUST00335,PROD0019,2026-02-02 14:14:51,373.78,1
TXN009224,CUST00610,PROD0098,2026-02-26 17:08:00,750.04,4
TXN009225,CUST00285,PROD0055,2026-02-10 11:29:20,1572.26,6
TXN009226,CUST00044,PROD0069,2026-02-19 07:46:33,282925.49,8
TXN009227,CUST00831,PROD0092,2026-02-18 05:29:38,2159.28,10
TXN000894,CUST00387,PROD0063,2026-02-18 09:12:51,2671.42,6
TXN009229,CUST00897,PROD0070,2026-02-02 17:15:15,213.76,8
TXN009230,CUST00602,PROD0100,2026-02-14 17:06:51,189453.88,5
TXN009231,CUST00867,PROD0004,2026-02-01 12:51:06,,3
TXN009232,CUST00546,PROD0033,2026-02-04 04:29:52,1441.81,9
TXN009233,CUST00905,PROD0088,2026-02-24 07:34:42,-940.61,2
TXN009234,CUST00050,PROD0081,2026-02-28 11:13:51,4437.61,7
TXN009235,CUST00077,PROD0045,2026-02-09 04:54:09,11394.82,6
TXN009236,CUST00098,PROD0086,2026-01-31 03:14:20,8491.2,9
TXN009237,CUST00049,PROD0013,2026-02-05 18:25:16,271.62,6
TXN009238,CUST00829,PROD0026,2026-02-07 15:21:18,735.36,9
TXN009239,CUST00849,PROD0039,2026-02-16 16:09:38,351.06,7
TXN009240,CUST00992,PROD0093,2026-01-31 20:06:11,4011.73,8
TXN009241,CUST00021,PROD0052,2026-02-02 08:41:03,2216.77,6
TXN009242,CUST00005,PROD0073,2026-02-08 17:57:44,22345.53,10
TXN009243,CUST00748,PROD0024,2026-02-07 21:18:12,1892.69,4
TXN009244,CUST00269,PROD0013,2026-02-02 21:26:53,268.43,7
TXN009245,CUST00823,PROD0019,2026-02-19 06:41:07,,5
TXN009246,CUST00126,PROD0065,2026-02-14 04:39:09,132659.68,7
TXN009247,CUST00517,PROD0040,2026-02-25 05:15:07,973.19,10
TXN009248,CUST00686,PROD0078,2026-02-07 22:28:12,162.71,4
TXN009249,CUST00449,PROD0098,2026-02-26 01:45:19,1697.82,8
TXN009250,CUST00093,PROD0045,2026-02-27 19:04:14,12346.37,7
TXN009251,CUST00890,PROD0037,2026-02-28 20:25:16,1138.99,8
TXN009252,CUST00832,PROD0012,2026-02-01 05:21:05,257.61,9
TXN009253,CUST00525,PROD0070,2026-02-10 20:43:50,251.38,9
TXN009254,CUST00463,PROD0013,2026-02-04 12:30:29,39.11,1
TXN009255,CUST99001,PROD0026,2026-02-08 17:13:39,431.78,5
TXN009256,CUST00963,PROD0061,2026-02-26 08:09:59,5369.13,6
TXN009257,CUST00394,PROD0072,2026-02-13 12:34:01,397.41,2
TXN009258,CUST00408,PROD0009,2026-02-24 08:21:47,1913.6,9
TXN009259,CUST00473,PROD0048,2026-02-17 07:49:08,885.78,10
TXN009260,CUST00115,PROD0017,2026-02-06 05:17:09,199663.35,10
TXN009261,CUST00278,PROD0022,2026-02-08 16:47:18,-338.66,1
TXN009262,CUST00276,PROD0049,2026-02-03 07:27:33,301.39,3
TXN009263,CUST00990,PROD0044,2026-02-22 22:52:33,6632.78,5
TXN009264,CUST00070,PROD0066,2026-02-27 00:23:46,,10
TXN009265,CUST00594,PROD0062,2026-02-10 18:59:34,6047.48,9
TXN009266,CUST00513,PROD0100,2026-02-21 05:49:40,-314.45,10
TXN009267,CUST00209,PROD0073,2026-02-28 01:56:41,4942.75,2
TXN005573,CUST00623,PROD0065,2026-02-04 03:25:53,99829.6,5
TXN009269,CUST00036,PROD0095,2026-02-01 09:49:58,887.02,9
TXN009270,CUST00324,PROD0005,2026-02-13 21:13:21,75613.96,2
TXN009271,CUST00530,PROD0034,2026-02-12 08:00:52,,7
TXN009272,CUST00183,PROD0081,2026-02-13 23:38:43,1913.27,3
TXN009273,CUST00404,PROD0054,2026-02-20 08:12:07,10365.19,9
TXN009274,CUST00397,PROD0049,2026-02-17 21:26:17,742.3,7
TXN009275,CUST00812,PROD0083,2026-02-05 07:31:50,1137.71,5
TXN009276,CUST00964,PROD0045,2026-02-10 12:51:47,15797.78,8
TXN009277,CUST00620,PROD0023,2026-02-12 01:37:32,863.37,4
TXN009278,CUST00021,PROD0021,2026-02-04 06:02:51,408433.58,4
TXN009279,CUST00254,PROD0022,2026-02-02 23:02:02,195.57,5
TXN009280,CUST00717,PROD0083,2026-02-23 18:11:10,636.03,3
TXN009281,CUST00876,PROD0036,2026-02-27 06:20:09,3411.9,7
TXN009282,CUST00100,PROD0099,2026-02-08 11:24:35,347.26,2
TXN009283,CUST00748,PROD0039,2026-02-22 19:39:28,446.75,10
TXN009284,CUST00209,PROD0097,2026-02-03 15:05:17,451601.3,8
TXN009285,CUST00559,PROD0095,2026-02-14 01:55:19,,2
TXN009286,CUST00932,PROD0023,2026-02-02 02:31:28,1560.55,7
TXN009287,CUST00496,PROD0025,2026-02-03 18:28:01,177.23,4
TXN009288,CUST00050,PROD0015,2026-02-04 11:13:27,,10
TXN009289,CUST00634,PROD0047,2026-02-20 05:20:46,449.13,9
TXN009290,CUST00711,PROD0076,2026-02-25 18:39:24,51.92,2
TXN009291,CUST00944,PROD0049,2026-01-31 20:09:17,659.14,6
TXN009292,CUST00035,PROD0066,2026-02-19 16:40:43,249.24,3
TXN009293,CUST00320,PROD0023,2026-02-27 12:22:12,823.93,4
TXN009294,CUST00251,PROD0061,2026-02-28 06:02:52,3816.87,4
TXN009295,CUST00729,PROD0096,2026-02-25 23:05:53,358159.22,5
TXN009296,CUST00691,PROD9905,2026-02-17 23:11:42,-380.21,7
TXN009297,CUST00822,PROD0035,2026-03-01 13:52:48,15154.35,6
TXN009298,CUST00140,PROD0059,2026-02-02 23:57:06,3848.8,6
TXN009299,CUST00650,PROD9903,2026-02-22 04:38:23,519.95,3
TXN009300,CUST00352,PROD0078,2026-02-25 11:03:54,434.45,10
TXN009301,CUST00458,PROD0079,2026-02-24 14:08:23,-388.86,4
TXN009302,CUST00710,PROD0003,2026-02-24 16:00:38,895.79,7
TXN009303,CUST00056,PROD0025,2026-02-27 22:21:55,81.57,2
TXN009304,CUST00903,PROD0054,2026-02-14 19:42:43,9149.1,8
TXN009305,CUST00666,PROD0073,2026-03-01 22:27:09,2412.32,1
TXN009306,CUST00661,PROD0060,2026-02-24 14:40:03,209.58,8
TXN009307,CUST00638,PROD0002,2026-03-01 17:37:51,240879.74,0
TXN009308,CUST00823,PROD0089,2026-02-23 20:51:24,1525.77,6
TXN000300,CUST00991,PROD0013,2026-02-11 10:07:20,83.5,2
TXN009310,CUST00420,PROD0095,2026-02-12 18:22:51,274.13,3
TXN009311,CUST00080,PROD0051,2026-02-08 11:17:14,699.79,5
TXN009312,CUST00061,PROD0076,2026-02-23 08:49:08,95.8,4
TXN009313,CUST00442,PROD0030,2026-02-01 21:23:44,573.4,4
TXN009314,CUST00341,PROD0045,2026-02-01 16:28:28,2123.74,1
TXN009315,CUST00943,PROD0018,2026-02-24 11:48:43,16237.07,6
TXN009316,CUST00810,PROD0049,2026-02-17 19:45:52,235.42,2
TXN005770,CUST00886,PROD0060,2026-02-21 12:20:55,275.23,9
TXN009318,CUST00864,PROD0074,2026-02-01 06:17:37,228.79,3
TXN009319,CUST00311,PROD0037,2026-02-11 06:20:49,137188.5,3
TXN009320,CUST00827,PROD0057,2026-02-11 06:22:51,1678.37,10
TXN009321,CUST00001,PROD0100,2026-02-20 19:07:11,361852.03,3
TXN009322,CUST00253,PROD0076,2026-02-15 18:53:51,71.49,3
TXN009323,CUST00520,PROD0018,2026-02-09 16:02:27,,3
TXN009324,CUST00851,PROD0020,2026-02-25 03:17:39,6618.45,5
TXN009325,CUST00129,PROD9907,2026-02-12 12:33:30,429079.85,3
TXN009326,CUST00645,PROD0044,2026-02-27 19:35:08,9290.38,7
TXN009327,CUST00155,PROD0008,2026-01-31 06:10:20,639.1,3
TXN009328,CUST00858,PROD0084,2026-02-04 19:57:58,522.15,10
TXN009329,CUST00732,PROD0006,2026-02-24 10:26:08,240.78,3
TXN009330,CUST00386,PROD0041,2026-02-13 02:31:18,4972.39,3
TXN009331,CUST00392,PROD0040,2026-02-21 23:46:31,395.11,4
TXN009332,CUST00259,PROD0010,2026-02-20 06:35:31,75.37,4
TXN009333,CUST00798,PROD0043,2026-02-14 09:40:40,972.04,10
TXN009334,CUST00258,PROD0011,2026-02-11 01:38:13,,4
TXN009335,CUST00042,PROD0010,2026-02-26 05:34:57,198.91,10
TXN009336,CUST00444,PROD0037,2026-02-15 04:02:57,1006.78,8
TXN009337,CUST00388,PROD0061,2026-02-20 04:12:50,8270.18,9
TXN009338,CUST00323,PROD0073,2026-02-04 09:09:49,20594.27,9
TXN009339,CUST00701,PROD0001,2026-02-08 14:05:19,1066.34,8
TXN009340,CUST00717,PROD0037,2026-02-27 22:35:04,1080.38,8
TXN008667,CUST00052,PROD0023,2026-02-18 15:21:14,1534.15,7
TXN009342,CUST00423,PROD0020,2026-02-26 19:01:56,2471.02,2
TXN009343,CUST00238,PROD0051,2026-02-07 00:42:45,1493.63,10
TXN009344,CUST00640,PROD0070,2026-02-19 15:59:16,31.77,1
TXN009345,CUST00452,PROD0063,2026-02-18 11:58:01,1026.03,2
TXN009346,CUST00311,PROD0019,2026-02-15 16:18:35,359.31,3
TXN009347,CUST00233,PROD0094,2026-02-07 19:36:28,9496.92,10
TXN009348,CUST00141,PROD0048,2026-02-05 18:16:39,713.84,8
TXN009349,CUST99009,PROD0044,2026-02-23 04:19:47,7548.08,5
TXN009350,CUST00146,PROD0082,2026-02-10 23:26:10,9663.07,8
TXN009351,CUST00082,PROD0082,2026-02-05 02:46:23,11109.47,9
TXN009352,CUST00772,PROD0051,2026-02-23 21:31:52,425.44,3
TXN009353,CUST00678,PROD9902,2026-02-23 08:08:19,606.87,3
TXN009354,CUST00297,PROD0004,2026-02-27 08:56:46,5935.33,3
TXN009355,CUST00016,PROD0041,2026-02-10 22:35:48,3338.84,2
TXN009356,CUST00546,PROD0035,2026-02-17 20:04:34,6904.66,3
TXN009357,CUST00473,PROD0077,2026-02-21 05:50:59,366.14,1
TXN009358,CUST00875,PROD0005,2026-02-16 11:14:43,79513.62,2
TXN009359,CUST00507,PROD0066,2026-02-10 22:18:22,91.75,1
TXN009360,CUST00453,PROD0002,2026-02-23 09:52:04,56.87,5
TXN009361,CUST00620,PROD0054,2026-02-26 18:25:30,5985.46,6
TXN009362,CUST00706,PROD0079,2026-02-03 03:17:14,429302.42,9
TXN006316,CUST00516,PROD0024,2026-02-20 23:16:12,472.42,1
TXN009364,CUST00446,PROD0056,2026-02-09 17:51:56,65673.77,2
TXN009365,CUST00265,PROD0016,2026-02-19 13:28:15,626.08,9
TXN009366,CUST00210,PROD0007,2026-02-14 09:46:24,228.87,10
TXN009367,CUST00133,PROD0020,2026-02-26 08:25:26,2639.77,2
TXN009368,CUST00748,PROD0023,2026-02-16 02:22:40,403819.92,7
TXN009369,CUST00268,PROD0081,2026-03-01 18:49:42,564.49,1
TXN009370,CUST00192,PROD0087,2026-02-09 22:48:56,241.57,10
TXN009371,CUST00180,PROD0092,2026-02-28 13:35:19,1529.09,7
TXN009372,CUST00491,PROD0070,2026-02-28 11:44:13,110.96,4
TXN009373,CUST00336,PROD0044,2026-02-13 00:25:20,12235.21,8
TXN009374,CUST00844,PROD0016,2026-02-06 12:27:45,63.32,1
TXN009375,CUST00033,PROD0093,2026-02-15 04:17:05,1411.42,3
TXN009376,CUST00264,PROD0023,2026-02-04 10:33:56,377.03,2
TXN009377,CUST00960,PROD0062,2026-02-02 05:02:23,5668.1,10
TXN009378,CUST00986,PROD0049,2026-01-31 03:05:55,800.54,7
TXN009379,CUST00901,PROD0072,2026-02-05 08:31:57,417.18,2
TXN009380,CUST00023,PROD0069,2026-02-05 20:35:59,246849.27,6
TXN009381,CUST00540,PROD0039,2026-02-16 11:44:35,-395.15,5
TXN009382,CUST00703,PROD0051,2026-02-07 05:34:33,474.2,3
TXN009383,CUST00319,PROD0082,2026-02-08 19:03:53,10285.23,9
TXN009384,CUST00170,PROD0072,2026-02-15 01:05:05,2034.06,10
TXN009385,CUST00591,PROD0036,2026-02-28 17:16:57,1926.11,4
TXN009386,CUST00163,PROD0087,2026-02-13 03:32:28,44.12,2
TXN009387,CUST00946,PROD0065,2026-02-26 01:58:46,-521.28,5
TXN009388,CUST00533,PROD0022,2026-02-21 12:49:49,77.54,2
TXN009389,CUST00203,PROD0023,2026-02-28 21:45:30,443.42,2
TXN009390,CUST00273,PROD0088,2026-02-07 17:43:57,150042.1,3
TXN009391,CUST00413,PROD0018,2026-02-02 15:20:15,4822.04,2
TXN009392,CUST00814,PROD0047,2026-02-18 23:01:43,452.92,8
TXN009393,CUST00996,PROD0019,2026-02-27 09:18:23,990.33,10
TXN009394,CUST00082,PROD0001,2026-02-20 18:51:47,1180.69,9
TXN009395,CUST00166,PROD0045,2026-02-25 11:14:04,17862.35,9
TXN009396,CUST00171,PROD0071,2026-02-06 22:05:11,15503.37,7
TXN009397,CUST00923,PROD0078,2026-02-07 05:54:00,92.81,2
TXN009398,CUST00506,PROD0041,2026-02-10 17:16:07,55.66,0
TXN009399,CUST00544,PROD0050,2026-02-06 12:42:27,336230.11,4
TXN009400,CUST00386,PROD0021,2026-02-14 10:14:32,11947.86,4
TXN009401,CUST00400,PROD0086,2026-02-09 18:52:27,9416.35,10
TXN007360,CUST00129,PROD0049,2026-02-17 22:54:00,1023.7,9
TXN009403,CUST00565,PROD0082,2026-02-04 00:19:16,13121.36,10
TXN009404,CUST00077,PROD0035,2026-02-25 10:55:25,4424.04,2
TXN009405,CUST00398,PROD0063,2026-02-05 08:43:52,2385.66,5
TXN009406,CUST00249,PROD0059,2026-02-07 10:02:40,739.14,1
TXN008736,CUST00342,PROD0081,2026-02-24 22:27:39,2593.68,4
TXN009408,CUST00019,PROD0050,2026-02-03 11:52:02,359482.61,5
TXN009409,CUST00671,PROD0051,2026-02-20 09:41:33,1223.37,9
TXN009410,CUST00731,PROD0023,2026-02-18 02:37:06,1481.86,7
TXN009411,CUST00283,PROD0023,2026-02-23 16:42:09,,4
TXN009412,CUST00229,PROD0029,2026-02-10 04:18:24,228.12,10
TXN009413,CUST00825,PROD0043,2026-02-04 23:34:32,323694.87,1
TXN009414,CUST00956,PROD9907,2026-02-04 02:15:44,698.15,2
TXN009415,CUST00585,PROD0005,2026-03-01 15:04:37,266029.63,7
TXN009416,CUST00567,PROD0052,2026-02-16 21:43:44,3230.73,10
TXN009417,CUST00260,PROD0024,2026-02-09 11:26:36,2658.54,5
TXN009418,CUST00909,PROD0084,2026-02-13 00:03:06,381.71,8
TXN009419,CUST00478,PROD0046,2026-03-01 16:52:19,21.53,1
TXN009420,CUST00954,PROD0005,2026-02-10 20:14:41,273743.43,7
TXN009421,CUST00153,PROD0083,2026-02-01 06:47:58,960.37,4
TXN009422,CUST00292,PROD0036,2026-02-14 20:45:09,-0.59,7
TXN009423,CUST00357,PROD0005,2026-02-25 16:23:13,78120.23,2
TXN009424,CUST00174,PROD0065,2026-02-18 01:18:50,122460.96,7
TXN009425,CUST00539,PROD0016,2026-02-18 12:59:14,331.48,5
TXN001034,CUST00245,PROD0061,2026-02-12 04:44:49,1781.26,2
TXN009427,CUST00120,PROD0007,2026-02-18 18:57:00,182.4,8
TXN009428,CUST00744,PROD0051,2026-02-01 13:28:13,1522.24,10
TXN009429,CUST99007,PROD0038,2026-02-07 21:04:25,2890.05,10
TXN009430,CUST00948,PROD0059,2026-02-21 19:44:42,6062.85,8
TXN009431,CUST00807,PROD0081,2026-02-20 22:12:25,4564.07,8
TXN009432,CUST00554,PROD0004,2026-02-10 02:18:46,17320.35,9
TXN009433,CUST00521,PROD0007,2026-03-01 00:08:28,118.6,5
TXN009434,CUST00548,PROD0082,2026-02-09 17:16:59,9601.52,7
TXN009435,CUST00337,PROD0016,2026-02-06 18:20:21,353.43,6
TXN009436,CUST00949,PROD0071,2026-02-28 22:28:06,,4
TXN009437,CUST00170,PROD0078,2026-02-09 13:58:10,,3
TXN009438,CUST00028,PROD0088,2026-02-09 00:20:21,2360.55,7
TXN009439,CUST00005,PROD0092,2026-02-05 07:49:22,1630.95,8
TXN009440,CUST00672,PROD0099,2026-02-20 22:03:22,1536.6,9
TXN009441,CUST00531,PROD0031,2026-02-01 10:56:51,585.98,6
TXN009442,CUST00606,PROD0059,2026-02-14 05:53:15,4454.07,7
TXN009443,CUST00275,PROD0057,2026-02-04 22:02:01,956.72,6
TXN009444,CUST00955,PROD0048,2026-02-09 18:49:26,88.61,1
TXN009445,CUST00331,PROD0069,2026-02-15 14:10:08,350838.71,9
TXN008430,CUST00991,PROD0049,2026-02-21 16:30:41,630.55,6
TXN009447,CUST00506,PROD0099,2026-02-08 20:42:00,639.4,4
TXN009448,CUST00223,PROD0068,2026-02-26 07:00:39,152.87,2
TXN009449,CUST00219,PROD9909,2026-02-02 02:10:43,484.71,7
TXN009450,CUST00771,PROD0033,2026-02-18 07:21:38,991.08,6
TXN009451,CUST00151,PROD0090,2026-02-03 12:05:31,2319.61,9
TXN001519,CUST00475,PROD0055,2026-02-06 23:25:29,1173.92,4
TXN009453,CUST00197,PROD0019,2026-02-17 15:00:51,568.39,6
TXN001142,CUST00201,PROD0043,2026-02-20 17:33:12,631.24,6
TXN009455,CUST00539,PROD0057,2026-02-07 17:29:04,897.45,6
TXN009456,CUST99000,PROD0003,2026-03-01 21:53:52,675.44,5
TXN009457,CUST00053,PROD0043,2026-02-25 20:12:09,667.29,6
TXN009458,CUST00413,PROD0008,2026-02-01 03:38:48,448.87,2
TXN009459,CUST00159,PROD0098,2026-02-27 04:28:20,1613.27,8
TXN009460,CUST00452,PROD0089,2026-02-14 01:55:25,1809.75,7
TXN009461,CUST00739,PROD0077,2026-02-21 06:13:34,889.61,6
TXN009462,CUST00335,PROD0077,2026-02-16 10:40:53,718.53,5
TXN009463,CUST00039,PROD0002,2026-02-21 13:55:28,83.09,8
TXN009464,CUST00208,PROD0086,2026-02-12 07:18:53,4408.76,5
TXN009465,CUST00199,PROD0068,2026-01-31 17:33:04,305.33,4
TXN009466,CUST00770,PROD0035,2026-02-18 09:13:06,15677.36,7
TXN009467,CUST00473,PROD0081,2026-02-14 12:44:11,5934.95,9
TXN009468,CUST00510,PROD0047,2026-02-20 04:10:08,167.14,3
TXN009469,CUST00490,PROD0089,2026-02-07 06:10:08,1603.14,6
TXN009470,CUST00659,PROD0064,2026-02-01 14:37:50,866.68,4
TXN009471,CUST00961,PROD0005,2026-02-11 09:50:43,340658.89,8
TXN009472,CUST00945,PROD0079,2026-02-12 05:39:15,134429.19,3
TXN009473,CUST00989,PROD0013,2026-03-01 04:50:28,368.04,9
TXN009474,CUST00430,PROD0049,2026-02-10 12:27:08,115.41,1
TXN009475,CUST00676,PROD0068,2026-02-15 17:57:26,633.79,8
TXN009476,CUST00032,PROD0061,2026-02-24 06:30:41,8911.62,10
TXN009477,CUST00437,PROD0021,2026-02-01 20:20:54,-219.68,3
TXN009478,CUST00599,PROD0003,2026-02-05 10:47:21,619.17,5
TXN009479,CUST00531,PROD0040,2026-02-25 14:39:07,451.86,4
TXN009480,CUST00254,PROD0056,2026-01-31 00:45:34,279545.76,7
TXN009481,CUST00015,PROD0042,2026-02-12 21:53:14,254.82,1
TXN009482,CUST00489,PROD0032,2026-02-08 21:55:56,484.94,4
TXN009483,CUST00784,PROD0095,2026-02-21 16:31:17,190.17,2
TXN009484,CUST00763,PROD0026,2026-02-07 05:24:20,339.38,4
TXN008725,CUST00177,PROD0064,2026-02-02 05:46:11,255.29,3
TXN009486,CUST00429,PROD0079,2026-02-10 21:37:01,369209.34,8
TXN009487,CUST00719,PROD0030,2026-02-08 08:47:34,1716.07,10
TXN009488,CUST00809,PROD0097,2026-02-24 16:23:00,,7
TXN009489,CUST00245,PROD0007,2026-02-19 06:11:09,192.65,8
TXN006463,CUST00794,PROD0057,2026-02-23 06:19:38,316.81,2
TXN009491,CUST00274,PROD0068,2026-02-14 00:10:44,496.25,7
TXN004882,CUST00719,PROD0078,2026-02-17 02:18:40,224.26,5
TXN009493,CUST00302,PROD0079,2026-02-04 05:44:01,139900.09,3
TXN009494,CUST00211,PROD0042,2026-01-31 16:18:23,1295.44,5
TXN009495,CUST00151,PROD0057,2026-02-05 17:33:31,1074.26,7
TXN009496,CUST00235,PROD0079,2026-02-22 01:27:45,388345.99,8
TXN009497,CUST00811,PROD0083,2026-02-26 22:01:46,603.39,3
TXN009498,CUST00215,PROD0042,2026-02-15 21:33:51,253.47,1
TXN009499,CUST00377,PROD0094,2026-02-02 09:01:36,25.16,0
TXN009500,CUST00243,PROD0072,2026-02-28 15:57:50,1929.7,9
TXN000844,CUST00155,PROD0032,2026-02-27 13:14:16,1376.68,10
TXN009502,CUST00891,PROD0016,2026-02-13 11:29:40,337.48,5
TXN009503,CUST00739,PROD0093,2026-02-13 08:05:08,473.87,1
TXN009504,CUST00321,PROD9909,2026-02-04 02:40:17,112.25,3
TXN009505,CUST00436,PROD0032,2026-02-19 03:23:15,1418.11,10
TXN009506,CUST00659,PROD0065,2026-02-09 05:29:59,165534.1,9
TXN009507,CUST99004,PROD0038,2026-02-08 11:04:50,1329.08,5
TXN009508,CUST00481,PROD0066,2026-02-26 22:16:38,687.16,8
TXN009509,CUST00515,PROD0053,2026-02-02 12:15:27,89.16,7
TXN009510,CUST00988,PROD0071,2026-02-14 20:15:30,,6
TXN009511,CUST00508,PROD0071,2026-02-24 02:28:18,7867.79,4
TXN009512,CUST00367,PROD0069,2026-02-27 09:34:54,36613.37,1
TXN009513,CUST00423,PROD0005,2026-02-17 05:00:05,177957.31,4
TXN009514,CUST00697,PROD0037,2026-02-01 18:15:51,570.3,4
TXN009515,CUST00676,PROD0026,2026-02-20 07:43:03,251.73,0
TXN009516,CUST00047,PROD0062,2026-02-27 13:34:51,3926.74,6
TXN009517,CUST00090,PROD0091,2026-02-21 09:41:40,,6
TXN009518,CUST00924,PROD0047,2026-02-08 20:43:46,265.15,5
TXN009519,CUST00726,PROD0059,2026-02-28 01:53:24,5254.23,7
TXN009520,CUST00254,PROD9906,2026-02-20 12:28:35,292.33,9
TXN009521,CUST00972,PROD0066,2026-02-17 13:49:46,622.93,8
TXN009522,CUST00119,PROD0061,2026-02-15 19:42:45,3671.95,4
TXN009523,CUST00913,PROD0042,2026-02-23 06:44:10,2601.44,10
TXN009524,CUST00056,PROD0070,2026-02-19 04:22:56,52.86,2
TXN009525,CUST00490,PROD0025,2026-02-22 04:58:15,372.27,9
TXN009526,CUST00146,PROD9900,2026-02-21 19:43:52,279.4,3
TXN009527,CUST00204,PROD0092,2026-02-12 01:57:20,2159.26,10
TXN009528,CUST00075,PROD0007,2026-02-11 01:55:34,42.6,2
TXN009529,CUST00341,PROD0033,2026-02-08 06:04:56,1251.95,7
TXN009530,CUST00859,PROD0013,2026-02-26 20:10:15,304.24,8
TXN009531,CUST00033,PROD0058,2026-02-05 19:54:49,786.97,2
TXN009532,CUST00075,PROD0045,2026-02-05 00:30:18,1780.21,1
TXN009533,CUST00133,PROD0055,2026-02-07 19:24:15,-1272.35,-5
TXN009534,CUST00720,PROD0061,2026-02-19 12:48:24,3700.38,4
TXN009535,CUST00243,PROD0052,2026-02-28 01:13:17,3291.75,10
TXN009536,CUST00947,PROD0057,2026-02-18 05:39:34,1549.1,10
TXN009537,CUST00903,PROD0024,2026-02-13 17:28:00,1957.95,4
TXN009538,CUST00743,PROD0078,2026-02-20 13:39:27,162.56,4
TXN009539,CUST00989,PROD0035,2026-02-09 09:02:15,19851.84,9
TXN009540,CUST00676,PROD0087,2026-02-11 01:46:51,120.24,6
TXN009541,CUST00420,PROD0043,2026-02-12 10:00:41,766.09,7
TXN009542,CUST00192,PROD0055,2026-02-09 20:44:08,1626.43,6
TXN009543,CUST00517,PROD0063,2026-02-27 03:48:42,489.94,1
TXN009544,CUST00080,PROD0028,2026-02-14 22:57:02,265.36,8
TXN009545,CUST00178,PROD0066,2026-03-01 19:40:25,-55.07,9
TXN009546,CUST00188,PROD0002,2026-02-08 07:35:55,98.68,9
TXN009547,CUST00514,PROD0002,2026-02-22 09:37:32,36.43,3
TXN009548,CUST00822,PROD0004,2026-02-25 14:14:10,-377.28,3
TXN009498,CUST00366,PROD0067,2026-02-18 16:11:55,785.11,6
TXN009550,CUST00111,PROD0033,2026-02-15 17:56:19,1728.05,10
TXN009551,CUST00938,PROD0021,2026-02-03 13:55:23,2781.72,1
TXN009552,CUST00713,PROD0028,2026-02-02 18:03:10,,8
TXN009553,CUST00257,PROD0092,2026-02-07 11:53:53,1164.27,6
TXN009554,CUST00608,PROD0056,2026-01-31 16:45:13,38353.99,1
TXN009555,CUST00888,PROD0017,2026-02-11 04:29:51,18202.48,1
TXN009556,CUST00247,PROD0080,2026-02-21 05:54:04,1667.12,6
TXN009557,CUST00020,PROD0081,2026-02-08 17:57:46,1202.77,2
TXN009558,CUST00002,PROD0091,2026-02-15 08:58:27,697.64,3
TXN009559,CUST00785,PROD0041,2026-02-04 19:02:13,1848.35,1
TXN009560,CUST00071,PROD0091,2026-02-04 09:47:58,1005.05,4
TXN009561,CUST00983,PROD0036,2026-02-22 01:49:52,3283.67,6
TXN009562,CUST00607,PROD0092,2026-02-03 22:49:23,856.72,4
TXN009563,CUST00896,PROD0044,2026-02-10 13:46:04,7311.86,5
TXN009564,CUST99000,PROD0005,2026-02-01 05:08:23,280663.43,7
TXN009565,CUST00469,PROD0041,2026-02-07 13:40:59,10793.46,6
TXN009566,CUST00155,PROD0100,2026-02-04 17:17:42,306940.83,9
TXN009567,CUST00472,PROD0100,2026-02-20 10:47:59,34130.98,1
TXN009568,CUST00959,PROD0028,2026-02-07 19:38:17,156.15,5
TXN009569,CUST00565,PROD0038,2026-02-10 10:15:42,282.45,1
TXN009570,CUST00242,PROD0032,2026-02-25 05:31:31,1125.57,8
TXN009571,CUST99008,PROD0018,2026-02-07 16:05:09,18085.81,7
TXN009572,CUST00633,PROD0002,2026-02-02 20:46:01,43.7,4
TXN009573,CUST00592,PROD0096,2026-01-31 18:44:36,116.09,3
TXN009574,CUST00551,PROD0047,2026-02-15 10:09:48,112.27,2
TXN009575,CUST00605,PROD0082,2026-02-06 15:07:51,2645.38,2
TXN009576,CUST00973,PROD0017,2026-02-23 00:49:08,40469.87,2
TXN009577,CUST00120,PROD0075,2026-02-25 20:56:19,665.97,9
TXN009578,CUST00338,PROD0095,2026-02-27 20:49:28,498.79,5
TXN009579,CUST00254,PROD0041,2026-02-19 11:35:18,3288.35,2
TXN009580,CUST00711,PROD0047,2026-02-18 15:59:24,356.54,7
TXN009581,CUST00935,PROD0077,2026-02-28 12:28:14,229.35,7
TXN009582,CUST00199,PROD0068,2026-03-01 15:09:10,716.2,9
TXN009583,CUST00711,PROD0067,2026-02-10 09:19:02,718.75,6
TXN009584,CUST00976,PROD0045,2026-02-02 13:31:57,12227.52,6
TXN009585,CUST00259,PROD0009,2026-02-05 02:12:48,898.64,4
TXN009586,CUST00473,PROD0048,2026-02-15 21:47:16,174.51,2
TXN007173,CUST00036,PROD0042,2026-02-16 22:42:13,1967.38,8
TXN009588,CUST00780,PROD0057,2026-01-31 12:23:10,1020.78,6
TXN009589,CUST00200,PROD0053,2026-02-23 02:23:14,118.91,10
TXN009590,CUST00256,PROD0094,2026-02-15 18:07:23,4998.91,5
TXN009591,CUST00006,PROD0080,2026-01-31 07:52:59,928.87,4
TXN009592,CUST00655,PROD0022,2026-02-23 16:20:07,119.37,3
TXN009593,CUST00824,PROD0073,2026-02-04 12:08:32,4834.2,2
TXN009594,CUST00150,PROD0020,2026-02-05 23:12:11,8682.39,7
TXN009595,CUST00626,PROD0098,2026-02-28 05:51:04,1487.28,8
TXN009596,CUST00578,PROD0093,2026-02-03 03:44:28,2218.16,5
TXN009313,CUST00064,PROD0052,2026-02-18 16:49:57,2185.0,7
TXN009598,CUST00401,PROD0071,2026-02-22 00:28:13,9875.77,5
TXN009599,CUST00872,PROD0046,2026-02-25 17:58:10,72.87,3
TXN009600,CUST00124,PROD0072,2026-02-03 06:58:44,193.22,1
TXN009601,CUST00036,PROD0029,2026-01-31 03:17:32,181.96,8
TXN009602,CUST00875,PROD0100,2026-02-03 13:28:58,107709.94,3
TXN009603,CUST00104,PROD0014,2026-02-20 06:34:22,452.32,2
TXN009604,CUST00297,PROD0015,2026-02-25 00:19:12,,9
TXN009605,CUST00382,PROD0070,2026-02-13 10:23:08,246.33,8
TXN009606,CUST00564,PROD0084,2026-02-21 23:08:38,54.44,1
TXN009607,CUST00685,PROD0097,2026-02-26 23:12:58,4634.59,10
TXN009608,CUST00362,PROD0008,2026-02-13 14:43:09,2069.51,10
TXN009609,CUST00209,PROD0017,2026-02-27 05:48:58,59070.3,3
TXN009610,CUST00939,PROD0015,2026-02-05 11:56:37,941.34,4
TXN009611,CUST00411,PROD0050,2026-02-10 23:50:18,1297.44,4
TXN009612,CUST00700,PROD0003,2026-02-24 05:00:29,703.21,5
TXN009613,CUST00023,PROD9903,2026-02-08 10:05:19,540.25,5
TXN009614,CUST00125,PROD0092,2026-02-04 04:01:30,191.75,1
TXN009615,CUST00887,PROD0053,2026-02-25 11:42:31,55.83,4
TXN008018,CUST00188,PROD0036,2026-02-02 22:51:26,1592.55,3
TXN009617,CUST00710,PROD0049,2026-02-13 23:44:17,544.37,5
TXN009618,CUST00014,PROD0075,2026-02-25 13:28:20,313.93,4
TXN009619,CUST00950,PROD0011,2026-02-03 11:08:15,131.7,4
TXN009620,CUST00300,PROD0035,2026-02-09 18:06:08,10140.72,4
TXN009621,CUST00883,PROD0061,2026-02-06 11:04:14,4166.19,5
TXN009622,CUST00516,PROD0100,2026-02-17 02:44:23,34101.95,1
TXN009623,CUST00767,PROD0070,2026-02-02 08:58:56,224.21,8
TXN009624,CUST00128,PROD0079,2026-02-07 16:14:15,-67.01,7
TXN009625,CUST00239,PROD0049,2026-02-19 22:08:59,321.66,3
TXN009626,CUST00890,PROD0092,2026-02-08 04:44:50,1846.28,10
TXN009627,CUST00994,PROD0021,2026-02-09 18:07:58,17713.57,6
TXN009628,CUST00832,PROD0095,2026-02-08 07:30:28,823.04,9
TXN009629,CUST00731,PROD0039,2026-02-08 17:55:26,,8
TXN009630,CUST00906,PROD0081,2026-02-25 13:47:56,5183.15,9
TXN009631,CUST00897,PROD0046,2026-02-28 15:22:55,165.78,7
TXN009632,CUST00324,PROD0023,2026-02-13 06:09:23,225.61,1
TXN009633,CUST00198,PROD0042,2026-02-11 18:05:26,2463.27,10
TXN009634,CUST00757,PROD0049,2026-02-25 19:09:30,207.23,2
TXN009635,CUST00763,PROD0030,2026-02-21 17:57:04,445.76,3
TXN009636,CUST00284,PROD0013,2026-02-09 19:04:53,384.16,10
TXN009637,CUST00842,PROD0089,2026-02-08 21:33:04,,1
TXN009638,CUST00232,PROD0006,2026-02-17 01:54:33,453.99,6
TXN009639,CUST00590,PROD0010,2026-02-11 16:42:53,95.83,5
TXN009640,CUST00752,PROD0081,2026-02-18 18:59:39,3954.6,6
TXN009641,CUST00987,PROD0015,2026-02-03 10:59:57,546.15,2
TXN009642,CUST00337,PROD0091,2026-02-19 16:31:34,1553.19,6
TXN009643,CUST00721,PROD0046,2026-02-25 03:47:39,211.4,10
TXN009644,CUST00384,PROD0096,2026-02-28 13:30:35,38.53,1
TXN009645,CUST00921,PROD0063,2026-02-05 16:34:37,2009.39,4
TXN009646,CUST00814,PROD0052,2026-02-23 12:23:21,1991.94,6
TXN009647,CUST00747,PROD0026,2026-02-16 07:14:45,416.43,5
TXN009648,CUST00202,PROD0032,2026-02-05 17:16:54,1194.27,9
TXN009649,CUST00315,PROD0028,2026-02-21 01:02:44,-33.75,-1
TXN007493,CUST00744,PROD0082,2026-02-13 02:03:30,8444.42,7
TXN009651,CUST00285,PROD0033,2026-02-06 00:50:00,1750.45,10
TXN009652,CUST00080,PROD0037,2026-02-24 02:21:04,925.44,7
TXN009653,CUST00512,PROD0081,2026-02-08 08:35:17,,6
TXN009654,CUST00179,PROD0055,2026-01-31 03:40:04,264.33,1
TXN009655,CUST00955,PROD0076,2026-02-23 05:33:37,104.86,4
TXN007841,CUST00004,PROD0037,2026-02-12 07:52:52,925.12,7
TXN009657,CUST00514,PROD0005,2026-02-03 18:54:49,257987.84,6
TXN009658,CUST00578,PROD0001,2026-02-21 11:26:28,409.43,3
TXN009659,CUST00509,PROD0076,2026-02-18 05:18:32,347.19,
TXN009660,CUST00783,PROD0002,2026-02-24 21:13:25,-510.48,2
TXN009661,CUST00120,PROD0064,2026-02-08 18:53:55,341.04,4
TXN009662,CUST00649,PROD0002,2026-02-05 04:11:47,11.29,1
TXN009663,CUST00190,PROD0039,2026-02-04 21:41:55,705.36,6
TXN009664,CUST00905,PROD0089,2026-01-31 23:08:00,1795.0,7
TXN009665,CUST00531,PROD0082,2026-02-21 10:58:32,2541.8,2
TXN009666,CUST00012,PROD0048,2026-03-01 01:59:21,165.41,2
TXN009667,CUST00710,PROD0035,2026-02-05 21:17:10,2255.0,1
TXN009668,CUST00413,PROD0048,2026-02-04 07:00:58,74.93,1
TXN009669,CUST00190,PROD0086,2026-02-03 04:48:42,4361.42,5
TXN009670,CUST00084,PROD0065,2026-02-01 12:23:31,80043.76,4
TXN009671,CUST00431,PROD0005,2026-01-31 11:39:19,411239.86,10
TXN009672,CUST00433,PROD0095,2026-02-04 09:51:05,173.59,2
TXN009673,CUST00883,PROD0093,2026-02-24 07:00:18,1420.98,3
TXN009674,CUST00123,PROD0012,2026-02-10 22:34:29,-8.59,9
TXN009675,CUST00241,PROD0075,2026-02-02 21:34:41,646.61,8
TXN009676,CUST00913,PROD0096,2026-02-28 00:22:08,345.86,10
TXN009677,CUST00119,PROD0049,2026-02-11 04:05:33,326.25,3
TXN009678,CUST00370,PROD0046,2026-02-06 11:08:41,93.38,4
TXN009679,CUST00905,PROD0095,2026-02-27 23:18:43,177.68,2
TXN009680,CUST00541,PROD0054,2026-02-10 04:32:49,6428.86,6
TXN009681,CUST00278,PROD0088,2026-02-20 01:53:20,1028.06,3
TXN009682,CUST00010,PROD0084,2026-02-15 19:47:22,46.27,1
TXN009683,CUST00962,PROD0090,2026-02-05 21:58:19,2125.3,8
TXN009684,CUST00758,PROD0070,2026-02-24 18:04:00,258.44,9
TXN009685,CUST00274,PROD0084,2026-02-24 11:01:30,325.9,6
TXN009686,CUST00324,PROD0089,2026-02-08 15:52:42,-705.56,8
TXN009687,CUST00136,PROD9900,2026-02-02 18:07:09,840.84,1
TXN009688,CUST00761,PROD0043,2026-02-04 16:30:17,456184.81,4
TXN009689,CUST00700,PROD0017,2026-02-09 17:56:16,150666.66,8
TXN009690,CUST00215,PROD0052,2026-02-23 13:58:47,1313.94,4
TXN009691,CUST00745,PROD0051,2026-02-18 23:10:17,294.43,2
TXN009692,CUST00644,PROD9902,2026-02-05 04:01:40,510.37,6
TXN009693,CUST00234,PROD0023,2026-02-08 09:18:45,1441.61,7
TXN009694,CUST00735,PROD0020,2026-02-14 10:22:16,7085.8,6
TXN009695,CUST00311,PROD0065,2026-03-01 05:42:40,108921.87,6
TXN009696,CUST00280,PROD0045,2026-02-10 02:17:04,12807.44,7
TXN009697,CUST00359,PROD0027,2026-02-03 06:17:12,798.01,5
TXN002916,CUST00373,PROD0016,2026-02-18 16:45:34,57.49,1
TXN009699,CUST00489,PROD0056,2026-02-23 12:43:46,71575.41,2
TXN009700,CUST99004,PROD0075,2026-02-01 05:28:13,81.92,1
TXN009701,CUST00694,PROD0080,2026-02-18 05:36:01,296.21,
TXN009702,CUST00260,PROD0049,2026-02-14 12:31:11,924.25,9
TXN009703,CUST00858,PROD0033,2026-02-12 06:35:01,1446.23,8
TXN009704,CUST00047,PROD0037,2026-02-19 09:30:16,377.3,3
TXN009705,CUST00534,PROD0001,2026-02-23 14:01:56,831.61,6
TXN009706,CUST00146,PROD0093,2026-02-25 05:41:10,1297.32,3
TXN009707,CUST00223,PROD0094,2026-02-27 07:41:22,8344.51,9
TXN009708,CUST00761,PROD0100,2026-02-06 01:21:13,95202.29,3
TXN009709,CUST00601,PROD0088,2026-02-16 05:40:26,2686.06,8
TXN009710,CUST00585,PROD0092,2026-02-11 17:07:56,-540.99,2
TXN009711,CUST00273,PROD0070,2026-02-21 16:29:09,251.65,8
TXN009712,CUST00395,PROD0069,2026-02-16 04:47:05,200137.24,5
TXN009713,CUST00811,PROD0086,2026-02-14 13:12:47,5507.41,6
TXN009714,CUST00484,PROD0015,2026-02-20 10:31:06,713.71,3
TXN009715,CUST00802,PROD0076,2026-02-13 20:40:36,217.2,9
TXN009716,CUST00004,PROD0062,2026-02-26 11:02:00,5228.92,9
TXN009717,CUST00346,PROD0009,2026-02-03 17:40:11,1676.17,8
TXN009718,CUST00160,PROD0089,2026-02-25 23:01:45,238.94,1
TXN009719,CUST00886,PROD0066,2026-02-01 11:05:32,712.63,8
TXN009720,CUST00382,PROD0056,2026-02-21 08:51:14,173260.52,5
TXN009721,CUST00366,PROD0032,2026-01-31 17:18:18,1005.56,8
TXN009722,CUST00194,PROD0087,2026-02-03 23:17:35,42.33,2
TXN009723,CUST00257,PROD0052,2026-02-09 04:53:55,3459.6,10
TXN009724,CUST00921,PROD0091,2026-02-12 04:59:58,1201.16,5
TXN009725,CUST00299,PROD0020,2026-02-15 05:15:39,9465.34,8
TXN009726,CUST00047,PROD0065,2026-02-10 19:37:26,20508.66,1
TXN009727,CUST00283,PROD0015,2026-02-07 10:52:58,2009.6,7
TXN009728,CUST00123,PROD0047,2026-02-04 02:50:24,207.23,4
TXN009729,CUST00799,PROD0056,2026-02-21 04:46:01,159733.09,4
TXN009730,CUST00693,PROD0094,2026-02-13 06:26:15,,
TXN009731,CUST00405,PROD0004,2026-02-19 19:41:26,13825.04,7
TXN009732,CUST00700,PROD0013,2026-02-19 15:27:19,273.9,6
TXN009733,CUST00664,PROD0009,2026-02-16 06:50:02,831.35,4
TXN009734,CUST00242,PROD0045,2026-03-01 23:01:06,354376.72,2
TXN009735,CUST00816,PROD0020,2026-02-22 15:33:20,6138.3,5
TXN009736,CUST00098,PROD0086,2026-02-08 18:52:55,920.99,1
TXN009737,CUST00100,PROD0063,2026-02-19 19:36:33,1735.81,4
TXN009738,CUST00152,PROD0079,2026-02-17 08:18:26,485074.32,9
TXN009739,CUST00823,PROD0038,2026-02-07 19:14:07,1424.79,5
TXN009740,CUST00452,PROD0070,2026-02-27 11:02:10,53.9,2
TXN009741,CUST00432,PROD0075,2026-02-17 20:28:52,462.79,6
TXN009742,CUST00640,PROD0091,2026-02-27 15:11:14,461.18,2
TXN009743,CUST00702,PROD0078,2026-02-02 05:35:43,384.14,9
TXN009744,CUST00435,PROD0066,2026-02-13 07:01:02,740.86,9
TXN009745,CUST00417,PROD0096,2026-02-20 17:26:28,34.76,1
TXN009746,CUST00492,PROD0019,2026-02-14 03:54:04,,4
TXN009747,CUST00650,PROD0093,2026-02-20 07:38:06,4350.43,9
TXN009748,CUST00069,PROD0086,2026-02-23 09:22:24,828.9,1
TXN009749,CUST00176,PROD0013,2026-02-24 23:45:17,281.98,7
TXN009750,CUST00518,PROD0076,2026-02-10 11:42:21,231.91,9
TXN009751,CUST00066,PROD0096,2026-02-20 20:22:06,263.69,7
TXN009752,CUST00730,PROD0008,2026-02-03 09:43:58,-690.81,3
TXN009753,CUST00895,PROD0039,2026-02-23 15:20:40,525.93,10
TXN009754,CUST00340,PROD0047,2026-02-01 22:29:23,276.13,5
TXN009755,CUST00922,PROD0075,2026-02-28 22:02:01,606.7,8
TXN009756,CUST00808,PROD0029,2026-02-04 11:22:07,-21.65,-1
TXN009757,CUST00902,PROD0094,2026-02-20 01:40:41,4456.16,5
TXN009758,CUST00878,PROD0052,2026-02-14 02:42:04,2544.41,7
TXN009759,CUST00053,PROD0079,2026-03-01 16:35:39,411969.25,8
TXN009760,CUST00884,PROD0071,2026-02-06 15:32:05,15275.09,8
TXN009761,CUST00080,PROD0037,2026-02-19 01:18:14,1465.15,10
TXN009762,CUST00484,PROD0031,2026-02-25 08:19:51,272.24,3
TXN009763,CUST00083,PROD0079,2026-02-08 00:35:18,102609.62,2
TXN009764,CUST00872,PROD0005,2026-02-19 04:25:08,278513.75,7
TXN009765,CUST00874,PROD0071,2026-02-20 14:54:13,2088.9,1
TXN009766,CUST00225,PROD0054,2026-02-08 00:47:32,419946.18,2
TXN009767,CUST00534,PROD0026,2026-02-07 17:07:11,330867.04,9
TXN009768,CUST99000,PROD0099,2026-02-22 10:52:42,1168.03,7
TXN009769,CUST00362,PROD0050,2026-02-12 22:28:50,2455.32,8
TXN009770,CUST00765,PROD0033,2026-01-31 13:45:46,1317.8,8
TXN009771,CUST00726,PROD0025,2026-02-10 12:17:24,233.54,5
TXN009772,CUST00624,PROD0078,2026-02-23 20:55:04,44.03,1
TXN009773,CUST00351,PROD0002,2026-02-09 13:29:58,117.6,10
TXN009774,CUST00189,PROD0055,2026-02-14 06:14:39,2843.95,10
TXN009775,CUST00299,PROD0085,2026-02-11 18:47:57,11542.98,7
TXN009776,CUST00092,PROD0030,2026-02-16 05:30:54,1290.34,8
TXN009777,CUST00153,PROD0074,2026-02-09 00:59:09,737.18,9
TXN009778,CUST00781,PROD0018,2026-02-04 16:43:20,12771.57,5
TXN009779,CUST00378,PROD0024,2026-02-02 14:43:17,3208.9,7
TXN009780,CUST00074,PROD0099,2026-02-07 13:25:16,691.67,4
TXN009781,CUST00376,PROD0094,2026-02-09 09:07:18,8730.53,9
TXN009782,CUST00277,PROD0045,2026-02-26 14:25:48,17430.05,9
TXN009783,CUST00034,PROD0062,2026-02-02 19:59:50,587.07,1
TXN000407,CUST00386,PROD0002,2026-02-12 20:21:03,77.01,7
TXN009785,CUST00926,PROD0096,2026-02-23 09:26:32,138.59,4
TXN009786,CUST00200,PROD0051,2026-02-19 08:31:22,1506.99,10
TXN009787,CUST00855,PROD0031,2026-02-08 12:38:30,889.4,9
TXN009788,CUST00552,PROD0042,2026-02-21 04:36:08,1747.7,8
TXN009789,CUST00343,PROD0058,2026-02-22 20:03:19,3313.83,8
TXN009790,CUST00386,PROD0012,2026-02-14 17:00:13,280.55,10
TXN009791,CUST00388,PROD0093,2026-02-02 17:45:00,3631.01,7
TXN009792,CUST00306,PROD0033,2026-02-07 18:37:15,1722.22,10
TXN009793,CUST00634,PROD0090,2026-02-21 13:44:21,1629.83,7
TXN009794,CUST00033,PROD0044,2026-02-03 01:04:57,1372.6,1
TXN009795,CUST00538,PROD0045,2026-02-19 23:22:24,4215.61,2
TXN009796,CUST00267,PROD0008,2026-02-20 05:55:46,1529.15,7
TXN009797,CUST00461,PROD0097,2026-02-03 14:49:17,1616.91,4
TXN009798,CUST00657,PROD0042,2026-02-03 10:16:59,474554.0,7
TXN009799,CUST00113,PROD0023,2026-03-01 21:56:13,1569.71,8
TXN002678,CUST00912,PROD0021,2026-02-14 22:59:39,26451.28,10
TXN009801,CUST00751,PROD0046,2026-01-31 22:07:27,23.36,1
TXN009802,CUST00519,PROD0020,2026-02-25 06:21:38,-491.35,3
TXN009803,CUST00578,PROD0068,2026-02-15 23:03:11,685.3,10
TXN009804,CUST00392,PROD0011,2026-02-03 09:11:52,185.28,5
TXN009805,CUST00545,PROD0079,2026-03-01 01:53:26,144518.73,3
TXN009806,CUST00206,PROD0055,2026-02-10 17:00:39,-1244.41,-5
TXN009807,CUST00240,PROD0054,2026-02-26 05:05:45,,3
TXN009808,CUST00299,PROD0035,2026-02-05 22:04:12,14962.21,6
TXN009809,CUST00541,PROD0041,2026-02-06 10:05:05,7404.52,4
TXN009810,CUST00100,PROD0010,2026-02-08 16:11:04,21.19,1
TXN009811,CUST00826,PROD0051,2026-02-05 16:00:14,444.32,3
TXN009812,CUST00072,PROD0047,2026-02-10 09:40:11,427.08,8
TXN009813,CUST00373,PROD0025,2026-02-28 08:13:20,142.4,3
TXN009814,CUST00720,PROD0083,2026-02-27 18:03:18,854.46,4
TXN009815,CUST00624,PROD0062,2026-02-20 08:30:12,4524.67,7
TXN005979,CUST00581,PROD0074,2026-02-09 09:39:41,249.49,3
TXN009817,CUST00855,PROD0009,2026-02-22 14:25:38,853.77,4
TXN009818,CUST00208,PROD0042,2026-02-21 03:01:34,710.6,3
TXN009819,CUST00767,PROD0047,2026-02-12 10:20:22,107.96,2
TXN009820,CUST00193,PROD0044,2026-02-27 14:27:24,4466.23,3
TXN009821,CUST00355,PROD0025,2026-02-25 17:19:58,341.32,8
TXN009822,CUST00026,PROD0047,2026-02-21 18:02:59,579.41,10
TXN009823,CUST00437,PROD0042,2026-02-17 03:18:51,1324.51,6
TXN009824,CUST00407,PROD0028,2026-02-11 07:43:35,294.99,10
TXN008491,CUST00842,PROD0046,2026-03-01 20:01:13,82.44,4
TXN009826,CUST00619,PROD0034,2026-02-11 13:34:22,567.41,8
TXN009827,CUST00958,PROD0090,2026-02-02 11:01:15,951.42,4
TXN009828,CUST00367,PROD0079,2026-02-18 19:51:50,215679.46,4
TXN009829,CUST00868,PROD0006,2026-02-16 23:12:05,159.61,2
TXN009830,CUST00892,PROD0035,2026-02-09 09:48:43,17231.62,7
TXN009831,CUST00506,PROD0053,2026-02-11 13:34:52,13.92,1
TXN009832,CUST00257,PROD0096,2026-02-08 14:13:30,194.43,5
TXN009833,CUST00203,PROD0073,2026-02-09 22:31:29,12181.65,5
TXN009834,CUST00923,PROD0057,2026-02-25 15:23:46,715.02,5
TXN009835,CUST00649,PROD0036,2026-02-03 12:40:26,-2735.58,-5
TXN009836,CUST00623,PROD0056,2026-02-26 01:13:47,253822.66,7
TXN009837,CUST00551,PROD0090,2026-02-18 20:58:52,1588.09,6
TXN009838,CUST00401,PROD0064,2026-02-01 02:15:19,842.77,7
TXN009839,CUST00973,PROD0094,2026-02-26 12:54:13,7955.16,8
TXN009840,CUST00962,PROD0044,2026-02-09 17:59:43,8390.38,6
TXN009841,CUST00884,PROD0012,2026-02-05 02:31:26,152.72,6
TXN009842,CUST00932,PROD0013,2026-02-03 11:28:16,168.94,4
TXN009843,CUST00225,PROD0067,2026-02-05 06:33:19,609.12,5
TXN009844,CUST00016,PROD0010,2026-02-15 02:13:22,104.88,5
TXN009845,CUST00004,PROD0039,2026-02-11 19:23:54,705.87,1
TXN009846,CUST00799,PROD0008,2026-02-09 21:12:21,1446.27,7
TXN009847,CUST00411,PROD0011,2026-02-05 12:48:16,275.6,8
TXN009848,CUST00052,PROD0054,2026-02-16 04:30:02,3070.38,3
TXN009849,CUST00245,PROD0010,2026-02-03 10:21:55,56.18,3
TXN009850,CUST00441,PROD0005,2026-02-12 05:32:57,263855.99,6
TXN006726,CUST00652,PROD0089,2026-02-15 06:42:05,2333.43,9
TXN009852,CUST00552,PROD0079,2026-02-25 22:50:27,44677.68,1
TXN009853,CUST00242,PROD0082,2026-02-12 10:29:34,3956.37,3
TXN009854,CUST00813,PROD0014,2026-02-24 09:24:52,2011.51,9
TXN009855,CUST00214,PROD0067,2026-02-03 05:14:56,1095.1,9
TXN009856,CUST00128,PROD0081,2026-02-07 02:05:07,4004.22,7
TXN009857,CUST00524,PROD0065,2026-02-27 23:58:05,88433.8,5
TXN009858,CUST00904,PROD0094,2026-02-03 15:06:51,850.47,1
TXN009859,CUST00452,PROD0002,2026-02-24 12:50:47,106.62,9
TXN009860,CUST00506,PROD0049,2026-02-13 13:22:59,99.91,1
TXN009861,CUST00392,PROD0068,2026-02-01 07:49:06,304.11,4
TXN009862,CUST99005,PROD0052,2026-02-12 04:05:15,1409.0,4
TXN009863,CUST00894,PROD0025,2026-02-25 06:23:04,346.78,7
TXN009864,CUST00454,PROD0079,2026-02-17 02:41:16,142837.89,3
TXN009865,CUST00638,PROD0032,2026-02-06 20:18:46,1173.33,9
TXN009866,CUST00858,PROD0057,2026-02-01 13:30:29,720.33,5
TXN009867,CUST00562,PROD0085,2026-02-08 01:16:31,3513.37,2
TXN009868,CUST00872,PROD0045,2026-02-24 02:05:37,10476.59,6
TXN009869,CUST00544,PROD0002,2026-02-15 11:49:32,59.1,5
TXN009870,CUST00840,PROD0029,2026-02-21 11:59:10,239.24,10
TXN009871,CUST00333,PROD0010,2026-01-31 00:54:59,207.0,10
TXN009872,CUST00102,PROD0044,2026-02-04 18:02:23,6586.58,5
TXN009873,CUST00004,PROD0033,2026-02-11 10:06:48,976.98,6
TXN009874,CUST00057,PROD0093,2026-02-20 12:40:47,4826.17,10
TXN009875,CUST00687,PROD0001,2026-01-31 18:01:23,1391.39,10
TXN009876,CUST00283,PROD0052,2026-02-19 23:59:03,361.21,1
TXN009877,CUST00182,PROD0017,2026-02-13 22:27:26,159493.51,9
TXN009878,CUST00826,PROD0004,2026-02-08 07:34:14,2033.17,1
TXN009879,CUST00252,PROD0092,2026-02-11 02:09:37,1110.12,6
TXN009880,CUST00092,PROD0028,2026-02-10 12:20:06,333.4,10
TXN009881,CUST00891,PROD9904,2026-02-27 13:29:38,23.98,6
TXN009882,CUST00793,PROD0063,2026-02-23 22:31:39,-170.91,3
TXN009883,CUST00348,PROD0032,2026-02-05 13:40:59,704.04,5
TXN009884,CUST00448,PROD0086,2026-02-18 06:27:14,3407.26,4
TXN009885,CUST00103,PROD0041,2026-02-16 13:10:24,12916.72,8
TXN009886,CUST00666,PROD0027,2026-02-12 11:01:37,1636.39,10
TXN009887,CUST00381,PROD0015,2026-02-17 19:49:59,740.69,3
TXN009888,CUST00844,PROD0066,2026-02-28 16:15:21,619.74,8
TXN009889,CUST00960,PROD0002,2026-02-23 16:13:17,48.27,4
TXN009890,CUST99002,PROD0095,2026-03-01 20:36:27,370.78,4
TXN009891,CUST00479,PROD0019,2026-02-22 11:06:44,843.15,7
TXN009892,CUST00619,PROD0012,2026-02-03 15:55:50,25.59,1
TXN009893,CUST00299,PROD0012,2026-02-07 03:55:01,61.15,2
TXN009894,CUST00781,PROD0064,2026-02-03 19:56:23,221.18,1
TXN009895,CUST00167,PROD0009,2026-02-27 21:19:53,,6
TXN009896,CUST00673,PROD0039,2026-02-20 16:21:25,547.37,1
TXN009897,CUST00563,PROD0041,2026-02-15 00:40:47,3219.86,2
TXN009898,CUST00551,PROD0096,2026-02-25 14:48:28,110.98,3
TXN009899,CUST00251,PROD0057,2026-02-23 05:51:18,1492.49,10
TXN009900,CUST00032,PROD0006,2026-01-31 21:03:17,408.19,5
TXN009901,CUST99000,PROD0049,2026-02-04 01:55:38,645.66,6
TXN009902,CUST00286,PROD0015,2026-02-20 17:32:40,2146.99,8
TXN009903,CUST00881,PROD0019,2026-02-28 19:46:24,318.52,10
TXN009904,CUST00743,PROD0068,2026-02-20 05:29:35,353.57,5
TXN009905,CUST00546,PROD0039,2026-02-16 02:49:28,801.15,-5
TXN009906,CUST00091,PROD0092,2026-02-18 16:30:38,1328.66,7
TXN009907,CUST00701,PROD0046,2026-02-12 08:56:23,114.06,5
TXN009908,CUST00689,PROD0052,2026-02-02 02:39:36,735.33,2
TXN009909,CUST00729,PROD0096,2026-02-25 14:51:12,188.02,5
TXN009910,CUST00565,PROD0048,2026-02-05 05:36:30,376.13,5
TXN009911,CUST00711,PROD0068,2026-02-22 14:50:24,679.05,9
TXN008924,CUST00529,PROD9904,2026-02-01 06:07:17,875.35,5
TXN009913,CUST00076,PROD0060,2026-02-05 19:15:34,159.54,6
TXN009914,CUST00196,PROD0087,2026-02-28 07:43:28,155.16,7
TXN009915,CUST00363,PROD9906,2026-02-05 17:43:01,115.64,7
TXN009916,CUST00557,PROD0014,2026-02-18 11:13:28,,5
TXN009917,CUST00676,PROD0072,2026-02-02 06:18:07,1337.95,7
TXN009918,CUST00119,PROD0073,2026-02-12 15:26:38,4386.57,2
TXN009919,CUST00093,PROD0051,2026-02-13 02:39:45,437.53,3
TXN009920,CUST00940,PROD0048,2026-02-12 16:27:35,308.95,4
TXN009921,CUST00251,PROD0098,2026-02-23 21:40:53,415.44,2
TXN009922,CUST00298,PROD0067,2026-02-03 02:24:13,124.21,1
TXN009923,CUST00767,PROD0046,2026-02-21 02:08:42,48.61,2
TXN009924,CUST00515,PROD0032,2026-02-14 07:36:04,663.46,5
TXN009925,CUST00694,PROD0068,2026-02-13 17:59:18,704.99,10
TXN009926,CUST00614,PROD0065,2026-02-09 13:01:16,79229.79,4
TXN009927,CUST00695,PROD0033,2026-02-04 16:00:20,626.67,4
TXN009928,CUST00852,PROD0091,2026-02-23 05:57:30,684.25,3
TXN009929,CUST00205,PROD0031,2026-02-18 15:34:51,299.87,3
TXN009930,CUST00102,PROD0055,2026-02-06 03:31:04,2321.71,9
TXN009931,CUST00327,PROD0050,2026-02-25 13:20:20,3263.27,10
TXN009932,CUST00639,PROD0007,2026-02-20 20:33:18,202.34,9
TXN009933,CUST00724,PROD0012,2026-02-05 17:02:40,290.65,10
TXN009934,CUST00067,PROD0063,2026-02-20 14:11:25,4639.21,9
TXN009935,CUST00046,PROD0057,2026-02-28 05:40:38,1375.47,9
TXN009936,CUST00342,PROD0005,2026-02-20 16:10:08,378490.27,8
TXN009937,CUST00586,PROD0038,2026-02-27 07:36:21,2354.76,9
TXN009938,CUST00514,PROD0046,2026-02-05 13:05:31,176.99,8
TXN009939,CUST00801,PROD0017,2026-02-22 18:46:20,100528.31,5
TXN009940,CUST00058,PROD0083,2026-02-17 17:19:58,1162.18,5
TXN009941,CUST00970,PROD0061,2026-02-27 09:07:35,5984.93,7
TXN009942,CUST00447,PROD0094,2026-02-16 09:54:54,,1
TXN009943,CUST00138,PROD0026,2026-02-17 14:22:15,674.52,8
TXN009944,CUST00602,PROD0063,2026-02-15 06:00:52,1553.75,3
TXN009945,CUST00258,PROD0093,2026-02-25 14:29:36,3554.47,7
TXN009946,CUST99004,PROD0028,2026-02-07 15:59:39,149.61,5
TXN009947,CUST00138,PROD0090,2026-02-17 03:18:16,2356.18,9
TXN009948,CUST00972,PROD0092,2026-02-18 08:41:08,1480.74,8
TXN009949,CUST00642,PROD0024,2026-01-31 08:40:55,1488.97,3
TXN009950,CUST00741,PROD0075,2026-02-26 05:29:08,767.09,10
TXN009951,CUST00472,PROD0085,2026-02-05 19:29:35,14757.68,9
TXN009952,CUST00634,PROD0017,2026-02-19 12:05:10,174921.1,10
TXN009953,CUST00880,PROD0099,2026-02-28 20:48:26,1368.23,8
TXN009954,CUST00632,PROD0057,2026-02-08 15:01:38,486.9,3
TXN009955,CUST00146,PROD0036,2026-02-18 17:38:36,4025.23,8
TXN009956,CUST99002,PROD0044,2026-02-17 00:01:41,10492.49,7
TXN009892,CUST00472,PROD0075,2026-02-26 21:24:51,,6
TXN009958,CUST00314,PROD0016,2026-02-17 16:19:05,-64.02,-1
TXN009959,CUST00970,PROD0064,2026-02-17 21:56:17,154.12,3
TXN009960,CUST00039,PROD0073,2026-02-15 16:37:25,22904.32,9
TXN009961,CUST00654,PROD0025,2026-02-15 18:44:55,43.46,1
TXN009962,CUST00550,PROD0082,2026-02-01 18:14:28,-6266.79,-5
TXN009963,CUST00486,PROD0070,2026-02-10 02:28:03,187.7,6
TXN009964,CUST00633,PROD0028,2026-02-12 01:40:01,232.96,7
TXN009965,CUST00455,PROD0091,2026-02-02 18:48:39,2543.48,10
TXN009966,CUST00762,PROD0055,2026-02-22 08:22:03,1453.68,5
TXN009967,CUST00754,PROD0003,2026-02-15 17:46:07,389.52,3
TXN009968,CUST00191,PROD0033,2026-02-16 13:02:17,162.89,1
TXN009969,CUST00755,PROD0055,2026-02-07 20:33:25,505.47,2
TXN009970,CUST00233,PROD0016,2026-02-23 16:25:02,606.26,10
TXN009971,CUST00158,PROD0067,2026-02-10 13:28:45,308107.62,10
TXN009972,CUST00392,PROD0039,2026-02-06 02:11:04,304.21,5
TXN009973,CUST00320,PROD0004,2026-02-05 16:56:42,13650.58,7
TXN009974,CUST00166,PROD0016,2026-02-27 12:57:16,356.44,6
TXN009975,CUST00265,PROD0028,2026-02-07 09:05:37,262.69,9
TXN009976,CUST00270,PROD0094,2026-02-25 00:43:27,9400.12,10
TXN009977,CUST00675,PROD0007,2026-02-28 20:16:15,96.12,4
TXN009978,CUST00695,PROD0049,2026-02-13 18:21:52,827.98,8
TXN009979,CUST00733,PROD0053,2026-02-03 05:35:00,112.59,9
TXN009980,CUST00212,PROD0020,2026-02-21 08:10:54,6511.47,5
TXN009981,CUST00614,PROD0097,2026-02-25 13:39:51,,8
TXN001190,CUST00521,PROD0006,2026-02-04 18:40:53,84.62,1
TXN009983,CUST00959,PROD0047,2026-02-23 12:29:21,152.93,3
TXN009984,CUST00528,PROD0032,2026-02-03 10:25:55,281.65,2
TXN009985,CUST00547,PROD0012,2026-02-24 13:56:38,57.67,2
TXN009986,CUST00729,PROD0037,2026-02-28 16:13:02,253.42,2
TXN009987,CUST00695,PROD0016,2026-02-09 03:39:59,329.25,5
TXN009988,CUST00588,PROD0039,2026-02-25 00:41:21,971.44,2
TXN009989,CUST00041,PROD0028,2026-02-01 22:59:22,61.81,2
TXN009990,CUST00863,PROD0058,2026-02-10 09:09:51,4419.61,10
TXN009991,CUST00921,PROD0006,2026-02-05 05:05:58,400.18,5
TXN009992,CUST00723,PROD0035,2026-02-04 00:32:00,8912.3,4
TXN009993,CUST00945,PROD0010,2026-02-09 03:41:16,64.38,3
TXN009994,CUST00901,PROD0009,2026-02-21 02:53:22,1911.68,8
TXN009995,CUST00058,PROD0029,2026-02-26 11:30:37,-792.89,2
TXN009996,CUST00410,PROD0039,2026-02-09 03:53:12,457.8,6
TXN009997,CUST00241,PROD0036,2026-02-17 17:41:44,1030.68,2
TXN009998,CUST00261,PROD0055,2026-02-11 02:48:52,127292.87,6
TXN009999,CUST00235,PROD0025,2026-02-11 05:12:08,95.19,2
TXN010000,CUST00836,PROD0059,2026-02-28 02:40:35,,7
