order_id,order_date,customer_id,product_category,price,quantity
d3ebe033-74f3-4ad9-8ae3-1c2a817a8811,,5506.0,Electronics,48.03,4
25ca530a-48a1-4f9f-9cbe-1ab48a5a7cd2,2023-10-15,4257.0,Toys,405.67,-4
bf95eb3f-a26c-4d63-903b-9b04d3567b77,2023-03-21,4527.0,Electronics,175.26,8
fe4adf9b-b8d6-4a70-998e-75570bf76502,2023-07-13,2291.0,Home,27.68,2
f8412298-6cec-4526-bd07-1fcc7f1543f3,2023-07-14,5554.0,Clothing,137.15,10
6e698504-12ba-4fbc-a2b1-4395b8dbb9c3,2023-05-06,3677.0,Clothing,389.12,6
f6309af9-a43a-4c7e-84fa-cdfa4f5a4470,2023-10-18,6155.0,Toys,373.77,7
2a015069-91a4-4cd6-9157-5f17b750aba5,2023-04-23,3266.0,Electronics,84.19,7
5d037938-47ef-45e0-ab06-de246b5e4534,2023-09-28,5119.0,Electronics,442.97,6
43a0a744-cc65-4936-85e7-75c27b0d1f12,2023-08-21,1053.0,Home,256.3,9
7a794005-81ec-4777-9894-32b633cb262d,2023-03-24,9837.0,Electronics,60.37,5
32a0e74d-697d-4ff9-92b1-c7bd82f86ff7,2023-10-18,2290.0,Electronics,67.25,3
4db0ad22-f241-4585-8cc3-afbbc1fcd6a2,2023-08-05,4470.0,Clothing,337.49,8
2a4256f4-9a82-4753-8be3-47561df0a879,2023-06-23,1344.0,Clothing,-15.32,1
17f02d4e-da9d-4582-8df7-7313c8092cce,2023-05-02,5562.0,Clothing,290.22,7
84375968-b52d-413c-8a01-8fca1f30ad79,2023-08-09,6804.0,Electronics,53.72,2
46310634-4d95-4758-a811-06c2495bbdf3,2023-08-18,3296.0,Clothing,404.97,9
d885daa3-9c30-43dc-87d8-99bcade520de,2023-05-02,3724.0,Toys,6.07,8
cf36182a-8806-489c-ba75-89115df54c7b,2023-10-12,8973.0,Electronics,375.25,9
21809850-c759-4b15-9a3e-23436abf5921,2023-01-30,9320.0,Electronics,64.34,10
fafc0bae-b5e7-4913-a1e8-797f986ff185,2030-01-11,7868.0,Home,359.51,5
35ad134b-6c67-4cca-a6bd-749b3e14b309,2023-02-07,1152.0,Electronics,136.27,4
b71cf34a-95be-42fe-bb93-e5b9602aaf21,2023-10-06,5956.0,Electronics,466.22,5
182b415e-4b1a-4ed6-a36c-d1b5f62756b6,2023-10-11,3546.0,Home,135.67,1
0c290132-14da-46c7-8878-f6de631f054e,2023-05-22,,Home,354.31,3
1d1d0b17-b4f7-4844-b345-15b263621930,2023-10-26,3426.0,Home,431.05,4
85d55c8a-054f-412e-9320-ce37c916964e,2023-10-14,7658.0,Clothing,406.33,6
8d94fb14-cffd-4733-b459-09569784c671,2023-12-09,5065.0,Electronics,237.99,6
1c3bd601-020b-4407-a5ef-240def8b4eb9,2023-04-27,4652.0,Home,387.8,9
164e7f21-031d-48ba-927a-286a106fd7fa,,5279.0,Home,176.12,9
0b6e88e0-405b-4e0f-8188-e98f9df439dd,2023-04-08,5173.0,Clothing,333.8,2
88c44a74-d36c-4035-9965-31c650e5ebb6,2023-06-08,7691.0,Clothing,192.68,10
e25342cd-946d-4ba0-bc7e-1ac3a18beb16,2023-01-01,5978.0,Home,110.78,3
95498143-db75-4c80-9bb4-16e0c43c20a1,2023-12-06,6491.0,Clothing,103.57,-4
c144fa59-2db3-465c-911d-74f57572873e,2023-02-07,8461.0,Clothing,202.83,2
4796cc89-d83b-43ea-8edf-520c84565565,2023-12-23,9486.0,Electronics,335.45,8
fbc3cddb-1b6d-43d1-b8e7-22c5ebbcf6d7,2023-09-16,7991.0,Clothing,133.3,9
50b1f054-5bc3-478b-bdce-4624dd61d038,2023-08-14,2269.0,Home,73.5,4
1db78590-eca0-43b0-9ed7-0e1e5c06616a,2023-10-05,8633.0,Toys,473.3,-1
6f9534c8-8514-49e3-aabc-48135e5bcbed,,6763.0,Toys,400.93,5
3f7d950d-66a8-4fa4-923f-27641ab83589,,6507.0,Clothing,490.46,10
45759ca3-07dd-4e35-a0fa-2b325a8f9c67,,8022.0,Electronics,230.08,5
5457ff0c-b1b6-404a-b108-dcc8655f99b5,2023-05-10,2341.0,Electronics,326.82,1
f8c5896d-e6c7-494f-b145-e8803bc49f40,2023-01-11,3496.0,Electronics,351.24,10
2a537060-9cb0-472f-b307-0304d7db48ac,2023-03-25,6096.0,Home,190.78,10
381813e2-c544-4d79-b35c-724b9740500b,2023-02-22,5941.0,Electronics,25.33,2
3e209628-2f7b-445b-ab12-851d145e3eb4,2023-08-04,9031.0,Toys,368.23,9
85563aee-36bc-44a2-97e5-bda368404e55,2023-10-31,5397.0,Electronics,376.49,6
8de0d04f-3be4-4ce4-9ef5-37513498e1b9,2030-02-11,3979.0,Home,352.09,4
0ee6f508-bdc1-4149-b17d-2cabc9ca7124,2023-09-08,4937.0,Toys,0.0,4
1eaa4a7f-4941-4832-a691-cb6ddb836485,2023-08-31,9698.0,Home,156.78,6
0de6e593-0591-48df-a2a5-5e074d9af724,2023-12-20,4033.0,Home,264.7,4
663f9974-4ba0-48a0-9ba4-104fc0a35d0c,2023-06-04,1231.0,Electronics,350.22,8
47d990ff-d23f-4d1a-bfa6-1cb139257d0b,,5658.0,Clothing,431.55,8
adbed655-b780-48f5-a3bd-d63487e87ea1,2023-01-28,3485.0,Home,281.25,10
6693034a-3311-4e20-9257-ac9215331b0d,2023-08-19,8253.0,Toys,306.77,4
930fdd32-d7e1-4675-bbd6-c59970a46f63,2023-02-11,3573.0,Clothing,-27.93,4
fb920308-ab7a-4f7a-abec-6bcc756a913d,2023-08-21,2166.0,Clothing,325.58,2
a2c9f3ef-26cb-47dc-86a4-1874a8d5d966,2023-11-01,5728.0,Home,252.73,1
5a99eb66-87b8-49a1-ac4b-24187217b747,2023-11-06,5102.0,Electronics,138.41,8
6f67995d-471d-46e1-b59b-b53d8c725070,2023-05-23,3973.0,Toys,207.13,3
78b34e78-c0a2-4860-8518-aeef1bfcda56,2023-05-28,7561.0,Toys,62.38,1
15e6fa2e-1d90-4fe1-9033-05950d3984cf,2023-07-31,1888.0,Toys,105.76,8
a0f9337d-8391-4451-8890-87e8be1204a3,2023-01-15,4920.0,Electronics,496.17,2
3953151b-340c-4221-9b34-fa63e9bdf2bc,2023-05-30,9337.0,Toys,277.88,9
ee4aeca3-0145-4720-889d-3f2960a013c5,2023-02-05,5526.0,Home,411.17,10
39e57f6b-f90d-4543-b06b-6179f7549790,2023-03-18,8316.0,Toys,98.38,4
07455e3d-5507-4379-9b12-126f13611223,2023-06-12,8749.0,Toys,327.75,3
17f08ae6-fb2c-46ba-afb6-e439e245a9cd,2023-02-21,8213.0,Electronics,329.12,5
546841ac-e254-43bc-9d57-d9b79ac5f2b2,2023-11-29,2315.0,Toys,444.28,10
42deb33f-3d29-48ec-beb1-6bde59066d43,2023-05-28,4727.0,Electronics,54.75,1
a516216f-d613-49ef-9185-03215e2863f1,2030-01-08,5806.0,Clothing,397.3,7
f30b5d1f-f605-4e65-be19-ee8da46c7acd,2023-10-26,3344.0,Toys,0.0,9
45705501-77a1-4141-8adf-f262329399c8,2023-06-26,5901.0,Home,499.69,7
87ae5784-4bdc-433d-9b9f-fe23ce8d67df,2023-12-25,5837.0,Toys,344.47,10
2cfd2f0c-43b1-4e86-b48b-fd6043aadfcf,2023-05-27,4770.0,Clothing,361.86,2
975836a6-be83-46db-a148-36fba6c3912a,2023-06-08,8222.0,Clothing,375.0,9
947306c4-5d9d-4270-8016-7ad8c437f4e4,2023-09-14,5465.0,Toys,435.85,2
015d7db3-ca07-4219-86d1-55ac275f5a17,2023-12-13,7511.0,Home,135.91,5
e90f7f57-3a13-4b6e-b08c-81d4b16046a9,2023-07-10,2775.0,Home,36.29,5
23235035-e0b8-47d1-864c-53edc34c9567,2023-01-24,1609.0,Electronics,197.38,9
4f17302c-dffc-40e0-884b-019a5d297f9a,2023-03-21,7797.0,Toys,346.69,4
33cbc1ba-f3d1-4842-a56a-5dbe6b6e408d,2023-12-18,7018.0,Home,484.26,2
6af0be0e-d201-4f31-9a4e-1d3e31403219,2023-11-02,1349.0,Clothing,415.76,4
000ff1b8-5151-4ef2-babe-2aad3cea2cb5,2023-11-02,1046.0,Clothing,59.41,6
ad9a75b6-a8f5-43c3-9dd5-ae7f3ef889f9,2023-06-15,1258.0,Clothin,36.46,10
de43d41f-6f27-4c48-9c20-79a0d353bc56,2023-11-11,1710.0,Home,35.11,2
a730a465-19f1-4d0a-b875-bf4181bda038,2023-02-07,2323.0,Clothing,276.44,9
de4e591c-44a7-4b49-ad67-2669e02178fc,2023-08-09,2624.0,Clothing,209.84,2
8e495a45-6e24-4265-8185-f924369c02e8,2023-05-11,7132.0,Toys,51.15,3
dafa07e3-4619-4633-a328-768131381dcc,2023-10-15,6400.0,Toys,484.36,10
7b1beff8-7678-4c51-8d87-e93692351274,2023-09-04,4674.0,Home,116.95,10
4a483567-f2cf-42ce-8550-b38e5268d2da,2023-01-14,5381.0,Home,94.8,2
bbb817e4-1242-4689-9429-62c0388761fc,2023-01-16,2503.0,Toys,159.26,10
b334d1b7-5256-449f-82dd-3c86cf82d37d,2023-03-22,1815.0,Toys,140.22,7
fef58413-66ad-4804-8630-7df5f6d48100,2023-10-31,8972.0,Clothing,8.81,3
5b221ab7-5f9a-4ed6-bd34-70a383ba40b5,2023-03-03,1126.0,Clothing,252.63,2
4fa19c9e-4450-4003-8005-9c9ac7bb5c2c,2023-08-12,1307.0,Home,356.2,1
6966d586-1d86-4f4c-8f31-ba00a8ff3be0,2023-11-13,8538.0,Electronics,220.66,5
ef1e599e-a046-4662-b2aa-6350c1548aca,2023-03-28,2251.0,Clothing,365.05,4
0d6743a8-bc6a-4543-bf91-ae20e6cf7aa9,2023-03-30,3504.0,Clothing,234.66,10
07fb16e5-2b80-4860-9417-6f752ba297b7,2023-06-15,6179.0,Toys,297.75,8
5c999f0b-2aaf-4b47-a1a3-7a3d72624e4d,2023-05-27,2257.0,Electronics,234.04,1
6d516ca2-822e-40fc-b89c-c9e54fe64bf9,2023-11-30,4084.0,Clothing,406.43,2
c058a15f-d980-4a6c-80dc-c120b89bffe5,2023-05-07,8172.0,Clothing,196.77,1
80dc27aa-162f-4d07-948e-927ed81e7668,2023-02-03,6401.0,Home,482.38,2
1e5fa1b9-93d1-42ba-a1df-6e88029cc3d9,2023-06-29,6082.0,Toys,46.94,6
1817ac9d-d8cd-4ff7-ab65-f2224dbae39d,2023-12-17,9624.0,Home,-34.87,8
12c00d8f-9c12-42d7-9649-cbf59d0a5945,2023-03-21,2264.0,Electronics,310.93,3
03ff7ff0-f0ac-40a0-b770-157a3fbba211,2023-03-26,8170.0,Clothing,377.43,4
0e3e7372-41e7-4174-81aa-c0fcf7d0bcb8,2023-08-29,4178.0,Toys,194.03,4
99800805-f28c-431a-a49c-75b9173510fd,2023-05-09,1854.0,Electronics,66.72,8
af970ee9-762e-4ce8-82ef-fca341211498,2023-08-12,2502.0,Toys,210.37,7
8f5c4ca7-06cb-4ca7-9cbc-cfec05b1c468,2023-01-15,6221.0,Home,147.01,3
31917bf1-e490-4bd1-afe5-890ea00b9126,2023-11-12,1086.0,Clothing,364.98,5
51c46cb7-3518-4e3f-825a-fe6e93597557,2023-05-03,7878.0,Electronics,300.39,-1
da9fc2bb-91de-4010-9a36-c7c309ebf5de,2023-05-30,,Toys,264.12,9
a1dbb63b-59b7-412b-a4e3-42d2d6a9062b,2023-10-11,1333.0,Toys,13.04,2
5b6c1865-da7a-454a-8987-83a5e288e4c2,2023-06-20,3185.0,Clothing,490.51,3
ad269f23-2fd2-41bd-b828-737aaf4e7338,2023-08-23,1605.0,Clothing,158.49,8
eab5f0cb-6790-4b36-bfcf-4aa9efe0778e,2023-04-08,5687.0,Home,221.29,7
b3b2e96b-675f-4364-82ef-71b74f52b760,2023-12-21,9151.0,Home,44.07,9
4f4cf983-8d8c-4b51-abd6-6cf953172bbc,2023-06-17,5843.0,Toys,226.33,10
d1452717-b8c4-4b65-840a-750fb9805807,2023-01-30,2229.0,Clothing,305.75,2
b9d3ad94-22e1-4c47-96e4-35719dae1fc3,2023-07-05,7272.0,Clothing,189.15,9
bb905a29-2104-412c-b657-96152576774e,2023-05-23,5089.0,Clothing,283.03,8
745a2964-0524-4e32-b017-b4d60f20d776,2023-12-22,9047.0,Electronics,225.33,6
a07ae5b7-ab6b-4323-b521-4b28a9f858fc,2023-10-09,9882.0,Clothing,320.66,2
ab09f136-cdfd-47bb-9085-ca4fd7582245,2023-05-02,9094.0,Home,69.24,7
1f52908d-8242-410f-a9a2-d00ce9f9f9f6,2023-09-27,7730.0,Electronics,41.71,3
b5e2e3dd-36b3-4752-98e2-bfb723b51d3b,2023-11-24,3981.0,Electronics,155.54,4
a3dcbae5-ebcf-492b-af5b-3b5e052439b1,2023-05-26,2292.0,Home,269.07,10
470953e2-23fa-440d-8c7f-7b6c50ed7f01,2023-11-06,6531.0,Electronics,386.66,10
a00826ac-deed-4c44-870a-4c9055793168,2023-09-12,9938.0,Toys,206.02,3
df9ecf4b-a85b-4624-93a4-35beefd1f68a,2023-04-15,6573.0,Home,487.81,9
ea8a5da0-c5fb-4c62-a361-8d3eab81c60c,2023-03-04,5382.0,Electronics,309.61,3
0e3db540-88fc-4b89-84af-81f876a29c81,2023-06-10,4110.0,Toys,16.47,4
b118105b-a231-4455-8190-1a51a3e89d7f,2023-01-26,5609.0,Toys,0.0,5
5081662c-e274-4496-ba9c-332909e1fb6b,2023-07-07,1741.0,Clothing,196.24,10
daa588eb-d818-4236-8a6a-592cc3d41649,2023-02-19,7453.0,Home,257.02,3
33c6e8c0-abbf-4f57-ad0b-49639c868a59,2023-09-23,8487.0,Clothing,85.44,5
7607cd7a-949d-4658-96ed-e27dea38c27c,2023-09-18,9721.0,Toys,338.53,1
49884ded-c444-40bd-8b52-2fb04043cc5f,2023-12-02,4728.0,Clothing,388.43,4
8f417b8a-6ec3-495a-817f-b32edbc9c7ae,2030-03-31,2800.0,Toys,208.14,1
0a565358-9939-4ebe-9308-b60c07c54926,2023-10-15,6325.0,Toys,456.5,5
be90f7c2-8328-4830-bde5-0999feae6602,2023-05-07,5571.0,Home,346.67,9
b1b2059a-9fa2-4ee4-85ce-9b28cde5d568,2023-05-21,5715.0,Toys,175.84,1
7971c355-5026-45ca-9db5-f7ed185245a1,2023-06-27,8247.0,Clothing,466.85,10
80f57621-81d8-4045-9fe2-e55d40c30d0a,2023-01-26,9700.0,Electronics,54.77,3254
353930cf-d88e-4d2a-b630-ca29d3fa8231,2023-12-01,8793.0,Home,454.43,9
13bcb052-046b-45a5-8647-b9aef5be409d,2023-01-20,3868.0,Electronics,250.22,5
bb6d6fb2-5a72-438e-9b08-502d7b1cdcd8,,2758.0,Toys,249.49,8
004dcc1b-affe-4dc5-ae01-07a0820615fe,2023-06-19,3662.0,Clothing,-33.48,4
2fea518d-2866-4ac1-9e23-42868744d095,2023-07-27,8007.0,Clothin,241.34,2571
cc231e69-099c-4ace-81bd-d8b4b2fd3a38,2023-06-18,5947.0,Home,35.75,7
ce7edb8c-09bd-4782-8362-e6d13f7b60b4,2023-12-27,6095.0,Home,478.89,10
3f97d04f-02c0-4c0b-a448-52881c3e4e64,2023-08-30,9806.0,Clothing,394.75,6
d6db2aef-54ff-4986-873f-0c7615f64043,2023-02-01,9972.0,Clothing,223.71,8
417dbbf2-cbfd-4984-8e33-fff643bd8fac,2023-01-29,8429.0,Electronics,157.54,-3
5936a183-0cb5-444b-bb1d-5286da22f817,2023-10-24,2196.0,Electronics,447.64,5
d9660778-3a06-4e36-8111-5e0838a3ff57,2023-11-25,7887.0,Toys,190.94,9
7497ac3a-01a5-4c87-8dd3-41265e6ea00a,2023-03-02,3924.0,Clothing,6.72,-3
0bb77b60-ad99-4d38-8f9b-2c0c0a77ee4a,2023-08-06,9715.0,Toys,469.02,7
3b190339-eafc-4489-b010-1f98d3c15086,2023-01-09,4943.0,Electronics,436.75,8
1ef1d14c-fa04-4cda-aea4-676297e7a148,2023-01-29,3295.0,Home,410.1,9
1792723e-45cd-4d42-a3bb-56f7de0b380e,2023-02-01,3869.0,Toys,323.44,7
ad8dcdff-48bf-4ef3-aa42-bb93ecb54975,2023-04-05,9813.0,Home,234.2,7
d8e44b2a-2f06-44de-84ba-4f325ca350e8,2023-05-05,5177.0,Toys,363.67,10
13a9d031-c744-4032-860c-0af7dc2d998a,2023-04-07,4555.0,Home,109.84,8
8e0d6da9-4f69-4fa5-98f3-292660824c62,2023-12-27,4350.0,Home,269.16,9
8e10b0fd-b5aa-4b81-bbc3-ae9955ad74b4,2023-08-29,6246.0,Toys,371.92,-1
f8ccf18f-8b7f-41f7-82bd-909e9fcbfc67,2023-08-02,5836.0,Toys,277.57,8
65137f58-b211-423c-89af-cf0d805ee2c0,2023-09-09,8550.0,Clothing,96.1,1
be58e553-8470-429d-a33f-0e1df4726187,2023-02-08,1794.0,Clothing,113.27,10
936fd86d-c537-40d5-8699-f83cbf432fec,2023-01-09,1108.0,Electronics,488.85,0
162733b6-919f-4cc9-8dd7-cb3f4e2fce92,2023-04-02,2753.0,Clothing,408.53,6
ca4f59ad-ba12-4aaf-8d99-249fedbb1228,2023-05-05,4700.0,Electronics,380.99,9
e276b008-f490-496e-bc71-0c7eefe06ee5,2023-12-26,3807.0,Home,52.2,4
522b9117-bacb-4cce-9f14-78dbc214b4f1,2023-10-18,8790.0,Home,21.29,4
f000bdd3-bf13-4957-8774-4176244d2bb9,2023-12-31,7525.0,Clothing,340.13,3
fed175c4-cecd-4d45-91f7-ed305fc43bdf,2023-02-10,9204.0,Electronics,173.59,7
b83f1e12-2af7-4e54-94ec-b39955e7b02e,2023-11-21,5478.0,Clothing,218.76,2
dfc844d8-e521-4228-997d-2aa3c2f06b92,2023-05-07,2204.0,Clothing,57.74,-3
bb35f02f-9dee-486c-8e74-e7256824e600,2023-02-22,3170.0,Toys,279.34,7
8c65957e-87f8-4547-8857-86b4be6ccb02,2030-02-22,7353.0,Clothing,193.46,8
c8c9e749-cc31-4007-bbdf-174839274b39,2023-05-22,7899.0,Home,314.39,2
451595c2-4aa0-4734-a888-a9c26fd475c2,,7483.0,Home,412.65,5
5904aab5-8cb7-4756-b1ba-d548309e6bb6,2023-04-13,8848.0,Home,248.05,7
740bb812-b90b-4138-8151-ed6de3161bde,2023-07-06,2865.0,Clothing,476.74,8
4b5b1bab-4a87-4782-84b2-4ee9a765d317,2023-02-05,7703.0,Home,359.04,10
96f9a14d-e4bb-45dc-bafa-5266b3bd1159,2023-09-17,7853.0,Home,298.94,4
5dabb43b-ed4f-4646-b9ba-f50b77d293c5,2023-11-28,1725.0,Toys,399.13,4
3b87ca3c-c57e-4532-8101-89374791a382,2023-10-25,4621.0,Clothing,56.75,2
459a9668-9b48-465c-a082-724c05240b29,2023-06-28,6110.0,Toys,362.39,1
b3394eb6-289f-4f1a-a643-15bc22e4f17c,2023-06-25,2791.0,Clothing,168.84,7
e5552212-b95d-416d-8b00-164f0ce8fe1d,2023-12-03,8080.0,Clothing,7.2,2
25a960e8-5844-46e3-9810-e088588e02e3,2023-10-02,4063.0,Electronics,266.22,10
aa7cfd48-f84d-465d-a30b-785d91dfce9c,2023-06-30,8501.0,Home,337.69,2
c9acae7f-076d-47ee-9641-a6313d251657,2023-09-19,7364.0,Toys,271.0,3
4b989602-d54b-4d1e-bb57-afe02ba16560,2023-03-13,4065.0,Electronics,244.88,9
b8eb34fc-5cc9-4831-84d1-bf8a09554c22,2023-12-17,9056.0,Toys,398.96,4
35857353-6dbf-47b0-bca7-03d8db3b6641,2023-08-23,9115.0,Electronics,495.49,8
f06154e3-d05b-4e51-9fe6-a65905e5ed89,2023-02-22,5055.0,Toys,48.06,4
66c3b1c5-9e0a-4afd-8898-4bb137ae00d3,2023-12-19,6744.0,Toys,107.28,6
c4567464-963c-4fb2-8a2a-7daddc5a0587,2023-03-28,6302.0,Home,450.58,7
042ab51e-b463-4114-b550-60e554619d4f,2023-12-02,3078.0,Clothing,381.93,10
7c3d419b-cd49-4da9-8094-5b2de188477e,2023-07-12,8405.0,Electronics,348.88,8
3d17c70e-ab43-49e1-a271-a5a6d3aee2df,,2526.0,Home,201.87,8
63bd3282-59a4-4457-827c-bfda5942d820,2023-06-22,9967.0,Toys,382.32,8
a54f53c8-a701-4005-aaa0-da17b4bb32f5,2030-01-21,8230.0,Toys,70.3,5
6aa75a38-0966-4c3d-9feb-b72a14ab1723,2023-02-12,7092.0,Electronics,351.22,2
a4291376-6582-4271-8c6c-b1efd60eae70,2030-03-03,2276.0,Toys,-15.92,7
2ca1fbe0-ad52-4840-bf36-16e6933d6c46,2023-04-28,7276.0,Electronics,72.88,3
52e5b35e-aa55-4f6b-bfa1-d25de0d6edc0,2023-02-05,9691.0,Clothing,315.9,8
1bc2ba6b-e07b-49e1-9104-ca26989446f4,2023-02-21,3293.0,Toys,396.58,4
422921a7-1c1c-4955-9c04-dbdce79f6838,2023-11-08,5668.0,Home,98.38,4
821ca778-c699-4a6a-8781-d7e9fdbada50,2023-09-13,2163.0,Home,431.1,3
248bf8c1-e016-4686-9d4c-63ad4ee45cc2,2023-02-07,1273.0,Clothing,395.7,9
8d889218-c4ac-4722-a964-419677226a00,2023-07-25,2350.0,Clothing,258.1,9
41aac333-a2ef-4795-a7ac-93ccebaeca4e,2023-11-29,2083.0,Clothing,220.07,5
1a4b8601-e224-4b01-a9e9-07d21cc689d2,2023-03-31,,Electronics,263.89,3
087fc437-6802-4f99-9d92-51e6fe687bb7,2023-05-18,2934.0,,135.16,8
0b2cd082-1e3d-4b5b-a6ba-57addc919164,2023-09-13,3734.0,Electronics,62.09,4517
5b2a7655-9137-4bd9-8f57-7b6106e27680,2023-08-30,6963.0,Electronics,371.63,7
d5c858d4-ba88-4a60-8382-ec2296c3fc1a,2023-02-09,7108.0,Electronics,490.8,8
20ada12a-f704-4ca9-82cc-a6edac3398e2,2023-06-09,6362.0,Home,155.44,10
7d707e10-05e3-48cb-b48e-6681d125405c,2023-04-11,9954.0,Electronics,273.06,1
401d2a4e-453e-45ac-af09-439871bc9e7f,,7164.0,Electronics,212.81,3
2371b25f-dfbe-4955-8dde-70351920dffc,2023-04-29,9515.0,Toys,52.31,2
3a01bc7e-32c5-43da-8cd5-1e0ef8fc6302,2023-12-06,3141.0,Home,416.79,4
485c4521-d073-4a2f-a64a-87f81743826b,2023-10-27,2785.0,Toys,182.35,8
8bbbb4aa-2afe-49fa-af44-37d525e656a1,2023-03-22,5984.0,Electronics,78.42,7
fdeea242-4a61-40c9-b92f-88143ad9daa3,2023-05-14,3848.0,Toys,51.89,2
50819310-811f-4a86-924c-f6df461d3280,2030-04-10,4641.0,Home,46.6,2
0a2fef5a-bea8-4e66-8ec3-873ad12025fb,2030-01-09,4239.0,Clothing,405.4,1
96cdb738-439c-4134-af3e-a4a54a1f46b9,2023-07-22,9128.0,Clothing,141.12,10
061127a2-f43e-40af-b2e1-23749fa21fb1,2023-06-01,9173.0,Electronics,212.52,4
1b523eca-9203-43a5-b097-fba2c56307e6,2023-01-10,7266.0,Toys,164.19,10
5f7e60ba-fbe5-48f2-af53-2c4a8ebe96b4,2023-05-24,1959.0,Home,487.12,5
ffc444a7-4189-495c-a751-3e5bfe809488,2023-01-29,4594.0,Toys,423.38,6
8fcc6785-0fb6-4602-9e78-112f793247f7,,6761.0,Clothing,485.34,1
2a57f490-6602-469b-9fc5-3d33179a2c91,2023-04-23,1326.0,Elctronics,359.88,6
56aca929-fcd9-4efe-9ee6-9922ceb9fc2e,2023-12-27,3320.0,Home,471.25,5
f2086255-2987-48df-aa1d-9e95582c74c9,2023-08-12,8982.0,Home,91.8,3
8dab0ef5-507b-4301-98b5-971cec1c830b,,7415.0,Electronics,405.36,2
78fbd41f-22e5-4b69-8bf7-93c437e40269,2023-02-09,4899.0,Electronics,366.0,4
bece9eed-c4bd-4817-9909-4941cd4cc715,2023-05-12,2770.0,Toys,442.85,9
57624535-5a9c-47c2-82bb-9b1470ae883a,2023-10-23,4695.0,,134.26,7
6e7bb564-803c-4696-a179-9017b6268e15,2023-02-17,6536.0,Toys,328.55,1
742b5897-814e-4be2-979a-9ded62a9d0e6,2023-04-08,7705.0,Home,52.48,8
a7409d6d-bdfa-47a0-abb8-6cf90e83df08,2023-08-07,2435.0,Toys,89.56,2
875147c9-9687-4511-b83d-cbd2265cec3e,2023-09-08,5341.0,Clothing,97.36,5
81fca258-7093-4da8-9ab3-12b91769ee98,2023-02-01,3476.0,Electronics,209.92,1
a91a01f0-69e0-4f11-a317-245cc5ca4fc6,2023-08-03,9773.0,Clothing,451.87,9
67df3200-b152-411e-b2f4-90c517020840,2023-11-14,3415.0,Clothing,109.89,2
1a1191c0-5501-423e-b6bf-bb26fe2d88fb,2023-11-18,3422.0,Electronics,278.27,1
eaa0dd84-47e0-4d82-af51-030a8e0fde43,2023-09-25,7874.0,Electronics,54.99,6
5092c581-0364-4300-b813-61c87962c885,2023-12-02,8955.0,Clothing,306.28,6
91e9aab3-5faa-405b-b634-1aafc0fcd304,,8785.0,Electronics,158.92,2
54d5d6d8-1c9b-48ff-a121-90e968e006d2,2023-06-03,8259.0,Toys,223.65,8
42f45205-9ba6-418f-8b14-3f0f66962e2d,2023-01-29,9442.0,Clothin,426.39,4
83ce9b36-8c69-4f58-b762-158bed26d777,2023-01-30,5087.0,Home,412.64,2
d471fa9f-19ec-43ed-aa94-351eed1e8e42,2023-09-08,8308.0,Home,133.04,1
ac738530-3711-4c72-8911-26cf17663534,2023-10-20,4511.0,Clothing,14.93,1
4d03b10e-6c78-4ab1-9592-ce4714579c39,2023-03-30,1138.0,Home,141.31,8
961ef28f-0daf-42e7-828f-f9604566b72b,2023-12-13,9530.0,Electronics,-1.03,9
0e74de26-234b-4f2c-9c82-429b5ef5db84,2023-06-02,2771.0,Home,134.27,5
ea2407a0-0e88-438f-821a-be7315635c4b,2023-05-04,1930.0,Toys,362.04,5
28032926-9e25-4922-b9df-4586ddc0b294,2023-01-19,4111.0,Toys,256.12,9
a70c82b4-ed86-4ccc-82e2-785055236122,2023-03-07,5237.0,Clothing,328.95,5
e9e18b1c-6c09-4310-82d5-63f5b94b3b13,2023-07-10,5269.0,Electronics,293.87,4
ae625f09-ec85-4a2d-81b3-c35d0e1617c4,2023-07-15,9680.0,,174.62,8
292476d6-ff27-470d-a643-1788bd5ff462,2023-04-03,2324.0,Clothing,228.77,10
ed2ef1cc-3ee3-4bbb-9f65-9019991c9212,2023-02-15,3120.0,Toys,7.31,1
24769ab7-7ffc-42a7-a3c4-c3787ccc9e75,2023-09-29,,Clothin,175.45,10
8fa51541-b2ed-4fa1-8fb6-5815f5bf2250,2023-01-24,5885.0,Home,71.23,4
95e4831d-8a92-4516-8a9b-b82ef40e98c9,2023-07-26,1313.0,Clothing,254.79,1
568b0101-c0fc-4ebf-b877-aa275b874115,2023-10-01,1796.0,Electronics,0.0,7
bca4294b-b32d-45a9-9623-6aabe6e15c3b,2023-12-26,3508.0,Electronics,332.93,3
1101b7ce-0893-4434-ad95-361473237d4a,2023-09-19,2928.0,Toys,135.18,7
706b4923-ee89-47d3-8b86-c25920164905,,9132.0,Toys,0.0,10
7b5e836a-1348-47f4-96f3-07950ea75af7,2023-02-16,9383.0,Home,488.76,3
5a0cee9a-0b6f-4149-b022-44dec5a5ec61,2023-07-04,6123.0,Electronics,-43.22,8
c35cfb43-31b9-4962-b2f7-8b566f19e348,2023-02-17,7105.0,Toys,418.68,7
072f894a-f910-438a-90eb-352f0d71f5c9,2023-02-27,3171.0,,297.42,3
aa7c3802-96cb-4a0a-ade9-1277ccb1e87d,2023-11-10,1472.0,Clothing,444.36,6
841fec78-34e6-46e8-9a56-ec57e8d2dca1,2030-03-28,9598.0,Clothing,172.46,2
8ecbe5e2-755b-4e97-91fc-c84c0efc3509,2023-09-04,6664.0,Clothing,493.96,3
ef6ec869-2984-4221-9e74-b20483d7b4bc,2023-09-11,3709.0,Clothing,255.93,4
e4a23c1b-522e-4b5a-b08c-96edae1aa0cf,2023-10-21,8341.0,Home,328.42,9
e5da708c-c0d0-4f10-8ec0-0e2f73b31ef0,2023-11-06,5990.0,Toys,31.87,9
5074ee5a-cb86-48fc-9829-39c1243d3be6,2023-12-03,6952.0,Clothing,-32.6,9
40e8f3f2-a03c-466e-8554-aca6e39d1696,2023-01-24,3689.0,Toys,97.83,8
5ac4d5fb-5a28-481f-ad78-c6d288432436,2023-06-23,2765.0,Clothin,387.21,9
91f716da-96c3-4cbf-8212-1405cf868520,2023-09-29,1795.0,Toys,455.54,3
4b3ec640-2a7c-4b06-b44d-7b99e9c704a8,2023-11-07,6273.0,Clothing,485.39,7
1311fa6c-eee5-440c-a2c6-307071ac33c2,2023-09-20,5897.0,Home,318.13,5
d7226f16-a6b1-418e-a2ac-0df18bdeaac5,2023-03-09,3913.0,Home,283.33,7
e146d861-6797-4917-a214-ec175c183ce2,2023-10-01,5684.0,Electronics,76.94,3
c922d028-c952-430f-8dac-02c7ccfd60b3,2023-03-16,2016.0,Electronics,309.97,4
08ed332a-d922-4e64-b795-e2feb442e2cc,2023-05-02,9370.0,Home,193.88,6
a9f0fb2a-71b4-4ab9-ac5e-cb08d9418637,2023-05-09,4327.0,Toys,353.79,9
7cceb077-c774-4d55-8035-b2cfa6d10098,2023-04-10,5819.0,Electronics,259.35,9
a76bcbae-9833-430d-8c2e-ecca03755396,2023-05-11,1092.0,Clothing,300.46,5
090bd500-dbfd-4c99-8c63-edcd214d2542,2023-07-03,2194.0,Clothing,394.2,7
11f382f2-af06-4271-9d7a-89fea604d9b4,2023-04-20,6437.0,Toys,490.66,0
f7595c25-980d-4d93-977c-e9801dd9fc51,2023-11-25,4994.0,Home,61.12,1
0ce30e60-95d4-4ff0-942d-33b076164fe9,2023-07-11,9426.0,Electronics,163.55,9
8ff03013-2697-40b6-861f-30210d7d4953,2023-04-18,4492.0,Electronics,439.93,2
0f05c480-4f18-4906-84f1-e1bfc4d8ff97,2023-08-24,6434.0,Clothing,289.61,7
d40ef67f-5165-4ce2-acc0-e5eec37305ff,2023-06-11,1276.0,Electronics,379.2,2
3715effd-c0ec-40cd-adf8-805ae8c674df,2023-05-29,5937.0,Toys,20.26,7
6880680c-ac43-49d9-b4c3-1e00c72bfe4b,2023-06-01,3360.0,Home,0.0,1
07f2fa83-acc2-4198-b478-500be2eb1d13,2030-03-18,7456.0,Home,364.34,9
e0f75251-28eb-4e48-ad58-c90b739bf550,2023-11-12,5140.0,Electronics,497.18,5
efaa68f9-39ba-4470-967d-45dbb271559e,2023-04-12,8982.0,Clothing,450.56,10
4be2dc94-dde0-4b41-8dcd-647578a0bc3a,2023-03-20,6971.0,Clothing,-37.94,7
75841a44-67be-4b14-ad3d-c163c880b46f,2023-12-14,6432.0,Home,58.87,5
670a3670-12dc-4787-adde-dfa4299c777e,2023-10-03,4218.0,Electronics,425.55,10
6e8ec5b4-2348-4c4f-8c7e-3cdd0132787c,2023-01-19,5269.0,Toys,199.29,5
69ee8fd4-2e5d-4126-b5d3-e866beb3aad6,2023-02-16,7500.0,Clothing,308.95,8
ca6985cd-7d81-47bb-9065-6e83f61f8804,2023-10-17,3395.0,Home,119.72,4
36bc83bf-72c7-4e44-b11d-6e4b9ca3cb8e,2023-07-18,8695.0,Electronics,353.35,5
81fda51a-7d07-4465-bb8c-ac15bab9fff2,2023-07-12,7201.0,Electronics,454.09,6
78f1158f-d786-446b-b3cc-e9e09ec1e4a5,2023-11-06,1108.0,Clothing,144.0,10
f94c13a8-71fd-41d1-a20a-be380c8f2665,2023-04-28,7793.0,Toys,297.44,4
abba7bde-edca-4dc7-bfcd-ddf76b097255,2030-03-15,3639.0,Clothing,94.12,10
07505e73-817d-4938-803b-1e1bd6fde9c8,2023-12-05,5644.0,Toys,416.03,3
5ea4794b-5b2f-4ad2-abbb-8b800d78b23a,2023-03-27,6614.0,Electronics,58.74,9
af220733-7b17-415b-8e4e-e1fd8ddfe34a,2023-11-07,2577.0,Electronics,377.43,10
3cf50c2d-b6cd-4c26-a995-d8a9f3929a47,,8069.0,Electronics,469.52,6
de08eab5-f15b-4c66-ad79-4902c23825c8,2023-12-23,2600.0,Clothing,301.15,1
f5d36871-aa6e-49de-b9bc-c03c0b2a3c33,2023-10-23,9561.0,Clothin,207.38,10
99dc6462-6fc6-4fec-989a-54e12850baf5,2023-08-05,6990.0,Toys,392.98,9
4b3b2111-5015-4526-bf72-ec1e31a33607,2023-10-23,6641.0,Clothing,375.17,3
18086a2f-1fbe-4f47-95aa-01d3b7758b60,2023-06-23,1852.0,Electronics,238.48,5
42c37ceb-4221-46d3-868f-d3281dc36c9b,2023-01-20,7296.0,Home,473.13,8
fd601aff-6e81-462b-81c7-2de708137f50,2030-03-26,9489.0,Elctronics,309.52,1
24bb25df-cdf3-496d-836d-9bcf2ed78162,2023-05-22,7544.0,Clothing,38.97,9
57df6a8b-a09a-4992-9003-236f5e001806,2023-05-22,4707.0,Toys,206.53,5
23a64ea2-f82b-46b6-a2f2-33e0bae21f2e,2023-09-20,5222.0,Home,283.77,8
5e85faeb-b281-4a43-8c70-4efaefe48569,2023-01-15,8896.0,Clothin,352.08,6
c4746f30-9111-4f9a-9652-beb0056e647a,,5314.0,Clothin,279.5,4
6730d157-7268-4d0e-ae00-5abb4f007564,2023-12-16,4115.0,Clothing,105.37,3
0eb55a81-5093-4905-add1-58d45cfb398e,2023-02-10,9071.0,Electronics,161.13,10
d99b6017-1432-4d24-8b7f-7c2171ce3bc3,2023-09-19,5591.0,Clothing,241.77,7
9bb156dd-194b-431d-9335-412f1ab14792,2023-08-23,2972.0,Electronics,-39.67,10
1d22b057-7a73-47a8-8f8a-2626c9a572fa,2023-05-15,4885.0,Home,109.21,7
afac0272-291f-4b43-b1d5-9835148f7884,2023-03-09,4744.0,Clothing,102.05,8
a19d1d70-e279-45bc-86e9-0dd1bda392c6,2023-09-13,3203.0,Home,283.26,3
499477d8-a9da-4bfa-86b3-2c61b56d68b4,2023-09-01,2577.0,Home,405.96,6
4c495f94-31bb-4c8e-8ddc-e27d1606324e,2023-04-12,9821.0,Home,388.5,10
d94f33ee-aca9-4e27-ad85-ab14afda6299,2023-03-16,3745.0,Toys,425.21,4
9941ad84-1fc5-45f4-9f4a-d606e93439f8,2023-12-30,5382.0,Toys,375.21,3
e330d7d7-32be-42aa-9179-2b2680e72fe6,,4844.0,Electronics,52.3,1
33147543-4aae-4e4a-817b-8efcbce1bb08,2030-02-20,9584.0,Home,466.14,5
b45f6bd0-5a77-4353-a719-7b6d24435833,2023-09-27,3795.0,Home,436.09,3
43980053-bd76-4b3e-bdc2-a663cfa3eda7,2023-04-01,8480.0,Toys,158.28,2
9bc28efd-b822-403f-9f82-cb1f175821fb,2023-05-14,3551.0,,146.95,8
b961fe5a-e213-4c7b-bb94-5ba17e40dea6,2023-01-05,8052.0,Electronics,441.67,7
ec684d8c-3d26-437e-a368-7ff0a326c29f,2023-02-10,7917.0,Home,405.36,3
5d6ba943-6af6-42c6-aa21-d04f2dfc2e92,2023-08-22,8418.0,Clothing,485.01,-5
65ca5469-c8cb-4f96-8836-5e799aaa5de2,2023-08-13,1134.0,Toys,393.93,1
b3c7460d-9574-43e4-8448-903047566135,2023-03-16,1918.0,Toys,128.79,4
fb243e36-5f97-47d2-805d-3137aa45fd1c,2023-05-07,1549.0,Electronics,239.05,6
99dc4ddb-5c74-4685-9e6b-7b7dc94354eb,2023-10-09,9534.0,Home,432.51,7
f96b8c1b-1fa7-40d0-9af5-267430d1eb6b,2023-05-22,2960.0,Electronics,345.76,4
5a3a5361-7afe-4469-a2cf-91263382b2bd,2023-11-13,6544.0,Electronics,352.16,4
e766b1d5-e286-4196-afb4-15cd4422c05d,2023-11-27,6690.0,Clothing,-31.49,1
569231c8-63be-44b0-b442-203156feb626,2023-05-31,9892.0,Clothing,236.86,9
ce28c054-3343-4b44-a77f-1b325d183d5d,2023-08-19,5844.0,Toys,-18.74,1
0c709374-788a-4ab7-908b-9db1192de93e,2023-11-14,4912.0,Elctronics,343.2,5
9e1a91de-0ab2-4318-85a9-f8b17f2b6532,2023-02-26,2577.0,,20.48,1
4f4611b5-0490-4337-90d6-436434572694,2023-12-03,9026.0,Home,360.33,-4
dd387cab-a0bb-40c9-bbbf-ec1c6e8387dc,2023-02-10,8668.0,Elctronics,411.9,10
b99cf54a-8e6f-4942-a8b9-d42530f4e67f,,2153.0,Clothing,363.96,9
f738dae5-87a7-4e07-bfbe-45eee3cb3cb2,2023-04-02,7802.0,Home,216.4,9
5e0b4ad5-846d-4f52-ae38-cd073fbad4db,2023-03-22,9747.0,Home,498.44,7
4f4d1665-68a1-4d4c-9564-4f9e81aa607a,2023-05-04,9939.0,Home,480.11,-5
f5686098-9066-4e40-bce0-ad9e3849e449,2023-09-23,3213.0,Home,160.88,5
3fd292fb-35cf-4037-b694-692e03fb265d,2023-10-20,3534.0,Clothing,293.17,2
632dbbb8-0107-4e04-b905-3edc8f01ab00,2023-04-22,2264.0,Clothing,352.91,5
e92878f9-9bfd-4861-890e-52d9d2d69af6,2030-03-15,7251.0,,219.98,4
8ea1c88c-15de-4bef-a4a1-6436d4777b14,2023-01-06,7266.0,Home,253.69,7
d1c4a974-87b6-4ddb-93d8-b420ab31da0b,2023-10-22,9269.0,Toys,240.55,5
0a787f9d-3b19-459e-b059-c89f93aedde6,2023-12-24,3136.0,Clothing,102.07,4
5cefaeb9-951a-401e-8cb4-1d03c7d0f297,2023-08-09,6298.0,Electronics,177.41,1
ba7c8b55-e955-4ec8-bf4d-ac8d0718446d,2023-06-29,8245.0,Clothing,380.08,1
2927fac8-6b6f-4428-a242-e39ef2ce1be9,2023-03-17,,Electronics,169.28,9
6094d860-0402-4fb7-afc3-7317e6bf7fb9,2023-09-05,3315.0,Toys,26.52,10
4f05353e-436d-4d4b-b805-59564f3c6df9,2023-01-05,2091.0,Home,0.0,4
05d2b619-b36d-40c4-bc00-c0ca57870dac,2023-12-30,2631.0,Electronics,231.7,4
db5353a2-1d99-4bb7-be78-ed102d601773,2023-09-08,7445.0,Clothin,121.92,1
795599e7-3645-429d-b796-25d8480fc95f,2023-01-16,5590.0,Toys,194.19,4
9e2da7d8-b4de-4517-ab40-3dc07a471af4,2023-08-07,6118.0,Clothing,272.97,5
cc90ad39-6cf1-4ac7-a0aa-e7da3e1e015e,2023-03-11,8046.0,Clothing,83.23,2
40a4bb66-548f-4c6b-8249-4d7ccb01b449,2023-03-16,1483.0,Toys,374.08,5
afd30fbb-a76d-481b-b435-76a0581bf80c,2023-03-09,4026.0,Home,300.2,2
a4d125fc-d5e0-43be-908a-7c4e3f8a12e1,2023-09-15,8680.0,Toys,100.66,-5
04dc900d-edd7-496f-99fd-e379fc7f2571,2023-04-24,4323.0,Toys,165.82,7
889999ca-8659-49c5-978e-24d2ccf869d9,2023-07-14,6126.0,Electronics,414.37,9
f24e2602-873d-4f4b-a6a3-9d0b25502d06,2023-01-21,7347.0,Electronics,442.78,3
8f114ab3-da60-4467-8ae3-7d4099890577,2023-01-28,9470.0,Toys,93.99,9
cdef4c05-d6c8-480f-9fb4-9eb16bc12871,2023-08-19,1408.0,Clothing,165.42,3
44fefbc9-f95f-42d8-8257-08b3eb782e4e,2023-02-28,8362.0,Clothin,258.27,7
2043bf2a-537f-4853-a701-b88754afde49,2030-01-22,6491.0,Clothing,385.73,8
73ba2175-4e93-4672-bb71-387983834394,2023-03-09,,Electronics,274.03,-2
dad2a686-5131-4bbb-9b50-a9adecef35f1,2023-09-01,8434.0,Elctronics,-6.77,4
434af129-3593-4d23-8454-00c0131db8af,2030-01-19,1902.0,,303.63,2
089ff9bd-c1e4-4f2c-8822-d23d3f3d87c3,2023-12-11,5659.0,Clothing,183.29,-3
ca8e5e78-878e-4082-9a80-895ec8ceec07,2023-02-04,8001.0,Toys,140.84,4
773cfb4b-db7d-432e-96c7-5b4fb5f46271,2023-11-19,9666.0,Home,133.53,3
77386922-0570-48a9-bdb2-0b86396b27da,2023-11-20,9154.0,Clothing,5.78,0
b69a706c-2c24-4def-b5ce-c90b77d11c38,2023-04-17,7793.0,Clothing,-40.14,5
38081e6d-6466-4548-9c85-414dfb54b792,2023-01-04,2865.0,Electronics,417.74,8
3af003eb-c0aa-435d-8c9f-27b07a224ce3,2023-09-04,3545.0,Home,464.26,10
d4004f77-c0d7-4ef2-b657-1949ee1e9f6a,2023-10-02,1306.0,Home,421.17,9
1638634b-a8b1-40a6-81e0-f95817e7a0ff,2023-07-19,4070.0,Home,20.66,4
b80b88d9-537f-48f8-846f-1ef9a8d933d5,2023-06-04,4541.0,Home,457.11,8
5696d5ce-7d79-46ea-b817-6d8fa023d53a,2023-06-24,8921.0,Home,411.96,3
02c3c6d9-0adf-48b5-bfd8-748cbe1171b3,,7350.0,Electronics,424.82,1
f0538ad2-852f-4964-b642-c16cfd9212ca,2023-06-09,1368.0,Clothing,141.94,2
0b0d716d-c23c-47f8-bd6d-91828587c666,2023-02-28,1249.0,Electronics,162.65,5
77769d45-32f1-4d53-9d17-f442d0099dee,2023-06-09,6549.0,Electronics,57.43,3
98943303-1111-42d6-ade8-064d59cdce0f,2023-11-19,8304.0,Clothing,269.08,8
34d28aed-3951-4a0d-9201-35dbd1570d5c,2023-12-24,8672.0,Toys,76.14,6
469b5df8-01ba-4ffa-be7a-429cab8688f5,2023-12-07,6412.0,Toys,60.88,5
5383539a-71b0-4f70-9d37-7aa882a91ef6,2023-03-07,9322.0,Electronics,397.25,7
af8cb6c5-d799-4eb2-9d8e-30311084cef6,2023-03-23,8903.0,Toys,394.73,2
8187d250-0931-4652-a40a-991370f5c90a,2023-09-07,2873.0,Electronics,478.16,10
b261daa6-5a17-4fc4-aa18-61b61f0d347a,2023-09-11,2007.0,Electronics,229.22,8
eff8503e-717a-46ed-ac02-ebd7fc374db6,2023-06-12,5910.0,Home,360.31,10
18c9131e-ae64-4c19-8f2a-8d0aef457b75,2030-03-07,7622.0,Electronics,31.3,6
9bb937f3-6ed0-4876-8761-310e1d45e5e5,2023-01-16,4854.0,Home,220.42,3
95e20768-973a-44bc-ac48-c3e4616e3031,2023-07-04,7835.0,Clothing,12.78,7
5956e068-fcee-4566-914c-6bdc8be3f30b,2023-03-12,7813.0,Toys,214.94,4
e06fe3b6-0b84-4cc1-b1d3-5fa83602eb1f,2023-10-23,9161.0,Home,186.65,6
656fa352-6f23-4db6-a98c-ac0e4706802f,2023-12-20,2311.0,Home,445.51,2
f0aae539-6f7c-4809-9a7e-26fb27eedf36,2023-10-24,6119.0,Electronics,237.27,5
b35392d1-0356-47a9-b733-5c6ce9c13fb8,,5981.0,Electronics,288.57,10
f96fd0d8-ac04-401b-875f-07c75e2a01f7,2030-03-04,2351.0,,144.08,2
bfe7b775-7c59-477e-b635-5fd1ad189e49,2023-03-19,8317.0,Clothing,431.7,3
71877ecc-996d-472f-a7a0-7cee175f0df5,2023-09-11,7765.0,Toys,290.99,5
d203bead-a57e-42ba-b555-980951267313,2023-03-27,8602.0,Clothing,239.92,1
2f32eba8-46d1-49f1-812b-7edcce51485c,2023-07-15,6172.0,Electronics,180.14,5
679f756b-b78e-4d7e-9178-113e601c6254,2023-02-20,5183.0,Clothing,101.49,3
65299e13-da4b-4eda-8819-831578c20998,,1138.0,Electronics,179.0,1
2d049a67-29d4-4907-a6d7-b3b3693ecd94,2030-01-12,1931.0,Clothing,355.5,3
ef985c69-f8de-4e86-bb36-5e9ed29debb6,2023-11-28,4027.0,Home,42.48,7
48b817f5-93dd-4236-ae42-ce4fe97cbf60,2023-06-15,5216.0,,498.0,3
4f46925d-4d4f-4302-9d4d-ec493f1aef01,2023-04-13,7432.0,Clothing,308.91,5
4950e9dc-050c-49ca-9b84-a6779ce7c631,2023-10-20,5105.0,Toys,466.78,6
243d5013-ffc9-4d9e-ac84-b26b0dbbcffa,2023-09-21,9039.0,Electronics,0.0,8
73807d5f-a6f3-4412-bd90-110ac0794c36,2023-07-03,6463.0,Electronics,173.33,5
70203b8c-168b-407b-8cbb-1c3dca421e5d,2023-01-21,7294.0,Toys,182.83,4
de633768-d7a4-4696-bcc0-32012158a2f4,2023-10-31,4907.0,Elctronics,482.65,1
0613a996-9f18-4733-8f92-bd39f62d4a29,2030-01-08,6533.0,Electronics,263.94,9
9b0d5c5d-0415-4ccb-853d-100e64193fdb,2023-02-06,1604.0,Electronics,27.67,3
6a4e05c1-2ce6-4104-bb94-83bfe96b2b04,2023-02-19,8474.0,Electronics,251.09,4
cb0dfdf3-5725-4db5-9aa4-9cb7367bf380,2023-12-14,7586.0,Clothing,110.55,2
94c00fac-3fb4-4f04-a2b9-e0b99ade3be5,2023-08-01,3753.0,Toys,71.02,7
06885dfb-4434-4574-81be-43235b3e7137,,8978.0,Electronics,145.45,8
1e4dc325-7502-4d9b-8716-0ff1cba8c11f,2023-11-24,5439.0,Clothing,94.1,5
3c751f3e-18dd-489d-8076-e6bb223dfbad,,4860.0,Electronics,493.46,4
1fd2454f-ae4b-4b20-aa45-bb01c75694df,2023-03-18,8772.0,Electronics,108.75,8
61ba46df-216b-42cf-9f67-cd5e2bea3920,2030-04-05,1859.0,Electronics,448.06,6
581df797-ad20-499d-842a-2f5df8a5f539,2023-06-16,4769.0,Electronics,103.98,10
a5e2db13-a3e6-466d-9dd3-524b9175800a,2023-03-16,4541.0,Toys,101.11,6
f80a0781-38cf-4821-ba7e-c77f697353d1,2023-01-31,5597.0,Toys,113.83,10
428ef281-cc68-438c-ba5d-253ab96284e6,2023-10-11,4763.0,Toys,239.38,7
d9782959-2bff-4ae8-8ff1-1a55d2065f8d,2023-06-17,8114.0,Clothing,211.8,9
5af17aca-db8f-48a2-88bb-534b6b0b158e,2030-03-09,7460.0,Electronics,281.45,0
a5e050eb-a268-4b37-9de0-21445853147d,2023-07-03,5846.0,Electronics,353.14,1
10c52145-e10c-49e4-b204-fac5abf2a14d,2023-03-12,7641.0,Toys,0.0,6
3fc75a68-8275-4920-acd7-18ae770986e4,2023-05-19,9887.0,Electronics,466.46,6
e3c4d7a7-58c1-48d7-bd3a-0be81d14987d,2023-07-07,8624.0,Clothing,282.58,6
5f1873d8-8ac0-40c4-9be0-1b8d38a7b27c,2023-09-02,4437.0,Home,341.71,6
9ee030ee-3157-4db2-80ee-271e41a70049,2023-03-04,8703.0,Home,338.29,2
2b5beb54-e083-4b0a-8d56-71271cfff042,2023-02-14,2313.0,Electronics,350.06,9
88800779-b6a9-49f8-be31-120ff822e0f3,,7824.0,Clothing,370.17,-4
624d49f8-673b-4f45-9f73-0478f335aaf7,2023-04-29,9513.0,Home,245.64,9
ff23b0e4-ed5b-4af5-bde1-d90f57b65f1d,2023-03-09,6021.0,Toys,423.53,3
1ef8675f-d74b-4c1a-a6c5-cf71b84648b5,2023-10-02,5673.0,Clothing,496.92,6
4047771b-0169-414b-995b-56d23f25ff7e,2023-01-18,6192.0,Toys,154.27,8
1b4bf815-a047-4e86-9784-1ed7a886cfcd,2023-06-13,,Home,448.51,10
a001a61b-f158-402d-bcb4-bf75a8d00bc0,2023-08-15,6549.0,Electronics,157.5,8
deb574fd-255d-4e50-b0f3-3ea13f18137f,2023-11-08,4197.0,Home,425.48,9
c3f90457-758f-4cc4-ba44-9ac41e41194a,2023-11-05,9381.0,Home,216.68,6
700e9ad0-efeb-4b93-8151-bf77a1c93f42,2023-10-15,2435.0,Toys,403.81,7
7b1b6f80-37cb-48e5-8816-6c93ecd832dc,2023-02-14,3353.0,Home,379.28,5
7cbb4d60-e031-407c-b0b4-fff1a5c3d8f1,2023-12-30,3243.0,Home,413.99,9
4c78eca0-5ef5-4c8d-b0c1-ad903cac1d99,2023-01-02,3523.0,Toys,147.41,4
ce1520fc-1b88-4ca0-8d2f-f784b9004f70,2030-04-08,5541.0,Home,434.83,2
7395a607-fb1e-4b90-b6d4-f9e42f3c7334,2023-01-09,5252.0,Home,181.91,6
9acdb1db-5276-47ef-bb04-bc3a43f83783,2030-02-07,9677.0,Clothing,51.78,6
1a4dc642-6c3b-4d2f-909f-f9f6566df2b3,2023-06-04,5447.0,Electronics,76.14,8
27feaa3f-0693-4410-b216-70fd5324bdcf,2023-03-25,2678.0,Clothing,346.38,9
baa5e000-46fb-4274-84c7-204777e9da13,2023-08-02,8544.0,Clothing,159.23,10
58a3eb13-fac1-4988-9489-c8746bd05c7c,2023-03-30,5991.0,Clothing,345.58,2
977efb85-56fe-42f4-a3a0-7f358bbd3710,2023-02-27,,Toys,397.56,2
feac39f2-6892-4e2b-acce-5d7e080cb7e9,,5942.0,Electronics,451.08,2
7e4faffe-3d24-4a8a-9a72-b66051e682df,2023-05-23,6698.0,Clothing,410.7,4
edaa7c74-56ae-4cee-87ac-06f309ebecd9,2023-10-03,1070.0,Clothing,239.98,2
3ae6deae-be92-4ca1-b776-bae78f0d46b0,2023-07-14,7948.0,Electronics,235.62,6
399a1439-e795-4f05-9694-124de2e1b63a,2023-01-21,2347.0,Home,345.09,7
83debc73-7233-46d0-a860-3ce58c92516e,2023-04-07,2140.0,Home,248.37,2
b5270be4-6566-481f-9710-ff073c5c2809,2023-12-22,2666.0,Clothing,172.62,2
b1e110c4-b577-4ec9-bad7-57865912a596,2023-09-13,5563.0,Home,471.9,7
1002be97-f5f8-4a8c-99b7-9be819aba53b,2023-03-17,8448.0,Toys,19.71,8
49cb5dbb-29c8-4722-af67-b24e7b6e01ec,2023-07-15,6356.0,Electronics,262.37,5
89d3dcd0-169a-41a9-9198-3ee04503043c,2023-05-14,9887.0,Electronics,218.05,6
0bdcd414-cec8-40ee-a6e0-7bbb5c9d7e79,2023-01-19,1538.0,Home,218.19,2
6f6919a3-d20e-438e-b71f-a090127fc5ff,2023-10-11,9837.0,Clothing,249.87,6
cecce4f6-b69d-4173-aefc-ea3da1e71d0c,2023-02-01,1461.0,Home,18.32,2
89c59100-a2dc-493d-a1e9-adf147a3eb1d,2023-07-30,6755.0,Clothing,455.64,6
f1b27b39-d803-44ce-be6e-dc76f424593c,2023-01-20,8551.0,Toys,296.05,7
8a234aed-44ab-4461-b94d-d1c88833e384,2023-09-08,2639.0,Toys,173.07,7
847a9e9c-2fa4-4400-8e7a-2ee82d4494d4,2023-02-08,9779.0,Home,116.81,10
48c3b35b-95e0-4825-8177-d11a41fcbef4,2023-02-04,9700.0,Electronics,403.04,4
3ac184e5-00aa-49ec-bec6-43122c094e68,2023-09-21,8425.0,Electronics,97.34,8
297cc7cc-abe8-4f94-8042-169cd654c818,2023-11-11,8106.0,Electronics,78.13,5
bba2a279-d216-4b04-9dfd-201595180cb0,2023-02-02,4335.0,Home,302.61,4
882282b3-e099-4949-a72d-8bc77ab6683d,2030-02-09,8604.0,Toys,83.88,5
d8ba9eb5-989e-4b4d-bba2-873addb171bf,2023-01-22,8960.0,Electronics,36.47,2
f289e86c-b1d8-4ff5-826f-5e010921352e,2023-03-13,4867.0,Electronics,475.09,2
2f537a81-6ecb-4604-b35e-00d8f5dd6eb6,2023-06-10,6395.0,Clothing,57.87,7
63e746cb-ee97-4610-bd38-d19f06d9ba85,2023-09-09,9740.0,Home,126.94,3
508a5de7-8cad-426d-afda-048c90a00822,2023-06-07,1345.0,Electronics,470.72,4
49f5d340-0f4c-44e0-867b-9b6cdabba0b4,2023-11-24,6945.0,Clothing,455.35,5
d670c82c-278e-422a-9b87-256f56b9f229,2023-05-01,5872.0,Toys,384.54,2
0f4e068e-30ae-4e55-bdf7-ee2669e19f64,2023-08-30,7765.0,Toys,413.08,6
43eb66a6-481e-473e-8490-f64f06888b0c,2023-10-08,6353.0,Electronics,224.49,1819
413bd5ee-96b2-4508-91c7-a39ac2abadb3,2023-02-12,2815.0,Clothing,397.36,3
07d63c21-7128-4fd7-b524-6d57cb59cf0a,2023-06-17,5616.0,Clothing,418.17,1
4f34c22b-a5ac-4296-a476-22bdd1245f1e,2023-11-17,4747.0,Clothing,29.64,3
3cfe0fd1-0de0-42a4-9f53-617f2479e0e2,2023-10-18,,Toys,116.12,5
8f91da84-e1ed-4a50-883b-d6f8c9a42c5e,2023-03-08,8066.0,Home,94.28,5
4a61d0dc-57b3-46d8-93c0-de211b9b6131,2023-05-08,7056.0,Electronics,-43.47,4
3d77d48a-5aab-44f6-89cb-7174ae793647,2023-11-02,5198.0,Electronics,454.57,10
291de26d-5c6b-4b29-8e4c-a2ca5bc4e470,2023-01-03,5155.0,Toys,446.65,3
ac0c4afd-69e0-42fd-b388-1beac4f3d2a3,2023-08-28,3161.0,Toys,26.86,5
89021c8f-ce21-4aa0-8030-aad0cd13e717,2023-05-25,5312.0,Home,86.67,3
51ab14a6-e1f6-4ea1-b4ac-83fe41226e6b,2023-11-22,8208.0,Clothing,85.96,8
19707dbc-742e-4a16-849a-4bc4a6032bb4,2030-02-15,8949.0,Clothing,434.75,9
d591e025-ce28-4516-bb10-aa87a9474211,2023-12-06,4479.0,Clothing,385.29,1
a0125317-8d57-41b4-b80d-78a4b055d767,2023-03-04,7458.0,Electronics,45.13,8
ee4f7a9d-3658-4dc9-ad62-268f7ed09dbe,2023-12-03,1095.0,Elctronics,367.11,10
16c736cc-cfd1-426d-ba45-58760a39d391,2023-11-26,5635.0,Electronics,50.81,7
de1c6498-1127-4e2b-a4c0-e93046159513,2023-03-25,7365.0,Clothing,219.02,10
b869599a-8007-4329-839b-a0fcc36f1b16,2023-07-08,9399.0,Toys,214.42,10
17f727d0-50fe-4f03-9602-a133fea32c12,2023-02-17,1662.0,Clothing,465.68,2
89f7b1cb-8bc7-4200-a2d8-134090d26957,2023-09-02,5921.0,Home,151.26,1
059fb8af-96ac-4a93-be95-bafb95c128c5,2023-07-31,2548.0,Home,385.48,0
71aa1346-e2a4-4cdc-bc63-8e91b8c4ed6d,2023-04-04,7438.0,Home,379.89,6
a261f228-4d8e-46ea-a232-e7a184445ec2,2023-04-06,4458.0,Home,269.52,-5
684ae9a4-b84b-42f3-9e68-a8dcba5242c2,2030-03-25,8817.0,Toys,310.29,7
b09a0658-dc51-4a31-9e9d-eae2e72846a9,2023-03-11,1227.0,Clothing,326.07,9
a077a095-845e-4a37-aba1-4b2939ef8b4c,2023-08-26,3427.0,Clothing,225.41,8
fdfa699e-508d-440f-98df-c504811023ec,2023-10-19,7418.0,Clothin,210.76,9
6d70182d-df02-4f06-9a48-620eedd55822,,7548.0,Toys,14.41,5
feac8fa3-5b19-42d1-b4b5-84401a310bef,2023-08-31,2915.0,Home,84.86,8
0880e105-abe0-45bc-9e2f-9e4916d47a12,2023-12-17,6556.0,Toys,357.14,6
74791184-1c90-48db-a85e-c7dfab80b209,2023-03-24,4394.0,Toys,304.85,8
cf236356-334f-46d6-a1ed-5f42404b9018,2023-01-25,1297.0,Clothing,254.22,2
a6b7f12c-766e-4321-bf3e-103f0e3e5610,2023-04-25,8968.0,Home,280.73,9
ba673dc0-ca58-436e-a142-f046dd9baa49,2023-01-26,8173.0,Electronics,306.78,9
e94c34d9-357f-457b-a468-7bd332aebe5d,2030-01-14,3736.0,Home,223.55,2
df06e96d-36a5-4bcd-8bb8-80c2aa29a86e,2023-03-12,3014.0,Toys,0.0,5
b26b3d2c-8c37-47cf-81f1-1595bf51b03f,2023-07-10,7799.0,Clothing,394.67,7
2b2b7c29-0ac1-4832-9521-4ec86bb8d7ac,2023-09-22,6927.0,Electronics,39.44,3
896dee32-18d2-436a-acdd-855b28f29b67,2023-01-19,3473.0,Clothin,438.53,9
2af80faf-037c-4c8b-8ab0-5e60325b51ac,2023-06-10,,Clothing,106.54,8
e18136b4-abbe-49e9-b3d7-76f24f0972b4,2023-11-29,7627.0,Electronics,363.92,9
eaee1e44-5923-40ff-8c42-38247de61efd,2023-10-10,6115.0,Clothing,-6.37,5
5492c9af-ba4c-4320-8aa5-bc40a85b6a6b,2023-02-26,1982.0,Home,470.96,1
20371e4b-3077-4a33-a7b4-0b5998770f5a,2023-10-25,9737.0,Home,358.85,9
c87ddb09-d8e8-4987-b12f-5fb61eef0a4b,2023-09-22,4154.0,Electronics,208.97,3
bde403f7-39da-479a-bfcf-473d5f84d7a8,2023-07-09,9622.0,Toys,320.05,8
c1e91afb-44a0-4572-a690-77d4087c9987,2023-03-25,3364.0,Toys,432.32,8
fcaed3a6-1f09-4d69-9e9b-5a3dc959f387,2030-01-21,7051.0,Toys,148.35,5
706459aa-0629-4bdd-9464-4df8857979fd,2023-09-06,1458.0,Toys,445.08,8
e2710155-3896-4794-ad28-d383351f6578,2030-03-12,6712.0,Toys,450.64,10
1620a674-18f9-4539-a262-5c765d0693ee,2023-11-22,8551.0,Clothing,400.91,4
331a6d2f-caa4-4e9b-9478-102ba5f7ba7b,2023-01-24,8259.0,Clothing,399.1,2
6a7919af-4e3f-417e-970e-b0702f2bf068,2023-11-13,9877.0,Elctronics,253.81,0
e9d2df1c-d9cf-4a55-9572-8b6e7547da45,2023-01-10,5504.0,Toys,163.61,1
afa54ada-b186-4eab-9654-ee635b8ba07d,2023-01-13,9649.0,Electronics,146.25,3
0cad2bfb-001c-46aa-8b85-56bed7166d3f,2023-03-28,1965.0,Electronics,53.88,5
25d6436a-48b9-4a02-8868-1c26cb7b587f,2023-03-03,1849.0,Clothing,195.6,8
1a4d5176-0c46-4afc-aad8-af3d49bf85f7,2023-01-15,7676.0,Electronics,339.17,3
69ae176d-7745-488e-a34b-a57d44a45dd0,2023-02-12,9199.0,Home,126.35,9
59227e2f-0394-4ee3-a7d0-5412dc71db34,,8612.0,Clothing,-4.26,7
eaac22d3-5f88-46b5-8a36-86df8d047a53,2023-04-19,9361.0,Electronics,65.87,5
c7a82772-cee0-46ef-9aa4-4e5ff5f24445,2023-09-16,6215.0,Home,140.14,4
af19b85b-9e08-41c0-81c3-9080a8760fca,2023-01-09,3190.0,Toys,-49.53,8
78ef09c3-dc2b-4100-ae57-0e87528ba2cb,2023-11-29,2270.0,Toys,407.33,3
0a4313bf-39d1-4888-888c-edaab885c14b,2023-01-05,3044.0,Toys,-13.59,6
f4a6c118-7b44-46b9-af7e-fca0d98aa82e,2023-11-17,5967.0,Toys,248.95,1
4b07c2c8-2a65-44b0-895d-f247954b4532,2023-07-22,2817.0,Toys,370.71,3
69900604-6f0f-4c0c-86d9-735c8eca1e80,2023-02-03,3087.0,Clothing,140.79,9
c51457ed-03fd-4376-b7ec-b9340367b5d9,2023-08-21,1032.0,Electronics,422.95,9
fd7b1cc2-c4dc-4356-a8f9-d995af73c97f,2023-01-23,4678.0,Toys,170.68,4
b24b1724-5311-47bf-a87d-2a02dda216ea,2023-02-08,5095.0,Electronics,242.58,6
07f75fda-3e19-4276-be6b-f1dcad86d9ae,2023-08-31,4905.0,Home,41.09,2
276df9ea-b6b1-40ad-bb3f-1a434d915b73,2023-02-13,1994.0,Electronics,402.18,7
8152ec57-fac5-476a-9779-de38fcdfe443,2023-10-14,1855.0,Electronics,432.97,8
4e5acfe9-052c-498f-a1fb-7c5083e85cb1,2023-11-14,2659.0,Electronics,100.28,2
d57b65c5-09b5-4d8d-9e2a-18a6e73eb891,2023-10-21,3064.0,Toys,97.03,3
b7ac4c6c-9a0b-4871-a199-98b153e692a0,2023-11-30,6861.0,Clothing,174.74,3402
8bb0f64c-1afb-41ef-9565-d1ed8cbfa0ed,2023-05-02,9308.0,Electronics,104.18,6
158e14b4-23cc-4335-a438-2d2c7ff117db,2023-12-21,8657.0,Home,85.33,1
2404dff8-5d60-4567-8ac8-ba42843c05bb,2023-11-24,4654.0,Clothing,476.53,4
cf901f9a-02dd-482e-954b-067aaf906a21,2023-01-04,,Electronics,317.51,1
3df6f1d8-4865-47b5-baf8-2566cdb8026a,2023-04-23,5292.0,Clothing,422.23,3
1087a754-c28d-498c-8f6e-4b4d046c660d,2023-02-26,6544.0,Clothing,89.82,10
cdf08bde-d61c-45d6-9dc1-5983df50183c,2023-02-03,2941.0,Clothing,190.26,4
4691e022-ed51-4c9d-b2a0-80cb5a93f0bb,2023-10-28,4098.0,Clothing,398.83,10
8e726744-278b-4d72-803e-aede8f77b1e2,2023-02-11,8711.0,Clothing,324.31,8
d8befcaf-76bd-40ac-857c-0206d5363f66,2023-09-27,8918.0,Home,396.36,4
155e33bc-14e5-46d5-978b-b53195292cc5,2023-04-22,6013.0,Clothing,277.52,8
8a4833eb-6857-445d-ae9e-2e4869ff4846,2023-01-22,8622.0,Toys,403.23,3
e9470c10-0335-4f84-aac9-424f713ad081,2023-02-08,6883.0,Electronics,53.71,4
f1a0c40f-a6c9-4ec4-8f39-d71c2c305ee0,2023-05-09,5959.0,Home,73.24,9
05ae2d67-ed54-4754-acc4-e3d49371656d,,5906.0,Toys,380.11,0
f99fa3de-45c8-4f07-8548-8724f27bb180,2023-03-18,7512.0,Clothing,394.06,8
e6c4140b-892c-4ea9-9888-1db81d1a510e,2023-04-07,8025.0,Clothing,19.9,5
ecb817e2-34da-45bf-bea0-6110cd1c46c8,,6810.0,Toys,153.32,1
f8a001b6-310b-4079-9c66-488109e2ec02,2023-06-19,7404.0,Toys,240.01,5
3e520710-8fac-4bcf-8d00-0a20c33d9d26,2023-10-11,3910.0,Toys,-40.25,4
e0d3892f-f353-40ab-b30d-962be76fbeb1,2023-02-05,8449.0,Clothing,198.6,7
91e74ab5-3359-420d-8da0-810ef6fa2494,2023-04-16,3128.0,Toys,158.61,8
b20f8ad5-e765-46d6-a76b-74abb03df816,,3337.0,Clothing,440.22,2
114b1f3d-1e38-4d76-88cf-e67128a1c38a,2023-08-22,6681.0,Home,425.67,10
9cce7653-d1fd-473d-a209-288f6f47fc5c,2023-12-04,4005.0,Clothin,435.92,5
712f21aa-fee9-4cb1-816e-f4cdbbbd6f64,2023-04-22,9085.0,Electronics,57.09,8
bf1b43b6-9d0a-40c1-8f2c-e6966c545ac3,2023-01-23,8572.0,Toys,428.61,2
c36200db-7220-4a86-ab01-acbcd1129b62,2023-12-10,8606.0,Elctronics,221.67,3
6dc94755-5c8a-4c5a-abe3-731593b2f3c7,,2646.0,Toys,10.55,3
69597506-d2c7-4a04-a514-a3f21f128c65,,9721.0,Electronics,30.95,-2
8fb695a0-c379-4562-bc92-995c12939552,2023-07-11,4908.0,Electronics,100.12,2
f7473dfc-5536-4741-a91f-1ddae7a8840f,2023-03-27,3736.0,Home,314.21,7
16efae5f-597f-4254-a5a3-c23b5398cee5,2023-07-02,6298.0,Home,-39.57,5
8aac84ef-a20d-4d2a-84ec-00ded1adae53,2023-02-04,4580.0,Toys,270.41,3
cb13614a-c0cc-476b-8add-ed44f3cff722,2023-06-16,7366.0,Clothing,442.56,8
c57d46a4-4932-4e6e-b095-c3272b973343,,8354.0,Clothing,11.58,-5
da008f1e-286a-49fc-a583-f9c4c17a998e,2023-05-05,2300.0,Home,322.81,8
a6059ac0-9a48-4561-9115-599e455d9791,2023-05-23,6202.0,Toys,16.73,4
6b6f1ea7-9371-4153-b411-3547a8631ad6,2023-12-07,5068.0,Clothing,164.21,4562
33c54e3f-6e8a-4274-98c2-ebbb535d7f86,2023-01-27,3318.0,Clothing,466.25,8
34a33e04-ef8c-4155-8830-132f17a3c684,2023-05-06,7947.0,Home,104.69,6
5dddb282-2137-4a98-a4f9-7a6e8360b17f,2023-08-14,7925.0,Clothing,14.81,5
70193aee-dc76-42f2-a7fb-520d22c747f2,2023-03-31,5215.0,Home,40.61,3
820e0724-eb23-44da-92a3-7a6c89930ee9,,9203.0,Toys,485.39,10
4daef180-15df-490c-a26c-406ecd21eece,2023-03-05,7304.0,Toys,377.03,6
7f501b3f-1cc0-452d-b2ec-9b9e4026c874,2023-08-06,5043.0,,18.99,10
aa32bdac-17e2-4da8-9b99-a0e22ff29887,2023-05-11,5053.0,Clothing,-12.22,7
702454d0-7bc2-4c18-a239-47762fe499d9,2023-02-11,9495.0,Clothing,154.6,7
d600f252-6858-434a-8551-bccad505220e,2023-02-15,2790.0,Home,108.72,1
7a3806d9-0c36-4408-893a-d8fa5dd7fa66,2023-01-01,2587.0,Toys,89.46,4
8e0aa9e3-b34f-41a7-aafe-6894d3d52f1a,2023-02-26,8383.0,Clothing,380.79,7
3e386c55-9217-423d-bd8f-12ba22ab4eaa,2023-02-25,3721.0,Electronics,294.89,2
44e4e543-bda3-4c1a-979d-c6024ee1b6d5,2030-02-04,1118.0,Electronics,8.59,5
e0b431eb-93d3-4224-a7eb-9c2f170d3194,2023-06-22,8036.0,Home,470.79,1
a5682087-7fbf-4f35-918f-2d17b6d7003f,2023-02-21,1050.0,Clothing,-43.98,4
815beb1a-0ece-437c-a397-4300345a657e,2023-12-04,8785.0,Electronics,407.25,-3
ff5bebf5-bc57-4640-8d94-5ce6c9bed712,2023-06-16,8279.0,Electronics,471.03,2
81b2c08c-48f8-45cf-9268-d952662a6762,2023-04-10,3345.0,Electronics,154.17,8
edb25e88-7fdf-4c8d-b1d8-5a6cb5962dc2,2023-03-01,8899.0,Clothing,351.45,1
26154354-b4c3-422b-a9eb-83b735be3f8f,2023-07-16,5593.0,Toys,334.41,8
c446cb33-0bb3-4100-bbbc-89d23d45d04e,2023-04-25,2059.0,Toys,483.29,5
b951cf93-1e31-4548-946a-452a797586d3,2023-02-15,6574.0,Electronics,160.12,5
9ea4d741-1621-400a-a061-e47417bad5ae,2023-07-18,7941.0,Clothing,114.96,8
1a1d6816-acb8-4e96-b84f-95d4023930c5,2023-06-01,4586.0,Home,401.64,5
01c0f0a1-ae37-4adb-8e2f-91db9474f86e,2023-05-21,8836.0,Home,490.67,4
077f1ebd-19b0-4bac-bbb2-fff19de7fd70,2023-04-26,1861.0,Toys,408.43,1
739b44af-6c41-4f75-a108-b6fd369a1fd4,2023-12-14,8756.0,Toys,144.77,9
e90b6b6c-237e-482e-bf86-9225a9666cc8,2023-10-25,1886.0,Toys,223.73,4
bb0fc791-48d0-4f30-8a71-47aae37f58b8,2023-11-30,1149.0,Electronics,78.06,3
f03af493-36bd-461e-a2a4-af6db657f850,2023-08-31,3943.0,Home,315.35,4
f2756c98-627c-41bf-b695-3a64f31b6b12,2023-11-02,3826.0,Electronics,326.9,6
2e538d4d-0738-4a10-85eb-82ee4aed23cd,2030-01-15,2353.0,Clothing,-21.92,2
f6030d85-4390-4dad-87db-5325ac166ae2,2023-09-05,8105.0,Home,398.64,1
2503cd4d-7f98-483d-9b37-1b9f5bf77d0b,2023-09-29,9004.0,Electronics,331.0,3
8a518a4b-9f95-480e-9b2d-64782afc50be,2030-02-27,6149.0,Clothing,132.1,2
ad603ec1-823c-4785-9770-ef31d9d2f31b,2023-10-06,3811.0,Electronics,473.17,9
6fecb290-1674-4ef4-9bab-5c9f37750efb,2023-12-22,6127.0,Home,345.53,1
e40fca7d-4b56-4073-bc05-47ac67666ca8,2023-04-21,3198.0,Home,213.9,3
473c09eb-e4a3-4967-8af1-d55ee27cb6ae,2023-05-11,7968.0,Clothing,497.7,6
2505b26c-41bc-43c6-90ef-57416fe75197,2023-09-19,3687.0,Toys,127.51,9
6790133a-4ef2-46d3-9ad4-66b1c7344dd3,2023-02-15,6944.0,Clothing,9.88,7
c4a9d87b-2306-492d-9adb-57ad352a1dd5,2023-03-05,3879.0,Toys,288.22,2
8ff64168-8b62-425f-aa01-42e7a8d90202,2023-07-19,3960.0,Toys,9.7,3
010289fa-7a0a-4909-8230-4635725ec352,2023-05-17,1866.0,Home,306.31,6
4ee66cb7-bc75-4757-957d-ee6a11629926,2023-05-22,8008.0,Clothing,473.99,2
41351e44-2059-4924-9c61-d038dfccd708,2023-05-03,2534.0,Clothin,405.13,-2
92991f94-2bf0-49c1-b510-69c1003cdfa8,2023-03-11,8858.0,Electronics,455.89,9
0868e012-fd7e-41bd-9ac3-47041e7014e6,2023-12-05,9652.0,Toys,441.56,2
856c2ae3-40a6-4f7b-8207-862c2cb18508,2023-06-30,1834.0,Home,341.14,2
f8e9071f-15d5-40a8-b7be-2992e08fb8a7,2023-05-16,,Toys,466.89,1
40a063d5-b270-426c-b732-6b6e4b7cb09b,2023-09-07,1942.0,Home,178.11,1
da2e9590-8b47-4b2e-8bdb-58b2f7a3ca9b,2023-02-13,9668.0,Electronics,0.0,8
d83abb98-7e91-4ba5-9713-94d731c5ca92,2023-08-08,3984.0,Toys,74.24,4619
30bdf180-825c-414d-9f96-af3b711940ea,2023-04-08,5667.0,Home,103.5,5
14d26aad-f09c-41a3-b4e2-fc58070b491d,2023-09-11,3087.0,Toys,422.32,2
ef6e7c79-95f6-437a-b945-603d181dbe8c,2023-06-26,,Electronics,488.34,5
a4b84942-e15a-45f3-b1fa-e34e2ce79e48,2023-08-08,5059.0,Clothing,432.76,7
a4d841c1-ac5d-475d-bbeb-5fe66c7e282b,2023-02-22,9230.0,Clothing,23.99,7
10da184b-f984-426f-837a-9231bcb49e05,2030-01-26,2489.0,Home,114.78,7
591356db-bed7-4ed4-ac6f-51603fc34220,2023-05-18,6956.0,Toys,94.97,0
9ea76072-5e3e-45fa-959e-8f28cf52f085,2023-08-30,5590.0,Clothing,170.47,9
d71b2ed1-5f91-4229-82e2-eef78497fd4d,2023-07-04,6920.0,Home,294.24,10
28d74e74-8c25-4bf3-ac5d-17d09d9a61c2,2023-12-02,4120.0,Electronics,174.73,4
779a9df0-c953-4fb6-8d50-39422f0360da,2023-03-07,4140.0,Home,360.08,7
f4ce7a94-d788-4e94-8e77-a134ab0fd63b,2023-01-12,3735.0,Clothing,35.09,7
1eb7bdd3-3124-46d4-bafb-e67516dce496,2023-09-20,2228.0,Toys,305.57,3342
76945919-0cc4-4fc0-b5f1-1d5c831cc96e,2023-09-20,8461.0,Home,355.59,1
252fac58-2f55-4681-8071-8c49e1d4bb55,2023-11-24,3427.0,Clothing,322.99,9
8774bfc1-3d5f-496f-b002-f0e573b8cb39,2023-11-20,7047.0,Home,307.68,1
85f91a95-18a2-4bff-8479-8c54938ac4eb,2023-05-24,3895.0,Clothin,391.35,7
136838d4-08cd-4531-b388-1b9c89c70cb5,2023-11-17,4377.0,Home,429.82,7
575259f6-3ac7-4837-bd32-c0284a215077,2023-02-17,9125.0,Clothing,366.09,3
220a222e-09d0-4210-acf0-1b7f7dd19084,2023-12-18,4077.0,Clothing,204.24,1
06b4de80-02ea-473a-bced-a0d5eaf56954,2023-01-11,2802.0,Electronics,137.49,1
1d3a70f1-1d6f-4e99-ae43-404f48b730f0,2023-06-23,2392.0,Toys,242.06,5
33a990ea-1f0a-420e-85f2-aa96944c766e,2023-01-23,2684.0,Toys,16.88,5
c3897ce5-97dc-4f30-bdee-1c4be911f631,2023-07-16,2841.0,Clothing,181.87,2
603779e5-b636-4308-ac04-3eb36c36c537,2023-04-02,8022.0,Toys,154.27,2
3c76dc7e-f7dd-498c-9eea-c11cbffaedb1,2023-07-08,5348.0,Electronics,489.13,3
81e3d80f-e827-4468-96a1-107079937848,2023-09-02,2102.0,Home,68.13,8
5be9d404-2792-4d6c-9c8f-ed3c796caff8,2023-07-31,6463.0,Clothing,271.68,4
b18bf24b-7ce5-44d1-8a75-a4d9869d2fbb,2023-08-04,9633.0,Clothing,6.42,9
00351683-5d07-47fe-9ee2-d324fd635285,2023-02-26,1976.0,Clothing,427.39,4
62033dab-2b33-4bfc-9132-2799e2a6a463,2023-03-12,2920.0,Toys,215.23,10
e8ba158b-9601-4bd1-8bdb-f42587b68bdc,2023-03-22,1494.0,Clothing,407.79,3
5d1e9917-9c09-4492-be51-2e9f2848d739,2023-06-03,8703.0,Electronics,441.17,-4
f5b28cc0-c26e-4684-9760-95ca1ed67db8,,7940.0,Home,356.13,2
49875d89-4f0b-4593-aae1-60a1bf01ef82,2023-03-06,4471.0,Toys,281.85,8
f27f4d9c-552b-465f-a59a-213da4a18101,2023-07-27,7233.0,Toys,43.52,1
330a48cf-680e-428a-919b-5aa687a36ed2,2023-02-24,2070.0,Home,464.95,10
4b6c4936-f310-4321-a511-9b2242d762db,2023-09-05,1748.0,Home,-32.52,4
3bda3b12-4427-4f88-9d8c-4505451301ba,2023-07-02,3122.0,Toys,253.58,7
a45ac0ff-4c72-43d4-b8d6-56e8ab476390,2023-01-20,5753.0,Electronics,360.64,3
9374d1da-9384-4541-b831-0355e5bebe8a,2023-09-14,9459.0,Home,148.97,1
d92f73f3-808d-40ac-8096-2a848ac3cec2,2023-07-18,4917.0,Electronics,497.23,5
6ed1e233-7026-4aa5-aec2-2d5b2a82f7d0,2023-02-14,9174.0,Home,184.85,8
fed0353b-f6b1-4f9d-a8dc-8e2a41e7a9e6,2023-05-12,8242.0,Electronics,184.92,10
eb669a3a-eefb-43d4-83ea-eb9df29b8f3d,2023-07-07,9396.0,Home,227.8,1
f8c75599-732d-4a6d-b413-7727786bdb7f,2023-05-06,1130.0,Toys,41.12,2
592efba9-3bc1-43e3-97c5-1fb2d3de4b32,2023-10-01,8616.0,Electronics,385.27,6
9963d497-998f-4853-ba9a-4d8bd128043a,2023-04-19,8802.0,Clothing,110.67,7
80689846-b0e6-4e16-8955-8f3581448bfa,2023-08-09,8756.0,Electronics,138.57,2
3644944b-4a83-447b-b313-e4b928f68da1,2023-12-31,8396.0,Home,448.0,5
a3616e85-9c62-49b1-9a55-e4002fb499d3,2023-08-03,8890.0,Clothing,456.74,9
bb8e17bc-44fd-4065-a5e5-06edfee18304,2023-02-09,3369.0,Home,-6.07,6
94857605-036e-49b6-999a-109fd202dc52,2023-07-28,5305.0,Toys,318.98,1
5479200a-be87-492e-bc1d-27745075d9dc,2023-08-04,9947.0,Clothing,486.01,6
1e1c3d7f-9a10-4150-adf9-f0b894e6d0d7,2030-02-09,9226.0,Toys,208.14,9
676c55cd-ccec-4f7b-9be1-809639a2eed9,2023-04-01,8517.0,Clothing,423.32,5
65031b92-6160-4662-aade-b835cb00715c,2023-02-20,2435.0,Electronics,250.72,2
0d2e02b8-b96e-4267-8e77-ff7a4cb84175,2023-01-17,5749.0,Toys,428.89,8
b2c64c7d-aa20-46f4-826a-29efff9c2745,2023-12-27,,Clothing,331.05,7
59b43ed5-1339-49a6-915d-6fe5a2c58947,,7792.0,,410.92,10
3a22dc76-936d-4d16-b492-26b3b51aa5ab,2023-07-20,4156.0,Electronics,68.79,3
39089739-4063-407a-a72f-bf7ce412129c,2023-03-23,8166.0,Clothing,393.22,5
9aea73da-95ee-456c-8dfa-2da268a1b4f9,2023-06-15,4338.0,Electronics,18.77,2
ff8005c8-b705-422d-9a56-9edb84bdd310,,3138.0,Home,114.77,7
e1a1c61c-1412-4f55-bbc5-259309abe8d2,2023-05-21,2359.0,Electronics,65.73,3
a88bef14-4b55-4769-99fa-395e0376264c,2023-07-05,4407.0,Electronics,314.71,6
d176cbce-e09b-4ae8-ab90-514fdd8538e5,2023-03-24,3945.0,Electronics,176.66,1
3fb7f69d-20f9-4ed7-912b-ef4513ec88bc,2023-03-04,4159.0,Clothing,449.79,-4
6b850dff-9b0e-425e-a0ef-23ad76a19afc,2023-03-06,5384.0,Electronics,150.69,9
713e6793-8c55-43c0-9b99-cbfd81dcda42,2023-05-09,3833.0,Home,397.61,4
e4ea4613-e876-4c74-a511-824c50e5a0bf,2023-08-17,7942.0,Home,217.51,2
6ebab2b6-eb04-4939-b480-c69313c0f749,2023-09-19,5146.0,Home,405.48,4
8bc873bc-ef87-4311-84f4-c19370ceaddb,2023-07-10,3376.0,Home,110.82,4
8ff16525-8dcb-41eb-872d-ea8cfd0f3f8b,2023-11-05,4476.0,Home,404.68,7
f92801f7-4ee6-4978-bd8a-868f28f4b932,2023-06-13,4246.0,Toys,64.03,10
3368b021-7278-4c10-9625-4993c5570ba1,2023-05-26,1292.0,Electronics,421.61,9
b26e1098-b2a8-48f7-8ad7-59f346a6e627,2030-03-24,1266.0,,162.01,6
df9ec23d-9571-4153-8200-95f12f007bc5,,5889.0,Electronics,55.86,3
49c1a4b5-ef9b-4af3-842c-e756afc6f45a,2023-12-19,8138.0,Clothin,451.93,1
adb23837-06e5-4912-b49b-d0c1538e1dcc,2023-02-26,1786.0,Home,192.88,10
fc039917-0fc9-4aa0-a50f-3369476ef7b2,2023-03-17,7771.0,Clothing,488.29,4
51088628-e3b7-4e30-8585-452385fc6262,2023-12-31,2356.0,Clothing,106.92,1
1233ae3e-8dd9-4728-bdac-8e57098996cc,2023-08-28,7308.0,Clothing,259.39,8
a671737b-bbd8-4208-99d8-46c3f3640d72,2023-02-24,3130.0,Toys,391.11,3
4d29362e-33b4-4135-9fdf-73cf655b14af,2023-10-23,2672.0,Electronics,97.58,0
74ef0a65-5e76-41e3-9caf-789078388115,2023-03-02,2377.0,Toys,31.31,7
93399d5a-a008-4702-a501-ad165af2c0d4,2023-05-31,4103.0,Toys,29.69,2
24ee16ea-69da-4a5d-b286-9c6822ace268,,5361.0,Home,359.33,5
5aebd031-77a8-4cf4-bb0d-1cc727e10224,2023-04-15,6695.0,Home,254.1,5
89bc12d2-6886-4360-b380-806739264256,2023-03-29,6162.0,Home,11.3,3
d33cfe5d-c012-45aa-bd93-97c4d05173be,2023-03-29,1159.0,Electronics,59.15,5
9e8b140a-eb98-48db-870c-81ad5e5315fe,2023-03-27,3401.0,,368.73,8
713582b2-d657-4bf2-8b11-196ef2ea0635,2023-06-30,5933.0,Toys,365.47,-2
2c9ad2b5-01f1-4ea4-addc-0e1f1a186062,2023-03-14,6852.0,Toys,100.95,5
3339e5e7-4706-4637-b36e-c85a0f82d95e,2023-08-19,9632.0,Home,211.56,1
0a703c13-8ef1-4644-aec4-fa8aea75d7fd,2023-11-10,3014.0,Home,251.97,3
143b4ea4-070f-4016-a716-0223c505da78,2023-10-13,3664.0,Home,-47.99,1
e7a71898-c36a-4488-a2b2-fff11c8da0ca,,6771.0,Home,393.71,9
e86b9eb1-5513-464c-877a-ec4cfc70799b,2023-05-19,3337.0,Electronics,466.8,7
6e298ace-14e2-406e-b986-c111a5f6208c,2023-02-20,5280.0,Clothing,164.63,4
7713667b-c47d-4aa5-a7f3-1cf1b6f46155,2023-04-13,5932.0,Toys,438.58,8
0d9fef82-1c55-4525-b1ae-aca3e5ec4544,2023-12-17,6858.0,Toys,456.72,-2
8703b16a-a3a4-4bed-ae52-5e2d46103b13,2023-06-04,4975.0,Home,67.34,9
a7a61c53-f17c-4d3b-9d37-660351f0e6b0,2023-01-29,5426.0,Home,284.89,2
1f21a584-b36c-4d53-b772-140aac09bbef,2023-01-28,4359.0,Toys,321.64,1
e045995e-c830-4136-b9cc-2f0ba2f599c4,2023-04-13,2879.0,Electronics,56.29,-1
1c1ef5d3-c9ed-43ac-b815-1860dd51e1fb,2023-03-04,5913.0,Clothing,411.73,10
9ab014d5-354a-4afd-8c49-84fb69ebd4d4,2023-01-12,4027.0,Clothing,275.61,2
0c350e07-2b86-437b-bc73-008c4cf6aa10,2023-12-08,5508.0,Electronics,78.34,7
051aa18c-cddf-4050-a773-ac837a522eee,2030-02-08,1558.0,Toys,481.58,5
23c10ef1-9683-4f44-b78b-4dd00984ccc9,2030-01-21,6861.0,Clothing,198.36,6
16a43820-2f9a-4dfb-89ce-741a1fe5fbd3,2023-08-24,3294.0,Home,420.47,10
7b8f615e-7b2a-4a91-acb1-e0609b70dc53,2023-09-17,9608.0,Home,38.45,0
69851106-f596-4cfa-b3dd-c9bb5df4962f,2023-02-24,9182.0,Clothing,367.66,3
d4f5a461-4d9a-4f9b-ae67-486a18193a27,2023-08-04,2054.0,Electronics,382.86,3
1ad0f351-410a-49ed-b7eb-1da30981e97b,2023-07-13,3182.0,Clothing,341.03,7
41ba4121-01c3-406e-8775-97e0afc8da6c,2023-04-09,2409.0,Electronics,447.18,9
139a0fb2-8479-47a1-964c-25d1f1d01e06,2023-12-16,9653.0,Toys,450.38,8
1947cfa1-8e46-45e8-be32-5845c1623a37,2023-02-06,2280.0,Electronics,302.74,5
0bfb6926-e21d-4508-84fb-f80b958c1f6c,2023-12-27,6863.0,Home,427.33,7
0cf85973-d060-4ec7-b47f-6fc58f15ee1d,2023-02-26,8716.0,Electronics,104.25,4
ae2596ce-38ed-4dae-8e5f-b00c19390b5b,2023-12-06,2021.0,Elctronics,383.96,-5
864ba266-1e19-4009-8e47-2744e9002061,2023-11-10,2320.0,Clothing,22.62,7
c24ebc54-6480-462e-8bec-aa2e9453e522,2023-04-27,1351.0,,430.85,9
54742286-1fa8-4d2b-86bb-e83afa42c19b,2023-07-13,3051.0,Clothing,309.75,6
24ee3a06-3a65-4eb6-a94a-d7e15eed1885,2023-04-29,2507.0,Electronics,0.0,2
5edb177f-c9eb-456b-bb39-be873908efcd,2023-05-25,1716.0,Clothing,201.92,2
dd0dc829-9746-427c-9c85-c66f06428624,2023-09-11,6848.0,Toys,391.2,9
5ed7f968-d830-46e2-9a4b-941db012f711,2023-10-05,9248.0,Toys,143.49,9
51616ea7-21fd-486e-8864-06cfecb053c5,2023-04-18,3011.0,Clothing,222.94,1
0c329235-6c0f-46f1-82ac-8675ab11be1e,,5554.0,Electronics,195.05,-2
f889803e-bdbd-4c7a-80af-cf731268bf47,,4370.0,Electronics,382.68,6
eb3f2367-c65c-4e51-afa2-f110650edf6a,2023-10-30,4547.0,Toys,464.64,9
8ee61781-165e-45e5-bb94-a1341bcb1735,2023-12-14,5709.0,Toys,385.66,8
31cda0cd-5b7b-4534-8b5b-40219e2db4f6,2023-03-09,1248.0,Home,273.69,10
8346761a-ab88-49a9-9cac-4fef3b3b6508,2023-05-09,1202.0,Home,224.69,-5
b7861e2d-0d25-43d8-bca9-9f1786172827,2023-09-03,4569.0,Electronics,160.44,5
571d92aa-6b30-4a2b-99f0-b549c000ee20,2023-04-27,3858.0,Electronics,96.21,6
f5f82784-ac54-46bf-9e57-4018d4abb904,2030-04-02,4734.0,Home,0.0,9
6cd94fa2-14b2-4c94-84b4-325fb670cfcb,2023-06-29,2788.0,Electronics,188.82,7
53870de3-da75-4a65-976e-961c4a06af89,2023-06-17,6902.0,Home,312.85,3
f0b40043-2770-4aa4-b423-f1fa6877e79d,,4464.0,Home,293.43,2
04b9f1d1-302a-44e8-9cc4-3fabf2a5e186,2023-04-25,9249.0,Toys,439.85,9
4fcebea9-3c64-470c-b48f-081c44dd7f75,2023-04-10,5801.0,Home,486.34,7
6528e970-dbd5-4a25-9cad-4df44d71c737,2023-09-16,2252.0,Clothing,286.82,9
b220c185-6921-4ddb-88ec-9423452f3cc7,2023-12-12,3263.0,Home,213.41,4
2063e01f-4bfa-4ac0-a7f6-8e3dbfb8666b,2023-01-08,3732.0,Toys,21.87,2
ef8cc983-9424-4993-92b5-29562f2780fb,2023-07-18,7919.0,Clothing,449.23,10
17ee85be-e000-4b08-811d-8070c2d242c4,2023-02-07,6815.0,Toys,380.04,10
7c922af4-4621-4eba-8fc0-ac81c46a5357,2023-02-12,3494.0,Home,163.62,5
530fa43d-13bb-4f65-bd8b-4a529eb361d7,2023-06-02,9082.0,Toys,379.86,4
fee2fd59-208f-4d23-b4c6-87bb6a5b4e8f,2023-11-12,6150.0,Electronics,115.7,5
bb42e8bb-5e65-4a39-8e49-e7dd23d26d12,2023-04-29,5565.0,Clothing,-5.78,4
5652add2-a2ad-4e5c-aad3-f7bc27581582,2030-01-04,7054.0,Toys,416.36,2
dc19f937-f589-42d2-8ca4-28c417a97d8c,2023-05-15,2423.0,Electronics,373.42,3
2e63ce29-5e55-4c51-ae45-7bbcbe0e16a3,2023-11-19,9402.0,Clothin,219.52,6
ae633930-2357-42ba-bf74-c6e84a15710d,2023-11-17,1583.0,Clothing,471.87,3
247d6058-bd52-4c02-b273-dd6a00b3972d,2023-09-12,5630.0,Electronics,375.98,-5
5e4558b8-eb8b-4059-b89a-3776f4b1eef4,2023-12-30,3918.0,Toys,177.61,5
45f985ce-3966-4658-bc50-fcdc6eabdc1c,2023-12-09,8947.0,Home,113.37,5
d6e7781b-5ef3-4f8a-b859-7de103a8cf99,2023-05-07,7960.0,Home,202.05,8
9c8e05f4-1282-47a9-b95c-f432f0c6bab1,2023-01-15,5766.0,Toys,134.49,8
eac7daf2-4860-4289-9e86-2622361e8c33,2023-01-28,5396.0,Electronics,288.39,2
51014e7f-0c76-43e4-8c22-a38d1de6d6d6,2023-06-18,3117.0,Clothin,-31.42,6
4176ddd5-1f73-4826-9093-03094c3d2c9f,2023-12-02,1806.0,Clothing,200.79,3
d1d04286-27a9-4cd5-b489-22d619a62342,2023-04-21,5074.0,Electronics,253.24,5
7d1676bc-5a40-4f02-ac85-b9235056e4cb,2023-12-19,5051.0,Toys,371.56,2
2571c441-6c06-4402-926f-04fc4e0b954e,2023-08-01,,Clothing,198.61,6
e61ad34c-db36-4b40-85ba-55c83c480fd2,2023-06-04,5490.0,Clothin,217.62,5
091ba4bc-05ff-4ad2-b87d-dfd493e9e863,2023-10-01,9300.0,Toys,382.54,10
0678f36b-f01b-4135-b276-c49ed02ee60c,2023-04-29,8325.0,Home,488.03,8
b0684b43-99fd-4394-a1ec-004f3752ad8c,2023-07-26,8758.0,Clothing,208.87,1
65d76926-ef44-4647-9a71-466031a01393,2023-07-28,1091.0,Toys,327.74,9
b7e2b82a-b8bb-44b9-ae2a-21aeb8cca165,2023-02-11,2721.0,Clothing,375.33,2
618d575f-19aa-4cc0-b43f-5b9deeaa840a,2030-02-24,9113.0,Toys,211.98,-5
be82fab7-cab1-446e-8a85-253f76abc829,2023-12-13,5441.0,Home,148.65,6
819424fb-4830-4c4c-9360-8b34d9795f6c,2023-08-25,4450.0,Clothing,239.57,8
230f5520-4530-42f1-a783-6831a708e736,2023-06-09,4074.0,Toys,237.0,9
9a1cbb97-650b-4fad-9a16-69b6c36a8a3e,2023-01-08,4156.0,Toys,314.13,9
c54cab47-a434-4fdc-851e-1d92253a8646,2023-10-31,3497.0,Clothing,399.46,6
80bde4de-af11-4418-8be2-364822e3647a,2023-11-06,5542.0,Toys,0.0,10
3c8a5d08-9fce-4a8f-88b1-f9b234bf5d20,2023-01-01,6297.0,Clothing,334.1,2
3ba4b7d3-d856-419a-911d-910dabdee4c6,2023-07-17,8773.0,Home,421.88,5
48039208-e01c-4c60-b25c-e51a106d4600,2023-10-14,8235.0,Electronics,177.35,-3
3728510a-b5fa-4983-bf1f-155459a94000,2023-06-27,7948.0,Clothing,375.08,-2
340d2878-1db7-4ab6-a593-757c2d1a203b,2023-10-28,6085.0,Home,0.0,8
22d5207e-0124-4bff-bd29-5d5c8454400e,2023-12-27,5145.0,Elctronics,464.15,8
1fe68bd3-1d8c-47f6-bf41-70dd68efe792,2023-11-28,9938.0,Electronics,354.29,2
546e9768-93ee-4c5d-8627-c0797a47bc16,2023-01-29,8264.0,Electronics,427.03,6
c75c1c3c-f393-415e-9d61-52e3ce057e2f,2023-06-12,3772.0,Home,204.57,2
f68f857c-b104-4b73-92a4-d44d78263fc2,2023-03-17,5368.0,Home,207.58,1
1c6137d4-8e68-4c56-be31-ba9c06bbefaf,2023-03-02,6594.0,Electronics,62.55,3
e7ff8902-5ca5-4d04-bdf2-079f3c704420,2023-01-11,3774.0,Home,471.9,4
86abae22-490e-4a9c-9fea-6e49e270e47c,2023-06-08,1873.0,Home,116.85,3
a13b2554-6a26-46c9-9774-9bf3700eb85e,2023-08-14,5334.0,Home,227.59,1
fa716f0b-dbf8-4bda-80f5-da4fc3b39ce5,2023-03-21,9813.0,Toys,399.15,9
1ed76051-26ab-44eb-a9f3-8cb788447053,2023-05-18,2486.0,Clothing,62.07,3
c2c8624e-d5d6-4e31-8442-268f0a15f69e,2023-10-16,7191.0,Home,435.32,-2
ea4e0c75-e28f-414d-90b8-cb4b4594a7a5,2023-02-21,4065.0,Toys,222.31,7
fe182ef4-495b-4873-a64f-53df313f8a07,2023-05-05,5138.0,Toys,485.53,9
c04d499b-bece-4885-934c-7fb3b1597a7c,2023-05-18,7565.0,Clothing,482.79,10
ec7359f1-2b5a-4769-a6ac-a6c098e84ce5,2023-06-20,1881.0,Clothing,86.84,-4
834c4c93-5c62-4ed2-b9aa-53e6eb3ba477,2023-06-07,2316.0,Toys,343.93,8
859b08d3-56d8-459c-a99a-16f7122c1d95,2023-10-09,7456.0,Toys,382.71,3
02e3164a-110f-4162-bbd7-0c6445e9544b,2023-05-25,7956.0,Home,295.28,4
167f921f-3711-421e-a182-8490fc1db985,2023-01-01,7523.0,Clothing,154.46,3
0f62a3b4-61ee-4907-9b8c-292102147dda,2023-07-18,8875.0,Toys,261.09,6
ddbc3e15-deff-42c6-8569-cd78a7795642,2023-07-27,1200.0,Toys,0.0,7
48c8ceb3-8df3-4634-9340-82e5bc1215e2,2023-05-13,2899.0,Toys,357.45,2
fe002f12-fc43-433b-9c02-5b02edd172e8,2023-09-30,7282.0,Electronics,297.13,8
d8d12158-7590-4c7c-ade6-532128adde14,2023-01-21,2991.0,Electronics,129.9,1
b09d731c-bc52-474b-a688-ed847ff65783,2023-07-02,,Electronics,23.12,2
b0bed684-633f-47c8-815a-0a83a65d0bdc,2023-03-16,9084.0,Toys,413.66,9
59e2a2ab-ee3e-4ddb-a0dd-cb7ef9573d90,,6350.0,Electronics,43.99,7
b8c00278-c598-472e-a5ad-f08c36990f38,2023-05-12,2298.0,Electronics,497.48,4
944510c1-67b5-4667-ab0e-fa0d8130350c,,8748.0,Home,142.04,3
2f095b79-9aaf-4782-bacf-eb4bd1016266,2023-07-28,,Clothing,396.18,4
c2cf8826-2a0a-4298-afd3-2efd45f295b4,2030-02-11,4621.0,Toys,167.73,1
29c2e50e-e77f-4949-ac26-dc0130b2c498,2023-08-16,3486.0,Clothing,198.08,10
e73216a7-5abc-44b8-8207-acf0b0cff14f,2023-10-15,6657.0,Home,228.49,10
46759194-f344-45b2-ace7-152ef72ff1f8,2023-08-09,7805.0,Home,121.19,10
8bb4bf42-18dc-442b-b902-e137d27cb6f7,2023-07-22,4576.0,Home,389.87,7
6e58f159-b254-4ab5-93bb-24dab96dec61,2023-11-03,5569.0,Electronics,318.4,9
aba2fd54-77f9-4aa2-8f94-13893236a03b,2023-09-11,8600.0,Clothing,147.76,8
32a705ac-2057-4ad8-9148-8eeb8d01fbaa,2023-02-20,7280.0,Toys,311.34,2
0abfc392-f73f-4666-9503-b375180dd410,2023-01-12,6325.0,Toys,16.25,7
4ef19ac7-fb08-48bd-a493-2da2defa86b6,2023-03-24,8500.0,Clothing,103.89,1
87219410-069d-4ec2-ab9b-93c0c458acfa,2023-05-06,8268.0,Toys,303.98,3
9b58b65c-06aa-431c-b8c2-2106b1142068,2023-02-05,1112.0,Toys,431.77,5
4188529b-ab9d-43ad-af01-75acbc78fb03,2023-11-07,9751.0,Electronics,412.05,9
830f82cd-953b-42a6-b836-ad4bb99403ee,2023-03-05,2697.0,Electronics,329.99,8
20704306-fb11-449c-bcfe-8209f3f89d42,2023-11-25,2213.0,Clothing,346.15,5
e0eee684-132a-473a-abd0-d2b8d2ffb1a7,2023-03-13,3425.0,Home,156.8,5
bb7d2696-fc91-4928-9a6f-53a5d1f604b0,2023-05-31,3530.0,Clothing,132.37,10
2e827b8e-50c1-412d-ac01-21a88dc88b8e,2023-05-13,6966.0,Toys,486.34,9
af474c08-455f-4bb3-b9db-6773ac45d70c,2023-09-06,3770.0,Toys,0.0,5
13127f23-e282-4e9c-aaa5-23a05c32d2a2,2023-11-08,2959.0,Toys,11.04,9
a0bceaa8-246e-4257-8f11-8b4528de3a0e,2023-07-06,1538.0,Home,481.02,2
7235c9bf-4f44-47f5-ac4a-9385bdff3870,2023-10-18,9567.0,Clothing,126.32,1
5d34d88d-873e-428c-983a-0b2165017ade,2023-05-23,2496.0,Electronics,154.87,10
9a5ecde2-ceea-4279-a6ef-8627d29c7274,2023-01-27,6224.0,Toys,102.71,8
dc67a828-869a-462f-9f58-77223ca34382,,8041.0,Toys,403.85,1
14a79ebb-dfb9-4f16-bfbb-2714f57600b5,2023-05-19,9070.0,Toys,153.32,5
b543d660-64d5-462b-b154-88261a5a71db,2023-11-17,8209.0,Clothing,487.31,2
3e2531c2-bdbd-4dd8-8544-e91f5347776b,2023-02-18,8261.0,Clothing,119.74,9
7e079960-7185-4b58-8d84-cc339893b02c,2023-11-09,4445.0,Clothing,90.03,6
2b2eb0e7-6863-4943-a7ad-f8180ac80fb1,2023-12-01,7830.0,Home,155.29,6
d66603f7-3748-40d7-b5b8-227bc3ae30c0,2023-06-07,7968.0,Electronics,484.5,8
6d359e16-f5aa-4a4d-acb0-52066c2f119e,,4313.0,Home,216.61,4
981884f1-a1b1-4c1e-a1b7-656ad598c88c,2023-08-14,5488.0,Home,298.51,7
4c9bdcf5-ba80-4773-a12a-e269df1f2a15,2023-09-07,5093.0,Toys,174.63,5
8df7b564-6c84-480e-81ef-5c5c9c619bf9,2023-02-07,6317.0,Clothing,289.17,6
bbf39dd0-6c50-4025-8060-afe8a22709a9,2023-05-14,9700.0,Clothing,394.02,6
58ccd63a-4578-4e07-8202-4e23a69c2188,2023-04-20,4016.0,Home,353.51,1
d6414f26-2d77-4501-ab00-bd56170486ac,2023-08-07,7493.0,Electronics,13.02,9
5631234e-b744-42f4-8640-19312800438c,2023-10-03,9061.0,Electronics,487.24,9
f5283341-80ff-4ac0-9884-28662a280c35,2023-08-28,4127.0,Toys,445.23,6
d8013861-7b8a-4850-b8b2-1bd3047d3077,2023-06-23,8439.0,Toys,150.44,1
1e908f16-b3c8-4849-b5cb-326472a7ebd9,2023-05-13,4651.0,Toys,411.65,10
83ca2ae0-4a6c-4e9b-b930-988184ab02da,2023-04-16,6054.0,Elctronics,68.03,6
5344956a-7bed-425f-9e79-332ee8672bec,2023-04-14,5963.0,Clothing,180.9,8
cf13780d-6a2b-4053-89b6-c16f0f7e0eb4,2023-01-14,8273.0,Clothing,202.59,2
d1b3aa3d-ebd7-41c5-9eca-78f9314e25e4,2023-10-24,9462.0,Electronics,182.4,4
143fc231-a11c-4e79-b1f0-ff004fd82e52,2023-07-04,8831.0,Toys,-31.38,2
36d217b4-f73e-4adc-8cbf-95e649ec5243,2023-02-03,8113.0,Clothing,323.57,5
78ffcd2e-7fb4-45b8-8ed7-661f0af48497,2023-01-24,3305.0,Electronics,349.06,4
25ba0502-80e2-4705-98a6-fd5b97b74faf,2023-07-10,7797.0,Clothing,372.27,2
90a8b608-c4c2-458b-99e8-964c79256ae1,,4343.0,Home,17.79,-2
7d5207f4-f4ec-4b4e-955a-feddbbc1cf67,2030-01-19,7679.0,Clothing,0.0,2
ae5a08f5-e493-401a-87fd-7fa3f3e33e85,2023-08-01,9793.0,Electronics,451.93,6
9c6102d7-99d2-4640-a023-10c4fd6729ed,2023-02-19,8828.0,Clothing,403.7,2
83f179fe-1296-4d5e-a9c2-ad14345fa658,2023-11-11,2724.0,Home,335.84,5
7b4ffab8-7dda-43f6-b2ae-a2bdb7009745,2023-08-05,7140.0,Electronics,317.78,1
4de7d9fc-18fb-4c4a-92a8-ced025c3953c,,4896.0,Toys,316.21,8
f2c462c3-ef94-42af-b25a-0f241eba3783,2023-05-15,9943.0,Home,131.37,9
4bbaf698-9af1-4086-99e8-48769089a1a8,2023-06-25,9504.0,Toys,67.48,2
b4571ecc-1c42-4092-abf7-053ca3280210,2023-03-06,6695.0,Electronics,95.39,9
cfd1798c-c315-408e-94ff-9997765605d4,2023-04-24,1273.0,Clothing,28.26,9
fc17c255-d7d8-4305-ad4d-2eddc4f28c20,2023-12-15,3713.0,Clothing,80.27,4
56e66093-bb7b-4cb1-bdd3-75806600d6ec,2023-07-25,5857.0,Toys,72.38,2029
125b8043-c504-4756-a2bc-1fb775fbca39,2023-04-17,2094.0,Clothing,486.19,7
90d304f8-014a-435a-bd32-08e7ec208189,2023-07-20,4168.0,Clothing,446.86,3
1866f7f8-6f1f-428f-87ea-5c2de207b265,2023-05-22,,Home,301.23,2
38d0b543-ef28-47fb-aad5-90178395581b,2023-03-20,2153.0,Home,25.28,8
0e64b3f6-aaa4-475b-9f6c-0f8dcb5d2e08,2023-12-30,8983.0,Electronics,480.07,8
1ac21215-9655-4034-886e-3303eafdda83,2023-08-04,1928.0,Home,452.84,5
7710eb8a-af3c-401c-9827-ce73b1946709,2023-02-21,8955.0,Toys,391.56,10
1e0a1b5b-ca69-43dc-b518-78969140ecb2,2023-12-08,7268.0,Electronics,383.2,10
dc55f851-a6a0-468f-a8cb-3bf3a3441306,2023-01-21,6690.0,Toys,470.4,7
00b5cbf1-ddf6-4a20-ad24-4565db679ec3,,3961.0,Electronics,19.05,6
c765476e-3874-4bcd-949c-18ecd09d1dcd,2023-05-08,5532.0,Toys,385.46,9
cd53b2ff-cf1d-46b6-b663-44bb4e8ce43b,2023-06-28,3818.0,Home,403.55,5
0ac37d23-e07c-4985-bdf8-37cc90f87492,2023-11-24,7652.0,Clothing,428.71,8
e667681a-87fc-4f4a-85d9-6d0e9f15e1fb,2023-03-28,,Home,282.44,7
cedb2fc8-7da3-49e3-a2a5-fc153df8606c,2023-02-17,2483.0,Toys,173.38,7
6115eb1c-f62a-400c-bd3b-d9074a225fca,2023-05-31,2346.0,Electronics,496.38,-4
23e90c2b-ad7b-4ed5-b272-43b230f76503,2023-05-06,4700.0,Clothing,-38.06,-1
d6fee587-6d4b-42f8-9d08-8c7d6743c5e6,2023-10-12,4149.0,Toys,489.67,6
8f32d35a-33a6-4b20-b8a8-998cc38c3f04,2023-07-09,6972.0,Home,348.13,4
6573dd83-3244-4340-8723-fde728425264,2023-02-19,9314.0,Electronics,361.45,9
d54627b9-3ecb-4122-a5cd-f3ee0da31cdf,2023-05-18,1871.0,Toys,15.95,6
696221e1-082c-433a-9d86-7d2585b06f4e,2023-02-02,6806.0,Home,358.24,3
ba6cce49-471c-42b8-86ee-a922d2335327,2023-08-20,6076.0,Home,256.44,10
0a970c0a-881d-46c5-9790-d3cafcb24392,,1867.0,Electronics,36.5,4
31d5582e-c68a-4fb0-9741-ed5c36fed1f1,2023-04-02,3969.0,Electronics,204.76,7
b464e7c0-4ed6-4fdb-a20e-0d482d94f610,2023-06-25,3998.0,Toys,96.36,2
0fab5148-9f07-4483-971d-46cffeb4b2cc,2023-09-26,5223.0,Electronics,5.86,6
5f2a4801-063c-4e26-b815-148eb5e10931,,7141.0,Clothing,269.93,3
360dbcf3-f1ef-4086-948c-49913dd46e9b,2023-08-14,3908.0,Toys,271.11,5
94f0a830-f7fc-41ed-af07-eee60b1f63c5,2023-12-16,3955.0,Electronics,498.68,9
14f57f28-c7e0-4e07-ae9e-c814fda155ff,2023-03-01,2072.0,Clothing,398.06,8
c828781e-9a5c-4adb-b795-7fc346e88e2e,2023-12-29,2618.0,Clothin,289.67,9
5b5429e2-1bda-4a4e-9abc-56a6dd3fa077,2023-03-11,8338.0,Toys,247.78,8
89143f48-a51a-433d-8add-6da0cc4af296,2023-05-28,1903.0,Electronics,450.64,1
49302e3b-73b0-419d-acc0-b32788aa7094,,5963.0,Electronics,219.73,9
68b25d43-6394-4af6-a58a-be67f9dfc2c6,2023-04-20,2616.0,Clothing,105.79,1
1f2b8706-965d-40dc-9f07-0a04cbef0f16,2030-02-18,4375.0,Home,-38.22,3
ba342606-fbd0-41b3-926c-87bb7a7dec75,2023-07-10,7585.0,Clothing,461.48,5
b3fedf4a-af17-43d3-a00d-4c50e1e1e56b,2023-05-20,7704.0,Toys,98.8,1
33b46b31-5ddf-47f9-b8d4-6eec603ed8a6,2023-12-23,8358.0,Electronics,451.6,6
a8d9f072-5673-45cd-9f59-1c2697779717,2023-12-15,7524.0,Home,412.32,9
23fa537c-4be3-4a4a-99f4-8c80b471174d,2023-09-23,1584.0,Clothing,46.39,7
dc9aaecf-2ab3-4b0b-a53a-fce8c060b16a,2023-03-15,8242.0,Elctronics,109.16,3
86c1852b-ee1b-42e3-b67a-3093fc6bfb74,2023-03-31,6736.0,Electronics,149.44,4
6d3a0a88-edbe-49ee-9ac0-3f79c65a41b2,2023-01-13,8217.0,Home,482.27,7
66d4ea1d-ef23-4ae7-9dac-37cbd972960b,,3783.0,Electronics,120.66,7
3cedbc10-e7a9-4a6b-81b6-cc787e16c84d,2023-04-25,1576.0,Clothin,287.89,7
79a78f03-91e9-40e5-aceb-eaff26c38d96,2023-12-16,9037.0,Toys,229.84,5
0a00430a-ee26-4a72-aeef-9f14cf070437,2023-07-18,5214.0,Electronics,26.06,4
780c3505-ffa3-45c7-9d08-f83f37541b0e,2023-11-17,6782.0,Toys,476.43,7
0af23b99-5325-4f31-92bb-d3bdcdf82dda,2023-05-06,4554.0,Home,383.17,4
c4230bed-b2cc-4f60-aa4e-d14d58c93c9d,2023-10-05,8410.0,Toys,278.09,9
9ae94ed9-a757-4c53-b306-3e515f148542,2023-01-13,4382.0,Home,385.77,4
d272222b-6b94-47ae-a973-7036d7f62525,2023-05-06,3139.0,Electronics,47.45,-5
9dd703f8-932b-4059-858e-b1242a9a6362,2023-07-02,4326.0,Home,455.08,8
cf1732cf-d0b1-4c22-8103-57840490ed6c,2023-06-05,2662.0,Clothing,455.56,8
791893a0-6622-4cd2-8b3e-8a1265627ab7,2023-05-08,2857.0,Toys,440.71,1
2be1a550-2566-46bd-9739-2c0023ba4f7a,2023-07-05,8224.0,Electronics,285.56,6
8754f55b-87ff-45b3-87ce-3d7609415cd2,2023-06-03,7449.0,Clothing,357.15,10
ccddcca5-a1ba-4301-a012-d55f60803cfd,2023-11-15,7844.0,Home,262.61,3
aeb2b619-e667-41b7-ae7a-a16bb998e80b,2023-06-06,5310.0,Electronics,330.06,1
db0ecd34-9e69-47ec-8dd0-555302f1d2d2,2023-11-16,1174.0,Toys,197.26,7
7b8ae5cc-d857-4a5f-bdb0-fad6040efc09,2023-08-06,7671.0,Home,246.97,2
d6081f15-ae87-4077-b8e9-bf67cc92c744,2023-09-18,2859.0,Electronics,37.15,2
4d41150d-1111-4c9c-ba55-6791e3fd5555,,1220.0,Electronics,436.32,2
3a4da21f-2289-4412-9c5d-9deece1ed2fc,2023-03-13,4268.0,Clothing,6.9,1
e00c9f24-7cfd-4503-8ee7-61d5be1de445,2023-11-17,9672.0,Toys,147.59,1
cf4857d6-1a15-459c-9495-8e286efe4cb9,2023-02-10,3881.0,Clothing,42.51,4
773c4f48-918f-4a93-8510-6adf25452e8a,2023-10-31,5861.0,Home,175.66,4647
067462a3-d6ba-4b12-8031-6d449e608325,2023-03-24,2059.0,Electronics,44.58,1
2095cc2c-2138-409a-a8be-30cdb4698069,2023-06-13,6922.0,Electronics,162.94,6
2096c19d-b1ff-4c5b-84e3-d56006591de0,2023-06-10,9944.0,Clothing,235.15,7
8700b71b-4386-404c-893d-43282f857a96,2023-08-20,3501.0,Toys,395.19,3
448dc693-6f82-4ca5-a67d-c147d95f72d5,,3830.0,Clothing,79.2,7
0038e4ff-86d3-4ab3-aa97-767ec69365fa,2023-10-09,5549.0,Toys,84.11,2
ee66faa9-82e9-43b3-815d-d09dd948b280,2023-09-02,5740.0,Toys,11.42,5
8ae852ce-efa2-459d-9f3c-67df70bf0560,2023-03-04,3120.0,Home,187.94,8
458e0b06-2bce-4c07-b8c9-9fd3c6050f84,2023-06-17,4824.0,Toys,290.72,3
bfa87e58-b784-436b-a94d-fd65d7bdb826,2023-10-21,4750.0,Clothing,14.6,3
b3a391f6-14a9-4a7f-a2e2-a3d7059c3c7e,2023-09-09,8580.0,Home,100.62,6
0c349d94-d1e0-465e-a69d-5ef491060d84,2023-05-07,4659.0,Toys,478.55,9
092b1508-89ac-4894-8091-7737d941581a,2023-04-07,2972.0,Clothing,127.87,1
d3f8922e-5849-427e-8714-23c2466562e7,2023-06-01,1414.0,Toys,455.35,9
9b6edac0-433f-4f7c-b030-46d9861e5cb7,2023-06-10,2765.0,Clothing,85.64,2
011b39d4-ad68-47a5-bafd-e788eb0d8284,2023-09-02,7042.0,Toys,324.93,1
cb2b7abe-b880-4fa4-9e7a-dfba7a08f77d,2023-10-19,1645.0,Clothin,463.84,3
f8f1a195-798c-4ed4-b37c-917691f0650d,2023-07-04,6850.0,Electronics,264.72,3
c013ee05-9fa7-46eb-8292-f7ef1a2883e4,2023-04-17,8348.0,Home,343.34,0
4171f2f7-16d6-410f-a752-ad027fff7c3d,2023-01-22,1691.0,Clothing,163.13,7
558ac43c-ce66-4a8d-ab62-69f83f2e737f,2030-04-08,5745.0,Toys,296.89,1
ac78abc6-e2e9-4fc5-88f6-3ad6cd903bbb,2023-07-08,9341.0,Clothing,0.0,5
a6a91987-bf11-4b99-81a4-c670223c0dce,2023-03-23,4302.0,Clothing,63.99,10
7649337c-099c-4359-bd3b-92d62e5c023f,2023-07-27,4352.0,,106.76,5
e47cfbbd-4153-41a7-ac9e-cb93c4c633c2,2023-10-31,5970.0,Clothin,422.56,1
02a537ea-daaf-4fdb-8477-8f848a094abc,2023-06-20,4380.0,Home,378.16,10
8110ebdc-9d3b-4b1d-bb31-fe2a920a92b4,2023-05-08,2272.0,Electronics,473.66,7
187c8efc-46ea-4a1e-a558-653ae871e1e7,2023-02-19,1877.0,Toys,143.59,1
9a293f6d-0a36-4cc7-a7b4-4ce70feb3a76,2023-05-15,8486.0,Clothing,476.45,8
2b3ceaed-40da-4187-b841-9d0fa8b194b0,2023-05-01,8458.0,Home,242.46,2
55e01b4d-c4ea-411e-91fc-8cf3a47b2e75,2023-01-20,9149.0,Clothing,26.8,5
3f2b2bd6-fd8f-4fc7-bec5-9e3460bb86f8,2023-04-14,5379.0,Clothing,5.96,7
97854176-7fb0-4ba8-8151-308ce24869db,2023-04-29,1774.0,Home,86.13,9
13aa5be8-3548-49d6-9a85-00c0865aaa19,2023-11-24,6681.0,Home,149.76,8
8091c041-0e05-4bdf-af25-df00c6c97840,2023-08-10,2416.0,Home,228.13,1
18c42311-0c8e-415f-9223-ad45c395c594,2023-11-17,3376.0,Clothing,488.73,7
98176b2c-2809-4f35-b2ed-4185f95d8ad1,2023-02-27,9214.0,Electronics,471.43,6
a9b6c827-4fd4-49ec-9179-4ef15c249f6b,2023-07-11,9985.0,Toys,206.96,8
f99cc3bd-4abf-4d52-9c80-58b4416a60e8,2023-04-07,1009.0,Electronics,348.99,5
b57a8c08-f487-49bb-9f88-10821c8a55ed,2023-02-19,4129.0,Electronics,341.84,2
f7176a85-c20e-4dbc-8d71-d38d63c8d9d6,2023-07-26,1173.0,Toys,311.53,10
f82d7f9f-cf1f-4d34-bd05-0d229bd0a74f,2030-03-04,1516.0,Home,194.96,10
cb613c35-902e-4729-860e-63bbf643d8ed,2023-12-17,9033.0,Toys,129.82,2
c514668e-deb4-4647-ae7c-b7932f1b0dcb,2023-05-04,8688.0,Toys,10.1,1
ac3efe10-de61-4a38-ac49-592d7a1d9bfb,2023-09-15,3969.0,Toys,363.54,9
d0aa19dd-e5e5-4725-945a-02892fd1e36c,2023-05-31,3666.0,Toys,419.5,1
8b815e60-79b0-450b-aaea-b2a5f8e3293c,2023-12-01,3893.0,Clothing,293.87,2
d71d31e1-4012-4a57-a110-9bb962dcc81d,2023-11-06,1387.0,Toys,-24.27,2
09e37be3-a466-4952-bd76-6de98e7e8248,,8148.0,Electronics,334.03,4
2258485f-bdd1-4058-a64b-c976db7456d3,2023-03-03,1395.0,Clothing,189.79,3
3bcac917-8120-40c9-8542-3a39fa5ce627,2023-01-21,4805.0,Toys,-47.06,5
252ea85c-8ae4-4e35-b721-53d86ec0d4ff,,3245.0,Toys,240.01,7
388556dd-cf9b-4919-8783-4805f7b47653,2023-02-06,3393.0,Clothing,259.13,4
0c8ea6c2-c688-4c8f-a32a-1c1f7cccf612,2023-11-17,6926.0,Toys,435.98,6
0c83af4b-bbd6-456e-838d-9042c046c96a,2023-04-26,3086.0,Toys,82.86,2
6142188e-ea92-464f-95ed-a2e5b0331801,,2086.0,Clothing,142.31,6
7aa9f709-6ccf-4721-86f7-f8f794bbb1b7,2023-06-17,6048.0,Toys,345.78,10
9e455416-5e87-4bfa-b6a4-34b5ca360565,2023-03-12,8689.0,Home,36.15,5
eab7490a-1fb4-4bc3-95ed-8e71409fd3c5,2023-06-15,4922.0,Home,339.67,4
42212c5d-d243-4384-b250-0fd3550d08ff,2023-03-13,5833.0,Home,262.46,5
6fd73f35-776c-45fc-a7e1-042994b98849,2023-11-21,6527.0,Toys,359.94,6
cbdec8e5-52b0-4c63-a506-16b97d2c691e,2023-05-10,3038.0,Toys,-40.74,8
bb892994-022c-4feb-a77a-5a29eb3806bb,2023-05-22,9374.0,Electronics,247.33,6
5b2e24a5-836e-46ca-a897-4d99bba5bdde,2023-07-05,1892.0,Electronics,393.02,4
b8373c2b-3350-4d1b-b785-dd738abca07b,2030-03-26,,Home,114.12,9
05835e18-42d4-4431-892e-7179cf750ff9,2023-01-12,6189.0,Toys,477.46,5
f0f86799-3335-41e2-bad9-a3fb4a120c64,2023-05-07,7658.0,Clothing,143.34,0
caef2707-3ab7-4d7c-988e-c111c81c7ce4,2023-11-04,7335.0,Electronics,79.44,7
d96e1b64-784b-416b-97fb-1a9a248094cd,2030-04-08,5451.0,Toys,164.43,8
4acf8cee-718c-456f-90e7-20ad1df52533,2023-12-27,2267.0,Toys,112.87,5
9f064560-42bb-4db7-aff4-52296c425f76,2023-08-29,1397.0,Electronics,197.49,8
419b1162-2a68-4455-b66a-2ce668fcfcf6,2023-08-06,2465.0,Home,241.87,9
6122e836-b7d0-4f61-9240-6fba3dcecb95,2023-01-19,7249.0,Electronics,309.65,9
5c9014ed-4d80-43a4-a713-ef3f62d8db1d,2023-05-31,3320.0,Clothing,262.65,1
8e0b39a8-5475-4445-903d-e2d7a2785424,2023-04-01,5722.0,Clothing,101.72,2
483ce4e7-ff8e-4463-bacc-0280f929e50e,2023-10-01,3033.0,Home,466.41,4503
e0a8b123-48a4-41cc-bfca-a10c1a7dc0d0,2023-01-11,9206.0,Clothing,424.04,6
13d0c83a-5540-417a-847d-1f9c1d429578,2023-05-06,8453.0,Clothing,25.93,5
c288b4b1-9bd4-456f-b0a2-4402ce41ad29,2023-12-13,7471.0,Toys,180.2,7
4f8d4aa3-3b88-4572-ac6a-910ece62fbfa,2023-07-28,3734.0,Electronics,186.91,7
44b9635b-4c9a-43eb-bfd4-176a9ef63f1e,2023-01-13,6153.0,Clothing,77.85,3
eb6f4ab9-be26-4598-9104-82468cf551ce,2023-05-06,,Toys,357.88,3
2ba01e7c-c1ce-4c21-8ff1-0d1234063b53,2023-03-16,2659.0,Toys,436.7,9
386346d2-4ab7-4f3e-ac5b-98a19c237712,,8855.0,Home,496.09,5
91bbcbb0-2030-40a0-8dda-7a62860cd9e8,2023-11-19,9537.0,Home,312.78,9
5aac201a-fbd3-43ab-b50f-7357e81d1edf,2023-09-07,8100.0,,255.44,7
d6d8f611-f151-4dfd-90dc-3613b75194e5,2023-11-22,5376.0,Clothing,200.23,3
876303aa-2e55-415e-8e7c-cea600b3915b,2023-08-02,3484.0,Clothing,-46.75,8
3749261b-f451-4e92-8f5c-bff71429ecf3,2023-03-26,9085.0,Home,426.04,9
f0722590-21e9-4f25-9cbd-17045a76cac5,2023-06-19,6349.0,Home,126.42,5
30142ef6-d859-4f65-a7b7-d2ab3f286b00,2023-09-13,7630.0,Home,115.69,4
c04bf92f-8e45-443e-8b19-a8979f1aac2f,2023-02-20,9883.0,Toys,45.16,2
9faf7730-3d22-4811-b4db-7df2cdced8e8,2023-01-30,8137.0,Toys,469.11,8
22e626e1-f0f1-46ce-b306-8fe83cada905,2023-04-20,7640.0,Clothing,83.8,2
e974bb26-19af-47ca-8a3c-448862fbfa35,2023-01-05,3458.0,Electronics,350.2,8
1c56652a-2d23-42ff-91fc-35ba80852993,2023-07-07,6853.0,Clothing,24.28,10
4b34eb32-4486-4e60-8b37-24694806efae,2030-01-25,3784.0,Toys,309.64,5
b3bf48d3-30cf-4e0d-813e-89acce52bc96,2023-05-14,3578.0,Electronics,145.43,3
05405839-a2a8-4aaa-a34d-a723af4ee97f,2023-07-03,9337.0,Toys,398.16,4
fe2bffeb-ab5a-4d81-a68b-61376c0e56fa,2023-03-21,1602.0,Electronics,67.42,6
046a1ed1-8b70-46e5-91bc-626480d8dd15,2023-09-04,8132.0,Home,239.25,-4
e6863dd1-474a-455d-ab0d-c555e6b66f93,2023-01-26,1514.0,Toys,330.87,6
177ff291-9f77-4e71-b8c4-b4b4ba6d2d77,2023-12-29,7919.0,Clothing,-11.62,8
79dad52f-b8ea-4271-9191-bcbfaade7866,2023-01-22,3299.0,Home,211.85,6
39e5ad24-9451-4eeb-9a50-a5186bd074af,2023-01-02,2713.0,Clothing,331.04,9
4a203d61-4756-4723-b52d-d01cbf59c598,2023-10-30,4222.0,Electronics,275.83,1
7d12f81c-5ede-42b5-ba33-dad9741eac43,,2028.0,Toys,119.32,8
1c835413-e96d-4e97-bd19-ff030d28c43d,2023-01-20,4759.0,Toys,25.07,7
950c7e14-23a1-4901-bb9d-80ac32df7e2d,2030-01-07,2246.0,Toys,-7.44,5
2c488dd4-85a7-4399-b51c-6b3682618c9e,2023-09-12,4496.0,Electronics,197.57,4
c51c1180-08c9-4f97-a393-c4fa3783b10c,2030-02-24,2305.0,Toys,-43.64,5
dce3260b-7e55-457e-8e2d-02e26ca3c4c6,2023-08-07,4343.0,Home,276.6,2
d2888c7d-a493-406b-8043-4c8a2e73b3d7,,4924.0,Home,228.39,9
d033123e-199e-4488-8c58-354ea9c9c26f,2023-12-09,5559.0,Electronics,98.7,10
0fc95a9f-54d9-4a50-bfd2-6bcac560aa8e,2023-02-14,2039.0,Clothing,317.63,-2
63303148-ed44-4a5b-adc5-b595d6a97ed4,2023-09-20,7593.0,Toys,38.12,8
88b7fa0d-c738-437c-b6a4-e8e92f89d7e1,2023-06-14,7043.0,Toys,13.48,6
c9f2e6a6-8f73-4c0c-8a87-28d179172f82,2023-06-11,8593.0,Electronics,279.02,2
9cdea452-1979-47bd-862f-9b5fc6a23949,,6194.0,Toys,32.18,3
ea423e9d-e5ea-4fe9-943c-ca63be125d4b,2023-03-20,5598.0,Electronics,251.65,1
f5eedf61-57e1-4791-a3a7-bfad55c2f000,2023-12-31,2524.0,Electronics,135.78,3
e8d77274-bac9-4852-88d4-d93cdc8cd1ac,2023-02-10,4793.0,Electronics,290.79,9
517f659e-7e17-4f04-adc2-dffb42fecac8,2023-07-26,1667.0,Electronics,30.77,10
9e73be49-b3b6-4003-9461-225d82706e83,2030-03-03,1696.0,Electronics,282.79,3
195e4b9d-73dc-404b-8a8d-da705a883740,2023-12-25,2701.0,Clothing,370.24,4
797970c9-b2f7-4750-92e1-2803de7e1f47,,9568.0,Clothing,217.71,9
1a549528-eead-4a51-a755-b741208d271e,2023-10-30,7742.0,Clothing,354.92,1
47027f6e-ea6d-40cb-ab7b-9f40fd984fdf,2023-04-08,5144.0,Electronics,356.98,1
f054137c-fa72-4dc1-9781-7a1309b757c7,2023-03-10,4573.0,Electronics,415.84,-5
a99bc563-b607-4e86-af25-5c39ea43d51f,2023-03-17,3019.0,Toys,141.16,3
47e26ba7-d983-4b69-b019-380087312939,2023-12-07,4977.0,Toys,0.0,1
4632622b-e591-4bf0-99c1-82a3c0094b13,2023-04-15,7773.0,Home,11.81,10
e2b0bda3-6ab2-4eb9-b0ff-0f20a4761010,2023-04-25,8362.0,Toys,242.77,4
3ed5b7e0-b3fe-41a1-bc27-4b7e835ad364,2023-10-10,9350.0,Home,346.5,5
a2f02f1f-4e81-4309-9b9f-888b58eaaacd,,2755.0,Clothing,280.2,9
a599ac66-5983-49e4-b5ac-526597c009a4,2023-09-28,1055.0,,286.14,-4
3171ab8a-03bd-49af-a603-69c3f560e831,2023-08-06,5115.0,Clothing,480.52,7
711971ab-0ff3-4a92-b0c5-6078338b8a30,2023-05-06,6320.0,Toys,249.11,2
b7ebe6fa-877d-4c7b-9cf0-e6057b7bf68f,2023-04-29,7729.0,Toys,55.79,3
be72324a-5cd5-4947-8052-1ca31e318487,2023-07-09,2586.0,Elctronics,323.29,2
26fa63d7-f643-46a9-82de-dc8093f46771,2023-03-02,2532.0,Clothing,272.83,1
9abe13c1-b7a7-49a5-aae8-e0b3e7484915,2023-04-21,7747.0,Clothing,216.42,8
74489c7e-190c-4935-a399-7f357940be3f,2023-02-19,1349.0,Clothing,93.8,5
3c4e75da-d368-46f6-b4a9-9bfd6b323b1e,2023-04-26,3203.0,Clothing,381.74,2
168751cd-fef5-4824-888a-b409de819e51,2023-07-13,1124.0,Clothing,58.72,3
e312e098-8f25-4af8-bb20-41f57a626e96,2023-12-25,3722.0,Home,498.62,8
34629c30-86f5-4794-98cf-6bd8e6922870,2023-08-16,5574.0,Electronics,387.42,10
b89c9530-d14c-4494-9998-b918e86de62f,2023-01-28,4764.0,Electronics,326.58,1
410b3669-d7e8-44f7-b6b4-69d31b040007,2023-04-29,3071.0,,124.54,9
64fd2bca-ff49-42c8-8891-d6d9261a00ef,2023-10-09,3231.0,Toys,402.42,9
def7b372-1fdf-4a93-8d76-455daba0a0f8,2023-08-05,9957.0,Toys,424.38,-5
ea549567-84c1-4a2b-bf53-a27a747b3b93,2023-12-20,1396.0,Electronics,404.95,4
17c55182-32b3-4d28-85f3-af31e1cad632,2023-08-13,9831.0,Clothin,361.02,2
7a4b0cd2-a7de-4da7-814f-785e17bf32d8,2023-05-29,5786.0,,272.31,2
c7e631b3-083b-4324-b30a-db25a21c873f,2023-05-28,9215.0,Toys,236.32,5
2159e31a-3155-4507-80f8-13e1b881503e,2023-11-22,6594.0,Home,283.69,5
34766d1a-1760-4c2d-9564-ad739ea5eb82,2023-07-09,1802.0,Toys,24.49,4
a233c2ea-3c72-4d9c-a9b0-0ac4d5508375,2023-10-13,8537.0,Electronics,476.79,3
f369d4a6-3f2f-4439-8096-50da2ae8cf6f,2023-01-25,3005.0,Electronics,370.56,3
c9a6a55a-6cfb-4fa8-b0dc-51bbf3476808,2023-05-08,9448.0,Clothing,137.56,7
80321cd6-5b6c-4b0e-83ed-228bbf366f8b,2023-03-29,9547.0,Home,125.14,6
9311df81-81d6-4561-a325-f9a40e9095b2,2023-08-09,4504.0,Home,411.91,7
8850eae0-af01-4f61-8019-0a8a5ac61b97,2023-07-11,5761.0,Toys,187.68,4
4af00e4c-e228-4016-8b6e-a858896d734a,2023-01-12,2386.0,Home,480.19,1
2bbbedaa-7dd3-4694-96f3-b21b6779de07,2023-07-08,4955.0,Clothing,364.12,1
0aa5a03b-0a7d-4ad2-bf04-70c6f6fdf002,2023-05-29,1942.0,Clothing,383.7,5
c3c31717-97f8-4374-8767-cf175b2315d2,2023-03-04,7467.0,Electronics,230.1,2
40f9e3ee-2215-4313-b640-7de243d75d64,2023-04-12,4950.0,Clothing,323.79,7
3b6f797e-3752-4203-a82d-9063aef86eea,2023-02-12,9272.0,Toys,429.9,9
c0036f8a-d1c2-4dfa-b55c-349a4fe8eb4c,,4028.0,,-44.77,3
e05b9fee-ebde-412b-a441-864adfb07b2e,2023-01-07,5004.0,Toys,489.61,7
242d9289-61a5-47df-ba8f-363670ad7bf9,2023-12-15,4501.0,Home,159.06,9
de52e093-cf45-4bf6-8551-94177596404b,2023-02-25,9834.0,Toys,73.95,3
7d655436-7d7c-4dbc-be52-d292ac4786a5,2023-09-16,3422.0,Home,131.3,0
7d161c07-7112-4986-980f-5a3c79d49402,2023-09-24,9783.0,Home,172.06,7
849a46b0-bc18-4b64-b9fb-ba8f9fbc85f9,2023-09-23,2572.0,Electronics,438.04,6
7ab05e45-3c15-4625-a716-e6cc9b13cc20,2023-02-15,1446.0,Electronics,54.47,6
666d6947-1abe-4c1c-b243-78bc535142b1,2023-09-18,4004.0,Toys,451.7,5
31f7c1bf-c77d-4de9-9651-8172a24a354f,2023-03-01,4966.0,Toys,122.53,9
38daaa83-28d2-408e-9004-4caad8add55f,,4829.0,Electronics,228.51,1
004c06e7-da82-4363-9a96-5564b538ab9c,2023-10-25,2062.0,Clothing,229.29,7
769d60d7-b81f-4db0-b558-125c3d791531,2023-11-16,7893.0,Toys,415.99,8
fa02d7ad-708b-4bc6-9cb8-abfec64de17f,2023-03-16,9769.0,Clothing,150.73,10
d5f915d7-47ad-4419-b4d7-0b60a02830c0,2023-04-10,3869.0,Clothing,484.71,1
1fe63d3b-a8c7-4d52-8b5e-93b3f4229c5c,2023-10-13,8749.0,Toys,20.11,5
68322df6-2be3-4764-85b6-0fe4cb12115f,2023-04-27,9519.0,Home,262.5,1
c32feddf-f8d3-44d2-a585-dcd76f86ce28,2023-01-02,6647.0,Electronics,285.3,3
12e337d1-9ec1-4f66-a3c6-6ca5d895d8b0,2023-10-06,3402.0,Toys,317.02,9
923eba43-b67d-4561-a728-94d6d2d42d48,2023-12-11,3387.0,Home,376.46,5
37fe79ab-4d3b-4a55-b76c-1be43d2468e5,2023-10-28,6091.0,Electronics,86.3,3734
e25d2eec-d648-4bbd-a304-187364ef15cb,2023-07-20,7378.0,,105.02,10
c04985ee-7c92-4720-8aec-fe9ca8923e9c,2023-01-14,1785.0,Electronics,150.05,6
5297a17a-cd2a-4f54-ba91-f31ecca3fff4,2023-04-01,9549.0,Toys,29.9,5
a47208a6-bc86-4628-826c-d3d6d12424d2,2030-03-05,8219.0,Clothing,443.29,7
dddb1b09-9e5b-4245-9959-8107a6ed4a5d,2023-06-26,1318.0,,239.7,3
4019eee7-f918-49cc-a0cf-eda1e7619a33,2023-02-04,5317.0,Home,105.32,6
fce0cf74-8598-4ed3-ba98-2e1f1b6411d8,2023-04-14,6648.0,Toys,10.27,3
a4674a13-b9c4-4d6e-85c8-a4e698ea949c,2023-03-25,1007.0,Toys,336.47,10
0cfd087b-e7d5-489e-99bf-54443149d90a,2023-04-08,4575.0,Home,364.36,1
79e4d3aa-b985-4205-99f7-56dbdb937a02,2023-09-19,1704.0,Home,228.61,7
a90d5a3b-907b-4180-b313-b0d271b1633d,2023-03-14,8589.0,Clothing,417.81,10
7d6aedda-d44d-49f1-9777-596fceea5d32,2023-11-18,4168.0,Toys,368.6,10
373ea400-5054-45de-873f-b3ae16d40ade,2023-04-29,9836.0,Clothing,207.17,8
c4d205a2-d078-4f20-a85e-2b4a9f456f78,,9922.0,Electronics,204.32,7
794afeb0-c7df-49c6-bc97-c942c0212e64,2023-01-08,6981.0,Clothing,94.32,3
a16c533c-fab6-4d81-896c-7188ee88febc,2023-12-04,,Toys,205.44,3
759c187e-361e-4145-90a2-5e9d22b67809,2023-06-17,7519.0,Electronics,342.52,9
bf0a47ac-9c6c-4fc1-bae9-5d2439ea07e8,2023-01-09,3594.0,Home,347.44,7
5e266a12-1ab6-4bd9-a2e7-8635fdc53ebd,2023-12-21,5108.0,Clothing,423.84,2
955601ee-b889-4398-8cbf-e15061f522a7,2023-08-20,9940.0,Electronics,181.68,7
10f29f81-b25e-4600-9569-66bf0eae34d8,2023-10-04,4059.0,Home,308.94,8
c27f2131-3b71-4735-a986-8ae9525cd4a5,2023-07-16,9879.0,Toys,81.19,10
121f3d25-ebee-477c-8b98-7fb13cf13381,2023-01-20,9718.0,Toys,397.24,1
39bb53ed-0d06-44a0-8ac9-cca34d0d2d7f,2023-07-19,7241.0,Toys,66.79,6
e705b2c5-79fd-453a-ada8-6d9e7fd73bbf,2023-04-04,9578.0,Clothing,307.64,3
6074af58-b498-4564-a06d-5199b54fde6f,2023-05-18,7412.0,Clothing,288.43,5
d7b7940c-76f1-40f6-ac79-aad14f23276d,2023-06-17,4057.0,Toys,197.59,10
3fd74494-2dd0-4e01-ab00-1025fb5a1817,2023-06-25,9679.0,Electronics,254.72,6
7de91fa2-9044-49f9-b8e3-0782a1c09d14,2030-03-24,9022.0,Home,-34.3,5
ac85c7a9-6968-4349-b592-d5013b7b65de,2023-11-18,2965.0,Electronics,243.2,9
75beb11c-06c0-4b40-9ffb-2b9f1e29fa6a,2023-05-01,5409.0,Home,166.0,6
c113e85c-0451-4c3d-adda-dda890c6160b,2023-03-30,6998.0,Toys,264.64,6
de59a60a-8b39-4c4f-9cb8-6fc5f65b8076,2030-03-21,5354.0,Electronics,48.13,7
027cf3e6-b861-4405-aaf4-615742013ee4,2023-03-04,9580.0,Clothin,8.33,9
7c24cb7f-65b8-407f-a1ea-0aeddda673e6,2023-06-28,7589.0,Home,389.05,10
32eda7d2-eb70-4aef-a058-6241b33d3a7a,2023-08-19,9829.0,Clothing,257.55,5
021f426b-1b0f-42a2-8d94-263f5aee858e,2023-10-29,7913.0,Home,147.58,10
e0a9b04e-e498-4abc-b49d-e1850969af6c,2023-12-21,8014.0,,-48.07,4
cfd2aa43-0b2c-41ca-a230-f9c938ae1ecc,2023-02-07,4873.0,Electronics,39.28,-3
41d0790e-813f-4eb7-a837-f1f198a5fad3,2023-11-21,7974.0,Electronics,262.31,10
c0df0890-bc33-4418-ab6b-2c7ca163a440,2023-09-13,4638.0,Toys,209.57,9
da5dd891-7ce0-4784-92a4-a82eb9a5485c,2023-07-08,5717.0,Clothing,273.97,4
01d0d017-f3b9-4bbd-9942-c534efd0e7ff,2023-11-07,3346.0,Home,370.46,7
671107ec-1ce2-498a-a282-638fdb95def2,2023-10-11,8588.0,Toys,334.25,6
cb475514-a52a-4719-ac71-3edb59f0a93f,2023-07-05,5352.0,Electronics,257.91,8
9298d40d-34be-44d5-9fde-ef7b0dc98ac3,2023-05-04,2675.0,Clothing,324.48,4
27bbb31a-1a7b-4371-9288-110af1c2b675,2023-04-22,4049.0,Home,477.82,7
3c9c95bc-9561-4271-8a60-64f301fa64fc,2023-08-07,6356.0,Home,122.05,4
e3d9b4bf-5164-431a-8577-41199b2a43df,2023-10-04,4329.0,Home,324.08,4
07ee5071-dd13-45e0-9ba0-194e6a6750ff,2023-05-07,1320.0,Home,251.57,8
9ce82409-2be8-4348-a748-ac746c3ae521,2023-10-26,,Toys,127.01,9
bdb70b26-1834-49ec-b613-4a4717d30934,2023-04-20,9033.0,Clothing,457.92,2
cf753521-97a2-496f-9259-dd7915cb4523,2023-01-28,9978.0,Electronics,305.26,9
af1790c1-0e2a-4f4c-9c3b-840d955dc30c,2023-08-13,6723.0,Home,122.21,1
92aab440-88a1-4524-b161-fcf086f8ad86,2023-06-04,4871.0,Home,418.42,10
e84964be-1d55-4131-b87c-4abd80b8e6f7,2023-01-12,3444.0,Home,103.43,9
31efea57-c83b-4035-bc75-97f2bce03087,2023-04-11,1080.0,Electronics,51.0,1
c4e9c36e-8aca-4020-b56b-b0bfeea62bd7,2023-03-01,4395.0,Toys,74.12,2
0fb1281d-8800-4b71-b64d-dcd8a54ace2d,2023-02-23,3121.0,Elctronics,362.88,8
8b5ba830-0c2c-4038-84f1-36734d3cfa8e,2023-11-15,4507.0,Toys,11.64,5
02465a0b-ae01-4234-9e4c-5755b69109d8,2023-05-25,3885.0,Toys,171.89,0
13f5d00f-a5db-470c-afb3-21a440ee4676,2023-11-02,5697.0,,186.53,2
ef49afed-1b51-46f4-b9e9-ebe5ab70fdb5,2023-01-01,4516.0,Home,250.8,-5
4bb64e96-1f1c-493b-a0e8-a57887950bd6,2023-03-14,5513.0,Home,382.47,5
d7e5a73a-ff04-457e-97aa-ab4173008636,2023-03-21,1420.0,Electronics,85.17,1
72eda947-f26c-4beb-977c-61f685aa210d,2023-08-15,2398.0,Electronics,430.71,2
d978135b-c1ce-48c9-a4dd-dd082cc49d51,2023-03-23,1124.0,Home,13.35,8
79e3a3f5-6a55-4054-b6ba-23ae620cff06,2023-08-20,7038.0,Electronics,390.3,3
2c000a09-7ffb-4a90-9163-dbd0a82bb0cd,2023-02-24,3242.0,Toys,-47.84,9
dc321b92-14c7-4e51-a08e-73fce96ff2b4,2023-07-31,4765.0,Electronics,26.1,-5
0a35ed33-5d05-442b-bba1-e6816d0668c1,2023-08-18,2759.0,Clothin,35.1,7
5650c2a9-d4ee-41b2-8333-04e5d0b2cc8d,2023-08-25,4755.0,Home,141.4,3
569c06e8-1cdb-4a18-83e7-697050be4165,2023-01-09,8128.0,Home,300.1,9
7d4aa144-cb59-4671-b6c0-de6b2326cee7,2030-01-26,4282.0,Toys,445.37,6
912a7365-6cdd-4026-8347-c08e3004a6a0,2023-03-12,,Home,158.75,2
6e5329b7-0fb1-4232-8b19-07955a0a53fe,2023-10-29,8956.0,Home,135.03,9
7d4f9338-55ef-4993-b802-b21596652301,2023-12-25,5416.0,Electronics,131.48,10
9ba38150-2564-4465-9b94-69de05dfb5b3,2023-09-12,7471.0,Toys,103.34,7
8f69f60d-5725-475f-9dd8-a8daf925b10d,2023-05-30,2672.0,Electronics,476.51,4
3d5a53df-c0d9-4e0a-b1a8-05dde1f28453,2023-06-15,8158.0,Home,497.86,5
c789e981-3ba9-4e4b-9f65-05aebee4c7be,2023-12-05,3286.0,Toys,89.91,3
0d43c9b3-3b22-4d1e-ae2e-d5a0710f0c60,2023-11-19,5251.0,Electronics,376.71,10
d83152b2-f9b9-43a2-af9a-b2dabcf2f889,2023-02-27,2368.0,Home,408.58,7
ae0b6a5c-d096-44bc-b925-2f0ec343794a,2023-03-12,3633.0,Home,120.4,6
26dc7050-da5f-4fc0-9be2-4d6de086ff5b,,3827.0,Elctronics,239.27,4
2cf5addf-41bd-4180-aa17-02b27a32b7f5,2023-11-01,7606.0,Electronics,252.34,3
3324e23a-3fd6-4ee5-a808-286e120c4aa8,2023-09-16,3464.0,Toys,26.35,5
2a115fb0-0f13-423b-8c71-2f4c099627ed,2023-10-25,7938.0,Toys,92.63,9
22f8865a-f1de-453f-a476-3b3be867d224,2023-07-13,6800.0,Toys,442.96,5
b021299e-9f57-4524-a5c4-0551c893c30a,2023-10-07,5073.0,Toys,-27.8,1
38129f7c-381d-4a2c-b60f-20213f1b8d70,2023-07-17,3332.0,Clothing,273.6,10
426a04c1-9393-4bd2-9f88-52145c310010,2023-05-17,9759.0,Clothing,73.04,9
257bce48-5f85-40cf-8d6a-30c95ebf4590,2023-08-06,1361.0,Home,60.91,4
629f72ff-05ec-45b0-95b6-3366c8794f9c,2023-11-04,3674.0,Toys,361.26,4
97b5dc8e-d3a6-41da-9469-3a8f952fbf7a,2030-02-02,6262.0,Home,455.45,5
f16adcb8-9a97-4e80-b4c4-cf99052999d3,2023-11-12,2595.0,Clothing,394.91,8
588c8e18-5a0f-41b4-8d07-d93dd86fbe10,2023-02-03,9450.0,Electronics,366.1,9
bca6de78-8e65-4de0-85cb-d89a7a6af75f,2023-08-15,5437.0,Electronics,313.16,5
0a2f6c65-f0d2-4c32-bcce-21b1e958ae8f,2023-10-03,5079.0,Toys,285.77,6
b2192d17-ed10-415d-8aaf-7c97ec16a01d,2023-06-10,1807.0,Clothing,241.49,7
ded9e320-fdad-41d5-99fc-6ce165bcd9e1,,2857.0,Clothin,300.02,7
7141cbd9-349c-409f-9e7e-3908bd0eef34,2023-07-30,3060.0,Home,245.33,10
6dc8fd10-be9d-492a-b1f5-01ec14dd67dd,2023-09-29,5099.0,Toys,140.62,10
d3d29a47-bc74-403a-8f4c-a75e22a95a51,2023-01-26,6355.0,Electronics,160.8,8
948e9855-2f32-4a5d-aecc-af8485301d86,2023-10-20,8382.0,Home,255.68,4
ddd34db6-2ff4-4d01-849d-32a962abda2e,2023-07-27,7246.0,Clothing,148.15,10
30d5b300-6763-4c52-bd4a-345238f90982,2023-01-28,1150.0,Clothing,80.32,8
fdc69fdc-bd41-4fc5-b33f-a0c51ef8878c,2023-12-22,8765.0,Home,56.31,2
e0197d00-9be9-45ec-a71b-8745a626b03a,2023-09-15,5115.0,Toys,0.0,2
1dd561cb-82f2-4d0c-946b-e11222515341,2023-07-22,8883.0,Clothing,291.03,1
c272324f-4225-42ff-9cab-0544b277fbd7,2023-03-11,7693.0,Toys,460.16,4
654f52bf-e90b-40fd-b797-c941f233b49a,2023-06-25,4735.0,Toys,233.3,3
a36ec982-35d5-4703-959a-ed6c0bb84f0e,2023-09-21,3864.0,Clothing,184.2,1
21729933-e342-4aa5-9425-da84ea51c3eb,2030-02-24,5169.0,Toys,102.42,4
cc50018c-51f3-4fd4-83fb-0c77d3291e3f,2023-08-18,5677.0,Toys,408.72,7
92205df6-fdfd-4571-9648-b34a17e1740d,2023-05-31,3725.0,,344.12,6
10f528c2-6ce5-4c2f-965f-c38336c3dfaf,2023-02-01,2102.0,Clothing,358.81,4
d7687e62-46ef-4e4b-a561-4999a400c177,2023-03-16,5370.0,Clothing,0.0,2
32ee1ce2-24ca-4774-96f9-4fde3dd64640,2023-07-22,8217.0,Electronics,90.26,6
cf5789c1-14ba-4184-b814-fff357fa817c,2023-09-30,4444.0,Electronics,227.92,6
c4275f28-cc48-4437-a17e-33d7fefed8af,2023-03-17,9792.0,Home,402.93,10
c6ad3442-b5e0-4df6-a8c8-6deda2ce960e,2023-12-20,1998.0,Toys,242.27,3
745c3225-e827-46d3-b336-83c8f3b0d434,2023-02-15,9854.0,Home,105.85,8
6153b149-2277-4f4e-aff7-88f25857c8b5,2023-10-18,2690.0,Toys,82.77,3
4da8d099-e2e9-463d-a584-9fadcc2e67ac,2023-01-26,4474.0,Electronics,-38.73,9
ee23170d-3d17-4cb4-956a-f3a6b601d9cb,2023-02-28,1742.0,Toys,276.13,7
5182941c-c6b3-4837-9d01-a50f8c369ff3,2023-05-01,5740.0,Electronics,394.15,9
6ec76284-16a1-400d-845e-a5861cb3bb3f,2023-06-08,7695.0,Electronics,387.68,-2
59460200-66cb-4a3a-9491-c14d99e5860c,,5570.0,Toys,14.67,7
034e088d-ae83-491e-b6ff-6c20a59b40cd,2023-01-07,7438.0,Electronics,446.45,1
bbb93717-73b5-401f-9e95-b8ff3adec338,2023-02-21,7534.0,Home,263.78,-1
abcd151f-25af-4e2b-a1e5-b455b521c458,2023-10-08,4314.0,Toys,393.53,9
65603413-cf59-4fc3-b17e-1de8045102f7,2023-10-17,2938.0,Toys,20.16,6
ba5876ea-4ed3-4471-9324-e97e20303b41,2023-08-21,7177.0,Clothing,-45.74,6
2d05480e-a086-446c-9485-e8d5d8878334,2023-09-25,4060.0,Electronics,0.0,6
db3e9feb-3fb2-45f0-a21a-443f69221595,2023-08-25,6918.0,Electronics,354.5,5
f9bb0131-c50a-4a49-a2f5-d778bd64bd6f,2023-02-08,2582.0,Clothing,298.15,3
6f71581c-1ce9-453a-a011-9376e9e6f743,2023-09-02,6476.0,Electronics,457.14,5
c6518138-1356-4616-aaca-57e13cbd2ae8,2023-10-11,6678.0,Electronics,67.58,6
bb2657be-6886-4552-a753-13e88890b909,,1295.0,Clothin,449.75,8
0a736579-0a8a-4b31-88a9-e69aa2a0caf0,2023-05-23,8700.0,Home,143.6,9
3a5b49ec-fdae-493e-9397-f592bb4fc9df,2023-08-20,4938.0,Electronics,462.48,8
9b83b0e9-0dfd-4acf-b0ef-8f8064accc2c,2023-10-15,1966.0,Electronics,443.52,2
47cd190a-399c-4ce8-a840-2269c6f77e92,2023-01-23,6942.0,Toys,103.81,-5
92604951-26c1-4bb1-b456-a7f1ebbcae5a,2023-12-15,,Electronics,159.57,4
e817013f-facd-4eca-9461-b86d5ef23138,2023-10-18,9550.0,Clothing,70.1,2
0380fe54-74dc-4922-b642-78ec7bc25bd8,2023-11-16,9432.0,Clothing,45.91,2
62faa22f-4d3e-4d3f-9d39-bf6c00d04bb3,2030-02-12,1743.0,Toys,236.79,6
0aee9377-a146-49d9-8155-884bc99837d4,2023-05-04,6527.0,Electronics,275.11,-2
f399c81c-7cf1-4b40-87a3-2dac46a49d2e,2023-04-23,5118.0,Clothing,162.37,5
16d4caa4-9bc2-4e0f-a383-103518fad3fb,2023-01-25,6420.0,Toys,199.77,2
4fab148b-0514-4202-826b-9e892827909a,2023-04-16,3994.0,Electronics,384.0,5
67c43c08-195a-4a05-93fb-e7807589673a,2023-11-04,2666.0,Electronics,256.22,1
8cd35d18-5903-408f-bf56-4718003c2d3a,2023-12-27,8293.0,Clothin,206.03,6
ae4c4f0e-57b2-4263-afbd-6fd22c856a48,2023-12-24,2362.0,Electronics,451.05,6
48b1efcf-78b2-40c2-bf08-0b8c0bae2864,2023-03-22,7843.0,Electronics,111.23,6
d5a6aa03-ff09-4acc-b50a-83824561e69d,2023-12-18,5253.0,Home,478.15,4
af6355c3-c031-46ba-8b93-f5e7cbe7cb80,2023-10-09,1811.0,Home,334.88,7
afe4b2d3-c513-49b3-98c0-859889fb6e13,2023-04-21,5981.0,Clothin,142.33,4
40ea1af2-1443-40e0-9e9b-77bd4670e18f,2023-12-24,5656.0,Electronics,171.72,9
745c4f89-71e2-4b36-9b17-7f021a57ac10,2023-05-05,7124.0,Electronics,34.37,10
50db59b1-a72d-4570-9923-3a9f83c877be,2030-01-03,7517.0,Electronics,222.42,4
5bbee8ae-aa64-4e56-942c-8703b6d3d0c2,2023-12-22,3053.0,Clothing,292.62,4
e518895f-b177-4ae9-9ada-e9940bcdbf32,2030-02-20,9040.0,Clothing,0.0,1
52afb3f9-5023-4120-b81e-76c31d4bf9d5,2023-07-14,6129.0,Clothing,131.11,10
d54af4ef-bd72-45a2-bd05-135a21b3e405,2023-04-24,6041.0,Electronics,24.72,1
893dd7c6-590a-4496-8600-ea20b9f8bb9a,,9863.0,Home,451.91,4
896a3204-a6e8-45c6-990a-89993dba161f,2023-01-04,5613.0,Toys,283.47,6
bb7e007d-5da1-42a7-8f84-52051f810c74,2023-02-14,3801.0,Toys,119.32,3
e9d9e0c6-449e-4770-bfa5-e0c5f7e21262,2023-03-14,8496.0,Electronics,445.51,8
686e8e8d-96b9-4df8-8c00-b7e9c9b142bf,2023-03-24,4697.0,Clothing,88.28,3
40d17df4-9465-4dd9-8e8c-03cdde9a4b8f,2023-09-26,3039.0,Electronics,219.7,4
e6bf6767-2bb1-4e63-b3cc-3f33fff2ccce,2023-10-09,2336.0,Toys,353.47,1
2ce23273-206e-4c80-aaab-879bf434e7f5,2023-06-23,4872.0,Clothing,306.28,8
d63c481d-e350-44f0-a3bf-a71149fc5c03,2023-05-22,6434.0,Electronics,73.36,1
93f2f9dc-5af9-4223-afcc-453c2ecbf462,2023-11-11,5825.0,Clothing,34.28,5
5b2d9fb2-81d8-4dbf-b892-a2ea6bd15395,2023-09-26,2797.0,Home,352.04,1
68e74345-66c2-429f-ac7a-bbbbbc358307,2023-01-26,5538.0,Clothing,222.26,2
6e3c7c29-95af-4a50-9747-eca51b8e6b33,2023-01-22,3140.0,Electronics,6.43,10
152b9980-253b-4af1-b16d-705441f73cb9,2023-08-22,8530.0,Electronics,385.11,10
61dd205b-13e0-456b-b89f-9b0f2f45b420,2023-12-18,2212.0,Electronics,375.79,1
5e340ef7-0fb0-4a89-94af-12fe5f5782c7,2023-10-05,5520.0,Clothing,434.97,1
a0908e39-1cce-4723-b9bc-6c839ffb4063,2023-10-13,7038.0,Toys,446.01,3
e99dc6b0-92b0-45e7-a7e4-338be50d3ed0,2023-07-21,6931.0,Home,153.75,-2
e3f54d84-7348-4465-a3f6-292900fa91fc,2023-06-06,4089.0,Home,-18.29,3
9005a6b0-6898-4609-a1a9-330ac28f8946,2023-08-11,2924.0,Home,73.04,9
76754999-c844-433c-a851-079a94807f2f,2023-03-19,2661.0,Electronics,493.23,10
66191203-4929-4c8a-8e72-ef9dbc4057c6,2023-05-03,6097.0,Toys,172.72,5
0a8d3e24-5db5-40f2-b81b-7d1de7954459,2023-04-06,6990.0,Clothing,105.14,4
d88cd8b8-8718-4a33-8906-c472e0775993,2023-07-07,9667.0,Clothin,390.29,5
1c728d83-56db-49c8-b711-6a824185237c,2023-07-25,5395.0,Home,123.76,5
23cb3a9b-c64c-449f-971f-bbe92bb638a6,2023-11-01,9237.0,Toys,44.14,9
42263d0b-6c7e-437e-9acc-bf8e6ab34787,,6440.0,Home,96.76,6
28950bb3-8bcf-40d1-864c-b45dfa6f0884,2023-08-17,3977.0,Electronics,72.67,2
ee45ebfd-36b6-4ef0-ac27-e17017d87fbe,2023-05-27,1862.0,Clothing,470.77,6
983c87ff-ba8f-42c9-b471-76aecc5f91d9,2023-01-29,8418.0,Toys,341.93,-1
66a6bba1-715d-4a90-9f8d-3a474171f6c6,2023-09-11,9697.0,Clothing,366.3,9
01920558-d41a-4e86-9bb7-b07cfd9689df,2023-07-05,5577.0,Toys,326.99,8
24c1900e-39f9-4689-9ee1-35b6739a4ec6,2023-11-28,1414.0,Home,115.17,10
dc89670a-8022-4163-ac8c-b749461aa4da,2023-07-28,4085.0,Home,28.09,3
4a7d3985-641d-4182-82ad-359ab4d86335,2023-02-02,1402.0,Electronics,244.5,2
99d525f2-6c52-428a-975c-87c29161739e,2023-12-06,4192.0,Home,396.92,7
492e3a2c-5322-4d30-b8d1-1ca430a988fb,2023-02-14,9099.0,Clothing,176.2,7
a20950ad-d9e2-4f99-8bc4-be12787ecbfa,2023-11-04,4055.0,Toys,360.97,4
76b1d34d-298f-4687-9974-646df8836e84,2023-03-19,8253.0,Clothing,-32.18,4
744fe2b4-e759-4066-874c-b8225a3acc95,2023-04-27,7934.0,Electronics,29.23,3
127e3430-1822-4fd4-ab32-97cbb9b65d19,2023-03-03,9284.0,Clothing,248.24,9
0b97bd2d-6071-4280-9349-d9af60bd712f,2023-12-14,3996.0,Toys,220.2,5
b12058ed-4e9a-4173-bba5-b1c5c1b53e4c,2023-06-16,8251.0,Clothing,491.17,3
e7b67c95-4b76-404e-b65c-8215f8b1e413,2023-11-21,2738.0,Clothing,429.74,3
c9cf5fc1-da73-44dd-ad6b-a682df45f83c,2023-07-27,1936.0,Home,450.61,8
814ade77-4072-4a17-86bb-eb1242f09e34,2023-11-28,2879.0,Toys,8.12,9
3d98a216-1304-4bfa-98b3-c54b986bf438,2023-12-01,6307.0,Electronics,203.64,7
104deb27-6542-429b-ba08-70cf2b676e77,2023-08-31,6986.0,Home,162.62,2
a4714681-439c-4b30-be34-291ab9c72d48,2023-05-18,2179.0,Home,286.94,7
92e96f1d-4b36-43cf-a950-450dea475ffa,2023-06-14,8386.0,Clothing,406.55,-4
41681094-d2de-4966-942d-ef07cb7eb9d4,2023-01-08,2165.0,Electronics,79.09,4
1ae9d73c-c1c3-4519-9c62-ef7f11297bf8,2023-11-14,7611.0,Toys,263.99,8
ad8479e7-71cf-40da-866a-c5d9e1b000bf,2023-11-05,4037.0,Electronics,290.5,9
7c946796-4e53-44ea-b47e-4b61f5a19c8a,2023-11-23,4407.0,Home,316.83,1
7741d142-e590-4834-a1b3-c7f4252111f9,2023-10-24,6486.0,Electronics,179.23,-3
8cb3cfae-e42e-4361-b851-f3a9b6fb6d99,2023-05-25,8472.0,Electronics,0.0,7
d09e8211-12fe-4964-9b4e-5a90ea96d078,2023-08-11,9133.0,Toys,49.07,6
f19d050a-5f20-485e-9664-f81cdde5524d,2023-05-12,6416.0,Home,103.59,5
44a497d7-666a-4310-9dbd-479bd73508b2,2023-08-26,8231.0,Home,115.26,10
bc81cf18-e1ab-4313-8ac9-6889084d6a7b,,7029.0,Clothing,216.15,6
092a8a92-341b-41ca-97b4-17409a0537bd,2023-11-14,6495.0,Home,152.78,5
95b1e90b-0578-4058-be58-582cc7a10d17,2023-05-12,2195.0,Electronics,296.6,5
24da3446-706d-49df-bf09-f3288c1c7e74,2023-04-26,5417.0,Clothing,167.45,8
d74bad62-ec07-42c7-bc0d-9d336ceeead4,2023-10-22,9735.0,Home,483.83,8
3fd6f953-6a50-46cf-bcc0-b2c81af6ac6e,2023-02-28,8843.0,Home,100.39,6
5f6d9095-1b30-49b3-b4f3-5a2bc104cd23,2023-03-09,3058.0,Home,155.67,10
a8fe3bb6-10f6-4c46-ac9d-1ae568bf04f0,2023-01-15,3317.0,Electronics,368.25,6
dcb6f570-937d-4a1a-af6b-2105304b7d2e,2023-04-08,6419.0,Toys,217.97,10
86b21ac3-6d21-4ac8-b917-f8d0af8a78b5,2023-12-28,6906.0,Home,40.88,1
3897042f-b507-47e7-93a5-e3faeb19fea0,2023-04-04,4121.0,Clothing,158.46,4
62801916-64bf-47ed-b772-22df7a4e8a05,,4800.0,Toys,401.49,1
aee357ac-916f-427b-928f-e006bc917287,2030-03-25,6141.0,Home,29.81,8
a3faa894-6917-47aa-8356-99c61d6c5f3d,2023-08-27,5317.0,Clothing,118.05,1
d3f80700-41a9-42b6-9590-c334fed7fa68,2023-11-09,5592.0,Toys,378.18,3
3158b0aa-275b-4225-b7ac-890334c4921d,2023-04-30,1152.0,Toys,106.18,-5
418c75af-be4d-46be-9a78-c87e2b0bae59,2023-08-28,8224.0,Toys,408.81,8
0bc81dc8-0148-417e-8d35-13e23cc11571,2023-06-11,5081.0,Home,43.73,10
e5b0c706-5778-4ee2-b577-fe45f0f76f6d,2023-09-07,3795.0,Clothing,231.93,1
95d68cf6-27f8-4b0b-ad5b-3b12e05ac495,2023-03-25,3169.0,Electronics,209.73,9
a190239a-4e70-42e8-8b7a-b5d0a74f0772,2023-02-22,8803.0,Home,313.04,3
4e839775-79e4-4f86-8262-00ce7e8eeaa6,2023-07-04,9873.0,Toys,316.32,2
5b8ef846-a921-488b-9f03-ff2872c6385f,2023-01-21,6623.0,Home,363.73,4
26a23bfe-d697-47d0-8c4b-8e61e92473ae,2023-02-09,4052.0,Electronics,259.19,9
9039f0e6-988f-469c-b067-06d0a539dd30,2023-11-11,1819.0,Electronics,413.07,4
952fdc0f-0644-4a6c-b5e2-554f05cd9def,2023-10-28,5125.0,Home,59.15,8
f47fdee0-b90f-4c74-a9ba-3324f01693a9,2023-05-08,4609.0,Electronics,76.45,6
ff9ad29a-099c-48d2-bd01-790f829b9c80,2023-11-27,7266.0,Clothing,0.0,5
541a16c1-3f5e-4363-ad67-91ea8ed6ff0f,2023-01-10,5992.0,Home,-27.23,6
1c33624e-7f22-4976-bc9d-7c93e301058d,2023-09-17,6723.0,Home,250.93,7
6fd6f2b3-ade9-41a2-a6d8-4ef76e015f2e,2023-03-23,6186.0,Toys,398.42,3
3322009b-8788-4242-9b77-7d5961550b0d,2030-01-11,7543.0,,187.6,10
8a8f484c-3ee0-4bbd-a1df-01e48d3075cb,2023-07-30,4577.0,Home,204.1,3
4ed3e31f-1009-4462-b3db-2628e910fef4,2023-11-15,5860.0,Electronics,333.31,9
